Branch,Staff,Operating_Cost,Deposits_2016,Deposit_Growth,Avg_Deposits,Latitude,Longitude
JPMorgan Chase Bank Main Office,231.03699999999998,23103700.0,1155185000,101284253.0,911793714.2857143,40.14453,-82.99115
Vernon Hills Scarsdale Branch,0.0763116,7631.16,381558,15564336.0,329788.14285714284,40.97008,-73.8067
Great Neck Northern Boulevard Branch,0.055788,5578.8,278940,15540738.0,232563.42857142858,40.77944,-73.7224
North Hartsdale Branch,0.028046599999999998,2804.66,140233,15547714.0,106755.57142857143,41.02654,-73.79168
Lawrence Rockaway Branch,0.047118799999999995,4711.88,235594,15536647.0,199601.0,40.62715,-73.73675
Mount Vernon Branch,0.030389799999999998,3038.98,151949,15530703.0,146376.85714285713,40.91144,-73.83804
Castle Hill Branch,0.0221184,2211.84,110592,15527679.0,92425.42857142857,40.82292,-73.84887
Burnside Avenue Branch,0.0125986,1259.8600000000001,62993,15530553.0,49021.42857142857,40.85389,-73.9076
Gun Hill Branch,0.0177908,1779.08,88954,15530451.0,77933.0,40.87151,-73.84823
Kingsbridge Road Branch,0.0177348,1773.48,88674,15528949.0,77743.42857142857,40.86671,-73.89562
Riverdale Branch,0.0774666,7746.66,387333,15547151.0,346541.85714285716,40.88763,-73.90737
Washington Heights Branch,0.0359132,3591.32,179566,15540483.0,155818.85714285713,40.84941,-73.9337
Broadway Branch,0.026309,2630.9,131545,15521323.0,123590.57142857143,40.87913,-73.90465
Westchester Square Branch,0.0389218,3892.1800000000003,194609,15535318.0,169907.0,40.84239,-73.84501
Bay Parkway and 85th St Branch,0.0595642,5956.42,297821,15543527.0,236309.7142857143,40.60268,-73.99304
Grand Army Plaza Branch,0.0510168,5101.68,255084,15551690.0,177550.0,40.67576,-73.97135
Carroll Gardens Branch,0.015888199999999998,1588.82,79441,15526158.0,64287.28571428572,40.68279,-74.00556
Third Avenue & 51st Street Branch,0.12865659999999998,12865.66,643283,15585811.0,541455.1428571428,40.75675,-73.97008
East End Branch,0.0895226,8952.26,447613,15546697.0,366469.4285714286,40.77158,-73.95038
Audubon Branch,0.027965999999999998,2796.6,139830,15541863.0,110844.14285714286,40.83951,-73.94077
First Avenue & 72nd Street Branch,0.1072438,10724.380000000001,536219,15576637.0,442600.28571428574,40.76815,-73.95696
Soho Branch,0.1230058,12300.58,615029,15631160.0,421195.14285714284,40.7229,-73.99889
Times Square Branch,0.1065212,10652.12,532606,15560930.0,433704.5714285714,40.75658,-73.98629
Broadway Lispenard Branch,0.0667908,6679.08,333954,15551305.0,239603.57142857142,40.72258,-74.00624
Chinatown Branch,0.17845339999999998,17845.34,892267,15625107.0,661717.0,40.71668,-73.9977
Yorkville Branch,0.1070566,10705.66,535283,15532978.0,474711.0,40.77966,-73.95609
Columbus Avenue & 72nd Street Branch,0.085862,8586.2,429310,15570549.0,364905.4285714286,40.77746,-73.97885
Bloomingdales Branch,0.070785,7078.5,353925,15521256.0,318726.28571428574,40.76302,-73.96761
London Terrace Branch,0.0498852,4988.52,249426,15528106.0,198550.7142857143,40.74743,-74.00339
Tremont Branch,0.0113078,1130.78,56539,15524699.0,50387.142857142855,40.84628,-73.89296
Chelsea Branch,0.0521118,5211.18,260559,15541951.0,226190.85714285713,40.73803,-73.99857
Lexington Avenue & 72nd Street Branch,0.0608608,6086.08,304304,15534960.0,245393.57142857142,40.77067,-73.96198
Sheridan Square Branch,0.0909232,9092.32,454616,15538141.0,378797.14285714284,40.73333,-74.00262
Sutton Place Branch,0.1027922,10279.22,513961,15563936.0,448577.85714285716,40.7568,-73.96401
Empire State Branch,3.1161794,311617.94,15580897,24005369.0,3780141.4285714286,40.7482,-73.98473
Fit Seventh Avenue Branch,0.0982816,9828.16,491408,15614736.0,362411.28571428574,40.74677,-73.99363
West 86th Street Branch,0.07499299999999999,7499.3,374965,15539513.0,332344.71428571426,40.78609,-73.97107
Gracie Square Branch,0.0582344,5823.4400000000005,291172,15538660.0,245146.7142857143,40.77643,-73.94813
Third Avenue & 41st Street Branch,0.1482678,14826.78,741339,15556745.0,633210.5714285715,40.74977,-73.97518
Exxon Building Branch,0.4144274,41442.74,2072137,15588043.0,1912875.7142857143,40.75971,-73.98065
Astoria 30th Avenue Branch,0.0544888,5448.88,272444,15545758.0,205670.14285714287,40.7667,-73.92097
Bay Terrace Branch,0.0559278,5592.78,279639,15550234.0,214505.42857142858,40.77942,-73.77563
Far Rockaway Branch,0.0104536,1045.3600000000001,52268,15525057.0,46393.57142857143,40.60378,-73.752
Downtown Flushing Branch,0.249357,24935.7,1246785,15669453.0,837063.4285714285,40.76001,-73.83035
Forest Hills 71st Ave Branch,0.10403939999999999,10403.94,520197,15542363.0,438998.85714285716,40.72118,-73.8441
Columbia University Branch,0.1290092,12900.92,645046,15583555.0,543821.8571428572,40.80369,-73.96685
Rochdale Village Mall Branch,0.0222258,2222.58,111129,15532099.0,90151.85714285714,40.67933,-73.77793
Hunters Point Branch,0.0496794,4967.9400000000005,248397,15546019.0,178774.85714285713,40.74251,-73.95271
Steinway and Broadway Branch,0.0642534,6425.34,321267,15591784.0,235593.2857142857,40.75923,-73.9196
Queens Blvd and 64th Ave Branch,0.044814,4481.400000000001,224070,15530445.0,209707.57142857142,40.72943,-73.85975
Stapleton Branch,0.0112524,1125.24,56262,15525711.0,52064.71428571428,40.62683,-74.07567
Oceanside Branch,0.0585334,5853.34,292667,15593037.0,221830.57142857142,40.63109,-73.64089
Pelham Branch,0.0493888,4938.88,246944,15545519.0,214349.57142857142,40.91176,-73.80945
Rockville Centre Branch,0.10274359999999999,10274.36,513718,15566349.0,431966.4285714286,40.65661,-73.64764
Hempstead Fulton Branch,0.0198676,1986.76,99338,15530628.0,88895.71428571429,40.70674,-73.63147
Forest Avenue Livermore Branch,0.043599599999999995,4359.96,217998,15546408.0,152805.0,40.62419,-74.13831
Woodbury Branch,0.1019654,10196.54,509827,15590347.0,424160.85714285716,40.81449,-73.47665
Elmsford Branch,0.0231638,2316.38,115819,15465721.0,105200.42857142857,41.06551,-73.81447
Plainview Branch,0.0585904,5859.04,292952,15531614.0,264361.85714285716,40.7763,-73.47066
Coney Island Avenue Branch,0.044725799999999996,4472.58,223629,15548741.0,180910.14285714287,40.59016,-73.96064
Thornwood Branch,0.0368534,3685.34,184267,15542443.0,159690.14285714287,41.11301,-73.77218
Garment Center Branch,0.22155999999999998,22156.0,1107800,15543779.0,921513.8571428572,40.75411,-73.98694
Bainbridge Branch,0.0227756,2277.56,113878,15529142.0,105045.42857142857,40.87514,-73.87956
Bayside South Branch,0.03943,3943.0,197150,15536029.0,175133.57142857142,40.74058,-73.75897
White Plains Branch,0.09054,9054.0,452700,15524478.0,439512.4285714286,41.0281,-73.76476
Kew Gardens Hills Branch,0.0746686,7466.860000000001,373343,15538846.0,317608.5714285714,40.72713,-73.8219
Restoration Plaza Branch,0.0336256,3362.56,168128,15545292.0,127626.71428571429,40.68017,-73.94548
Water Street Branch,0.2138118,21381.18,1069059,15600416.0,994565.1428571428,40.62724,-74.07584
Mineola Branch,0.035238,3523.8,176190,15565302.0,119670.0,40.75111,-73.63561
East Flushing Branch,0.026146199999999998,2614.62,130731,15533728.0,106271.14285714286,40.75799,-73.7855
Knolls Crescent Branch,0.0244318,2443.18,122159,15526296.0,113754.14285714286,40.87886,-73.91723
Sixth Avenue and 23rd St Branch,0.0801528,8015.28,400764,15598192.0,283491.0,40.74255,-73.99181
Amityville Driveup Branch,0.0251844,2518.44,125922,15529445.0,109091.28571428571,40.67894,-73.41969
Babylon Branch,0.0629124,6291.24,314562,15546438.0,280622.71428571426,40.69642,-73.32368
Center Moriches Main St Branch,0.0251896,2518.96,125948,15526123.0,117026.57142857143,40.80038,-72.79423
Deer Park Grand Blvd Branch,0.0491594,4915.9400000000005,245797,15558268.0,190909.7142857143,40.75895,-73.32
East Northportlarkfield Rd Branch,0.027154599999999997,2715.46,135773,15530968.0,122089.14285714286,40.87534,-73.32424
Bar Harbour Branch,0.045000399999999996,4500.04,225002,15557883.0,174415.7142857143,40.66638,-73.45151
Melville Branch,0.051404599999999995,5140.46,257023,15542508.0,208147.0,40.78894,-73.41543
North Bellmore Branch,0.032101199999999996,3210.12,160506,15539125.0,133765.57142857142,40.68369,-73.53926
Northport Main St Branch,0.0323714,3237.14,161857,15537259.0,135764.14285714287,40.90022,-73.35111
Riverhead Shopping Center Branch,0.010244,1024.4,51220,15532847.0,33819.857142857145,40.92665,-72.68985
Seaford Branch,0.0393004,3930.04,196502,15544496.0,174672.14285714287,40.66589,-73.48901
Southampton Driveup Branch,0.075442,7544.2,377210,15546935.0,262205.85714285716,40.88602,-72.39175
South Huntington Branch,0.044323,4432.3,221615,15533445.0,193945.7142857143,40.82849,-73.41184
North Massapequa Branch,0.059176,5917.6,295880,15542887.0,261722.85714285713,40.69588,-73.48077
Wantagh Branch,0.0581316,5813.16,290658,15553243.0,249470.14285714287,40.69326,-73.50773
West Babylon Branch,0.0436996,4369.96,218498,15594120.0,151311.57142857142,40.71363,-73.34911
Wyandanch Compare Foods Branch,0.0046832,468.32,23416,15525405.0,21032.0,40.75205,-73.36144
North Patchogue Branch,0.0211188,2111.88,105594,15536646.0,91412.28571428571,40.78404,-73.00877
West Bay Shore Branch,0.034466199999999995,3446.62,172331,15536108.0,152155.42857142858,40.72923,-73.27809
Huntington Branch,0.1429966,14299.66,714983,15559790.0,593774.8571428572,40.87074,-73.43057
Mineola Court House Branch,0.061451399999999996,6145.14,307257,15524268.0,290748.0,40.73882,-73.64001
East Farmingdale Branch,0.0372986,3729.86,186493,15578613.0,119996.14285714286,40.74442,-73.42264
Arthur Avenue Branch,0.0231532,2315.32,115766,15535979.0,98625.85714285714,40.8558,-73.88736
Madison Avenue & 86th Street Branch,0.09659179999999999,9659.18,482959,15545401.0,461786.5714285714,40.78133,-73.96007
Hauppauge Branch,0.0561486,5614.86,280743,15554565.0,214865.2857142857,40.80679,-73.25463
Macarthur Airport Vets Hwy Branch,0.0334642,3346.42,167321,15539006.0,137833.57142857142,40.78232,-73.09576
Smithtown Branch,0.0559232,5592.32,279616,15561290.0,220006.2857142857,40.85479,-73.19593
Stony Brook Branch,0.045855799999999995,4585.58,229279,15537243.0,204700.7142857143,40.87261,-73.12509
Fort Salonga Branch,0.0264604,2646.04,132302,15552329.0,98391.42857142857,40.9124,-73.30051
Nanuet Driveup Branch,0.047406199999999996,4740.62,237031,15530050.0,219094.42857142858,41.11233,-74.01439
New York North Branch,0.0368982,3689.82,184491,15541345.0,159899.42857142858,41.04667,-73.94522
Valley Cottage Branch,0.030660999999999997,3066.1,153305,15525107.0,132332.85714285713,41.11734,-73.94144
Yankee Stadium Branch,0.000696,69.60000000000001,3480,15406208.0,95230.0,40.82725,-73.92476
North Shore Towers Branch,0.024496999999999998,2449.7000000000003,122485,15531373.0,113425.0,40.75923,-73.71294
Jefferson Valley Mall Branch,0.056506,5650.6,282530,15535636.0,253136.42857142858,41.33153,-73.80646
Gateway Plaza Branch,0.072825,7282.5,364125,15511194.0,323043.5714285714,40.71053,-74.01629
Broadway and 79th Street Branch,0.1168052,11680.52,584026,15552294.0,505560.14285714284,40.7839,-73.98015
Morris Park Branch,0.0446444,4464.4400000000005,223222,15582666.0,153762.57142857142,40.84911,-73.85402
Tottenville Branch,0.0326486,3264.86,163243,15534511.0,127061.85714285714,40.51718,-74.23413
Brentwood Branch,0.0176684,1766.8400000000001,88342,15531051.0,76463.85714285714,40.77857,-73.24617
Lake Ronkonkoma Branch,0.034498799999999996,3449.88,172494,15535028.0,157292.42857142858,40.83041,-73.09187
Bellmore Branch,0.0437096,4370.96,218548,15537403.0,186744.7142857143,40.66299,-73.52854
Allerton Avenue Branch,0.016509799999999998,1650.98,82549,15529832.0,70538.28571428571,40.8654,-73.86543
Riverdale North Branch,0.027810599999999998,2781.06,139053,15535442.0,117464.57142857143,40.90559,-73.90439
Boynton Avenue Branch,0.012374399999999999,1237.44,61872,15525963.0,50303.142857142855,40.82864,-73.87836
City Island Branch,0.017494799999999998,1749.48,87474,15529975.0,79519.71428571429,40.84425,-73.78537
Concourse Branch,0.025827199999999998,2582.7200000000003,129136,15529749.0,110239.57142857143,40.86236,-73.8981
Melrose Branch,0.030706599999999997,3070.66,153533,15529178.0,144215.14285714287,40.81641,-73.91896
Mosholu Branch,0.026319,2631.9,131595,15537461.0,124057.28571428571,40.881,-73.88322
Pelham Parkway Branch,0.0429398,4293.9800000000005,214699,15532135.0,185613.42857142858,40.85414,-73.86764
New Lots Branch,0.012081399999999999,1208.14,60407,15528074.0,49072.42857142857,40.66074,-73.88503
Boro Park Branch,0.170175,17017.5,850875,15709035.0,532261.1428571428,40.63496,-73.9922
Brooklyn Trust Branch,0.131259,13125.9,656295,15568746.0,542533.0,40.69423,-73.99223
Brownsville Branch,0.008146,814.6,40730,15529011.0,33260.0,40.66971,-73.91058
Bushwick Branch,0.0279524,2795.2400000000002,139762,15537240.0,108261.0,40.712,-73.94064
Church Avenue Branch,0.0220594,2205.94,110297,15532230.0,90003.42857142857,40.65128,-73.93028
Bedford and Dekalb Branch,0.020109,2010.9,100545,15535472.0,67512.85714285714,40.69073,-73.9553
Flatbush Branch,0.038839599999999995,3883.96,194198,15547229.0,150876.42857142858,40.65042,-73.95864
Fourth Ave and 51st Street Branch,0.020375,2037.5,101875,15522397.0,87960.85714285714,40.64577,-74.01322
Flatlands Branch,0.028418799999999998,2841.88,142094,15543017.0,119048.28571428571,40.62129,-73.93544
Newkirk Plaza Branch,0.033553599999999996,3355.36,167768,15527104.0,141761.14285714287,40.63432,-73.96269
Kings Highway Branch,0.041470799999999995,4147.08,207354,15528722.0,174850.7142857143,40.60919,-73.95643
Mapleton Branch,0.0483566,4835.66,241783,15550925.0,190547.57142857142,40.61909,-73.99014
Ninth Street Branch,0.0562164,5621.64,281082,15556599.0,209205.0,40.66985,-73.98073
Havemeyer and Broadway Branch,0.07926559999999999,7926.56,396328,15559183.0,286606.71428571426,40.70909,-73.95906
Avenue H Branch,0.0349528,3495.28,174764,15571033.0,122099.0,40.63127,-73.946
Avenue U and East 17th St Branch,0.0960408,9604.08,480204,15571658.0,357326.71428571426,40.59911,-73.95374
Park Slope Branch,0.085335,8533.5,426675,15590118.0,315153.14285714284,40.67313,-73.97627
Albee Square Branch,0.028699199999999998,2869.92,143496,15530755.0,112473.85714285714,40.68837,-73.98067
Sheepshead Bay Branch,0.0638308,6383.08,319154,15583113.0,232151.7142857143,40.58801,-73.95236
Utica Avenue Branch,0.015527399999999998,1552.74,77637,15552862.0,50352.71428571428,40.66975,-73.93096
Flushing Avenue Branch,0.0155096,1550.96,77548,15530437.0,58896.71428571428,40.6977,-73.96749
Grand Street Branch,0.056253199999999996,5625.32,281266,15559531.0,191940.2857142857,40.71853,-73.99513
Broadway and 96th Street Branch,0.0948456,9484.56,474228,15557313.0,391697.0,40.79445,-73.97206
Delancey Street Branch,0.048225199999999996,4822.52,241126,15599968.0,143015.7142857143,40.71855,-73.98854
New York Life Branch,0.20306839999999998,20306.84,1015342,15634847.0,795873.5714285715,40.74292,-73.98449
University Place Branch,0.101065,10106.5,505325,15603866.0,378677.28571428574,40.73203,-73.99448
Harlem Branch,0.021799,2179.9,108995,15520819.0,106127.57142857143,40.81054,-73.95217
Broadway and 144th St Branch,0.016103,1610.3,80515,15527223.0,66135.0,40.82581,-73.95111
West 125th Street Branch,0.012530399999999999,1253.04,62652,15527358.0,60837.0,40.80728,-73.94431
Stuyvesant Town Branch,0.0588166,5881.66,294083,15553957.0,230946.57142857142,40.73198,-73.98219
Madison Avenue & 72nd Street Branch,0.16304659999999999,16304.66,815233,15575825.0,717228.5714285715,40.77162,-73.96504
Madison Ave Abd 48th St Branch,13.8089572,1380895.72,69044786,1.0,75257747.42857143,40.75598,-73.97686
Murray Hill Branch,0.06891699999999999,6891.7,344585,15519066.0,317930.14285714284,40.74387,-73.97955
Astoria Broadway and 21st St Branch,0.0451148,4511.4800000000005,225574,15543763.0,174651.7142857143,,
Junction Boulevard Branch,0.038976,3897.6,194880,15579576.0,130919.85714285714,,
Glen Oaks Branch,0.0354612,3546.12,177306,15539880.0,134273.85714285713,40.74549,-73.71507
Holliswood Branch,0.036309999999999995,3631.0,181550,15538617.0,149863.2857142857,40.72077,-73.76014
Jackson Heights Branch,0.046797,4679.7,233985,15524057.0,205145.14285714287,,
Kew Gardens Branch,0.0340372,3403.7200000000003,170186,15535045.0,132371.85714285713,40.71475,-73.83218
Sunnyside North Branch,0.0437144,4371.4400000000005,218572,15534602.0,190521.0,40.74315,-73.91708
Ridgewood Branch,0.047892199999999996,4789.22,239461,15553199.0,189763.42857142858,40.70068,-73.89588
Woodside Branch,0.0597256,5972.56,298628,15547593.0,237809.7142857143,,
Scarsdale Central Park Branch,0.0407272,4072.7200000000003,203636,15590751.0,139307.2857142857,40.99988,-73.8153
Madison Square Garden Branch,0.129931,12993.1,649655,15532493.0,537483.4285714285,40.74959,-73.99172
Tysens Lane Branch,0.0442756,4427.56,221378,15529345.0,199959.57142857142,40.56537,-74.11471
Port Washington Branch,0.11871319999999999,11871.32,593566,15543751.0,535590.8571428572,40.83042,-73.6906
Hunts Point Branch,0.0096504,965.04,48252,15520611.0,41467.42857142857,40.81068,-73.88309
Bedford Village Branch,0.048192,4819.2,240960,15634281.0,142847.42857142858,41.19557,-73.65517
North Broadway Branch,0.0157348,1573.48,78674,15530130.0,67654.14285714286,40.96985,-73.88435
Valley Stream Branch,0.0399396,3993.96,199698,15538729.0,181007.57142857142,40.6663,-73.70341
Croton Branch,0.0262254,2622.54,131127,15536240.0,108564.28571428571,41.23329,-73.91364
Cypress Hills Branch,0.013972799999999999,1397.28,69864,15530021.0,57142.857142857145,40.68394,-73.8709
Foster Avenue Branch,0.0275398,2753.98,137699,15539333.0,115498.28571428571,40.6478,-73.90661
Greenpoint Branch,0.0730818,7308.18,365409,15568626.0,267130.14285714284,40.72777,-73.95299
Glendale Woodhaven Branch,0.0286976,2869.76,143488,15536770.0,116788.28571428571,40.71165,-73.85987
Mount Sinai Branch,0.0461048,4610.4800000000005,230524,15528864.0,209316.0,40.93189,-73.03321
Boston Post Rd and Weaver Branch,0.0472922,4729.22,236461,15540124.0,201813.2857142857,40.93503,-73.74785
Commack Vanderbilt Pkwy Branch,0.0477504,4775.04,238752,15549009.0,187883.42857142858,40.80733,-73.27931
Selden Branch,0.044017799999999996,4401.78,220089,15539746.0,193660.42857142858,40.86371,-73.04897
Great Neck Plaza Branch,0.1375652,13756.52,687826,15540612.0,568625.4285714285,40.78864,-73.72687
Hartsdale Branch,0.027413,2741.3,137065,15530592.0,126394.85714285714,41.02211,-73.80873
Fleetwood Branch,0.0394932,3949.32,197466,15534791.0,178885.14285714287,40.92465,-73.83623
Little Neck Branch,0.055417799999999996,5541.78,277089,15563252.0,200745.57142857142,,
Grasmere Branch,0.033988199999999996,3398.82,169941,15537506.0,133591.14285714287,40.59872,-74.08087
Parkchester Branch,0.020724199999999998,2072.42,103621,15530157.0,85979.57142857143,40.83359,-73.86131
Throggs Neck Branch,0.053638599999999995,5363.86,268193,15555322.0,213408.14285714287,40.83075,-73.82626
Mott Haven Branch,0.0071842,718.42,35921,15524195.0,32930.0,40.81048,-73.92806
Wakefield Branch,0.0352216,3522.16,176108,15550572.0,145397.42857142858,40.89317,-73.85647
Bensonhurst Branch,0.0367216,3672.16,183608,15532096.0,158703.0,40.60485,-73.99799
Empire Boulevard Branch,0.027303599999999997,2730.36,136518,15537606.0,96696.14285714286,40.66417,-73.95098
Mill Basin Branch,0.06812359999999999,6812.360000000001,340618,15566788.0,267013.71428571426,40.61711,-73.91128
Bay Ridge Third Avenue Branch,0.0557692,5576.92,278846,15558013.0,209534.42857142858,40.61836,-74.03315
Park Avenue and 55th St Branch,0.22157079999999998,22157.08,1107854,15561971.0,1034583.8571428572,40.76015,-73.97195
Second Ave and 106th St Branch,0.017996599999999998,1799.66,89983,15527364.0,81208.28571428571,40.79069,-73.94248
135th Street & Fifth Avenue Branch,0.0135894,1358.94,67947,15529051.0,59210.28571428572,40.81311,-73.93745
Avenue Of The Americas Branch,0.1397088,13970.880000000001,698544,15543289.0,609561.1428571428,40.76362,-73.97763
Grand Central Place,0.2899206,28992.06,1449603,15578361.0,1137232.4285714286,40.75237,-73.97836
Hudson Street Branch,0.0554022,5540.22,277011,15550241.0,191726.85714285713,40.72748,-74.00734
Noho Branch,0.0775984,7759.84,387992,15551395.0,293065.4285714286,40.72602,-73.99625
Madison Avenue and 64th St Branch,0.0036898,368.98,18449,15515363.0,407207.71428571426,40.76655,-73.96925
Broadway and Fulton Branch,0.29966499999999996,29966.5,1498325,16011388.0,1020779.1428571428,40.71124,-74.00866
Madison & 79th Street Branch,0.0793466,7934.66,396733,15507895.0,355304.28571428574,40.77613,-73.96219
First Ave and 44th St Branch,0.1151748,11517.48,575874,15523373.0,685782.8571428572,40.75012,-73.96888
West 14th Street Branch,0.0799196,7991.96,399598,15543673.0,320394.0,40.7363,-73.9934
Third Avenue and 79th Street Branch,0.09076999999999999,9077.0,453850,15544868.0,340857.14285714284,40.7743,-73.95719
73rd Street & Broadway Branch,0.1248702,12487.02,624351,15573803.0,527333.4285714285,40.77959,-73.98192
Third Avenue and 56th Street Branch,0.1057062,10570.62,528531,15502270.0,451716.5714285714,40.75954,-73.96798
Dyckman Street Branch,0.0251582,2515.82,125791,15527355.0,116601.42857142857,40.86383,-73.92618
Ditmars Branch,0.039248399999999996,3924.84,196242,15543484.0,144738.57142857142,40.78013,-73.90961
Corona 103rd St Branch,0.0222318,2223.18,111159,15536283.0,82735.85714285714,40.75213,-73.86393
Broadway-Flushing Branch,0.0492064,4920.64,246032,15555539.0,192667.57142857142,40.76096,-73.8022
Yellowstone Branch,0.0384612,3846.12,192306,15515103.0,150969.42857142858,,
Fresh Meadows Branch,0.0632612,6326.12,316306,15556739.0,246364.85714285713,,
Roosevelt and 75th St Branch,0.0433244,4332.4400000000005,216622,15549963.0,162122.57142857142,40.74698,-73.89042
Jamaica Branch,0.0270988,2709.88,135494,15535718.0,114561.71428571429,40.70424,-73.79809
Kew Gardens Branch,0.0443852,4438.52,221926,15525629.0,188523.2857142857,40.70854,-73.83069
Grand Ave and 66th St Branch,0.034538,3453.8,172690,15553933.0,129559.71428571429,40.72428,-73.89845
Metropolitan Avenue Branch,0.028272,2827.2000000000003,141360,15541361.0,95441.14285714286,,
Metropolitan and 74th St Branch,0.0293766,2937.66,146883,15535922.0,116091.14285714286,40.71286,-73.87803
Ozone Park Branch,0.0325684,3256.84,162842,15534716.0,139195.57142857142,40.68472,-73.84441
Richmond Hill South Branch,0.0526492,5264.92,263246,15546231.0,212839.57142857142,40.685,-73.83045
Rockaway Park Branch,0.037604,3760.4,188020,15545527.0,153753.14285714287,40.58016,-73.83724
Whitestone Branch,0.07428499999999999,7428.5,371425,15552380.0,305296.71428571426,40.78698,-73.80896
Woodhaven Branch,0.021667,2166.7,108335,15536470.0,88189.28571428571,40.69252,-73.8598
New Dorp Branch,0.0437192,4371.92,218596,15538964.0,194886.42857142858,40.57299,-74.11458
West New Brighton Branch,0.0422118,4221.18,211059,15502396.0,188464.0,40.62962,-74.11126
Syosset Branch,0.0584552,5845.52,292276,15542897.0,255436.14285714287,40.80619,-73.52079
Yorktown Heights Branch,0.030585599999999998,3058.56,152928,15534415.0,128551.28571428571,41.27755,-73.78445
Midwood Branch,0.1031296,10312.960000000001,515648,15558887.0,405146.5714285714,40.61807,-73.96002
South Valley Stream Branch,0.0295274,2952.7400000000002,147637,15536098.0,119799.14285714286,40.65331,-73.72446
Ardsley Branch,0.030921599999999997,3092.16,154608,15534656.0,126185.0,41.01809,-73.84419
Brighton Beach Branch,0.06414879999999999,6414.88,320744,15533593.0,304556.71428571426,40.57777,-73.96046
Mcdonald Avenue Branch,0.059885,5988.5,299425,15548351.0,232595.57142857142,40.63109,-73.97626
Pelham Bay Branch,0.028500599999999997,2850.06,142503,15531877.0,134577.85714285713,40.85194,-73.82943
Carle Place Branch,0.037670999999999996,3767.1,188355,15530058.0,164007.42857142858,40.74416,-73.60935
Millwood Branch,0.0419342,4193.42,209671,15557280.0,158880.42857142858,41.18801,-73.80361
Second Avenue & 86th Street Branch,0.061616199999999996,6161.62,308081,15529812.0,250218.7142857143,40.77802,-73.95207
Jamaica Estates Branch,0.033042,3304.2000000000003,165210,15538587.0,144484.7142857143,40.71413,-73.77765
Cross River Branch,0.035709,3570.9,178545,15548252.0,152638.14285714287,41.26748,-73.59811
Quaker Ridge Branch,0.0571758,5717.58,285879,15564220.0,247239.85714285713,40.94795,-73.79482
Gun Hill Road Branch,0.0232944,2329.44,116472,15532515.0,90788.14285714286,40.8662,-73.83816
East Hills Branch,0.052014,5201.400000000001,260070,15552220.0,229154.85714285713,40.78575,-73.62236
Abingdon Square Branch,0.0686412,6864.12,343206,15534744.0,295951.4285714286,40.73755,-74.00471
Fort Washington Avenue Branch,0.0264638,2646.38,132319,15525822.0,111010.71428571429,40.85499,-73.93686
Monroe Branch,0.035483799999999996,3548.38,177419,15542839.0,132593.85714285713,41.31862,-74.17588
Brewster Branch,0.018441199999999998,1844.1200000000001,92206,15530783.0,77851.57142857143,41.42067,-73.57661
Eastchester Branch,0.04212,4212.0,210600,15537270.0,171408.42857142858,40.95287,-73.81557
Halston and Harrison Branch,0.0516378,5163.78,258189,15540113.0,261421.57142857142,40.96605,-73.71702
Larchmont Branch,0.0527454,5274.54,263727,15556040.0,196472.42857142858,40.94142,-73.76436
Mount Kisco Satellite Express Branch,0.0432766,4327.66,216383,15515491.0,183525.14285714287,41.22251,-73.71532
New Rochelle Branch,0.033656399999999996,3365.64,168282,15534640.0,150851.85714285713,40.91212,-73.78289
Peekskill Branch,0.0366182,3661.82,183091,15531447.0,157373.0,41.29632,-73.89549
Pleasantville Branch,0.035008399999999995,3500.84,175042,15542570.0,149611.2857142857,41.13582,-73.79182
Rye Branch,0.1131248,11312.48,565624,15585669.0,517751.5714285714,40.98291,-73.68445
Thruway Branch,0.032539,3253.9,162695,15539616.0,129120.28571428571,41.06317,-73.86219
Rosedale Branch,0.0254402,2544.02,127201,15528501.0,113100.57142857143,40.99222,-73.74618
Gedney Branch,0.0464968,4649.68,232484,15562809.0,183977.14285714287,41.02233,-73.75882
North White Plains Branch,0.039442,3944.2000000000003,197210,15543685.0,158859.7142857143,41.05265,-73.76996
Somers Branch,0.021325,2132.5,106625,15531825.0,90990.71428571429,41.33196,-73.68042
Islip Branch,0.052508599999999996,5250.86,262543,15536454.0,230332.2857142857,40.72931,-73.21308
Merrick Branch,0.0296646,2966.46,148323,15535249.0,121189.57142857143,40.66665,-73.55345
Select Direct I Branch,3.14e-05,3.14,157,15524292.0,147.42857142857142,40.70772,-74.01012
East Meadow Branch,0.07156259999999999,7156.26,357813,15537489.0,327390.5714285714,40.72477,-73.54492
Cross County Branch,0.0380254,3802.54,190127,15540665.0,156284.85714285713,40.92689,-73.85713
Munsey Park Branch,0.08468439999999999,8468.44,423422,15535878.0,388261.0,40.79708,-73.66939
Chatham Square Branch,0.061878199999999994,6187.82,309391,15587160.0,204267.42857142858,40.71415,-73.99753
Hicksville Branch,0.061836199999999994,6183.62,309181,15567305.0,244032.85714285713,40.77862,-73.53056
Metrotech Branch,0.0392232,3922.32,196116,15557042.0,135396.85714285713,,
Tower Branch,0.11861959999999999,11861.960000000001,593098,15651598.0,446690.4285714286,43.15711,-77.60666
Fairmount Branch,0.0127228,1272.28,63614,15525662.0,54355.142857142855,43.04832,-76.23206
Dewitt Branch,0.0277682,2776.82,138841,15529885.0,116719.85714285714,43.03523,-76.06748
Industrial Park Branch,0.008333,833.3000000000001,41665,15527553.0,35851.857142857145,43.08165,-76.10378
Minoa Branch,0.005307999999999999,530.8,26540,15523276.0,24518.85714285714,43.07763,-76.00092
Oneida Branch,0.0064348,643.48,32174,15525065.0,25717.285714285714,43.09494,-75.65184
Oswego Branch,0.010367399999999999,1036.74,51837,15525083.0,44429.28571428572,43.45603,-76.51095
Seventh North Branch,0.015978799999999998,1597.88,79894,15533228.0,64950.142857142855,43.09146,-76.17007
James Street Branch,0.0089156,891.5600000000001,44578,15528573.0,37863.28571428572,43.05641,-76.14037
University Branch,0.025729799999999997,2572.98,128649,15550359.0,79826.0,43.04346,-76.13653
Manlius Branch,0.0189858,1898.58,94929,15535873.0,77488.28571428571,43.00564,-75.98423
Cicero Banking Center Branch,0.0147394,1473.94,73697,15530482.0,57699.71428571428,43.15179,-76.12463
Lincoln Center Branch,0.022539,2253.9,112695,15525470.0,102473.42857142857,43.04874,-76.15296
Brighton Monroe Branch,0.0339758,3397.58,169879,15534173.0,141301.42857142858,43.12933,-77.56781
Brockport Branch,0.012114,1211.4,60570,15523658.0,52914.28571428572,43.21519,-77.93859
Canandaigua Branch,0.014554999999999998,1455.5,72775,15528556.0,64952.0,42.88582,-77.28012
Charlotte Branch,0.014541,1454.1000000000001,72705,15523802.0,47484.142857142855,43.24174,-77.62017
Henrietta Branch,0.0276256,2762.56,138128,15544966.0,99548.85714285714,43.08942,-77.6101
Irondequoit West Branch,0.0119036,1190.3600000000001,59518,15524250.0,55210.0,43.21067,-77.59862
Macedon Branch,0.006091999999999999,609.2,30460,15531193.0,25518.714285714286,43.06925,-77.28757
Eastway Branch,0.016177,1617.7,80885,15534223.0,62163.142857142855,43.19285,-77.50225
East Rochester Fairport Road Branch,0.011177,1117.7,55885,15527794.0,44393.857142857145,43.10297,-77.48247
Monroe Avenue Branch,0.0092252,922.52,46126,15527870.0,39400.0,43.14573,-77.59227
West End Branch,0.001379,137.9,6895,15524453.0,6167.857142857143,43.14953,-77.636
Browncroft Branch,0.0065324,653.24,32662,15526411.0,27907.428571428572,43.16011,-77.54862
Penfield Branch,0.0178118,1781.18,89059,15536333.0,66901.28571428571,43.1292,-77.44129
Irondequoit East Branch,0.0083786,837.86,41893,15524455.0,40801.42857142857,43.20259,-77.56499
Perinton Plaza Branch,0.0226102,2261.02,113051,15526685.0,94108.0,43.07051,-77.44241
Greece Ridge Branch,0.007776399999999999,777.64,38882,15526724.0,33446.0,43.20629,-77.69435
Pittsford Village Branch,0.0302534,3025.34,151267,15527674.0,123548.85714285714,43.09014,-77.51318
Westgate Rochester Branch,0.012726999999999999,1272.7,63635,15528648.0,45702.857142857145,43.13186,-77.68724
Williamson Branch,0.0070079999999999995,700.8000000000001,35040,15525207.0,29933.428571428572,43.20942,-77.18437
U Of R River Campus Branch,0.018531799999999998,1853.18,92659,15544308.0,53868.0,43.12603,-77.63142
Rochester Medical Center Branch,0.028570199999999997,2857.02,142851,15531636.0,117531.42857142857,43.12152,-77.62725
Scottsville Branch,0.0073856,738.5600000000001,36928,15522490.0,32275.85714285714,43.02023,-77.74836
Liverpool Branch,0.018952,1895.2,94760,15532032.0,76809.0,43.13601,-76.22642
Greece Long Pond Branch,0.015200199999999999,1520.02,76001,15531024.0,62270.71428571428,43.25217,-77.6964
Webster Branch,0.0196374,1963.74,98187,15528069.0,76251.28571428571,43.21181,-77.44654
Arden Heights Branch,0.048125799999999996,4812.58,240629,15550297.0,193473.85714285713,40.55315,-74.19189
Ny Presbyterian Branch,0.048304,4830.400000000001,241520,15545489.0,202312.14285714287,40.84138,-73.94259
Bridgeport North End Branch,0.018764199999999998,1876.42,93821,15527091.0,89041.28571428571,41.19223,-73.19738
Bridgeport West Side Branch,0.004043,404.3,20215,15525189.0,17428.428571428572,41.16995,-73.21084
Fairfield Center Branch,0.0543924,5439.24,271962,15546960.0,259389.2857142857,41.14153,-73.25641
South Norwalk Branch,0.0089582,895.82,44791,15528597.0,37982.0,41.09897,-73.4188
Trumbull Quality Street Branch,0.0138718,1387.18,69359,15527496.0,61866.0,41.25599,-73.21702
Stony Hill Branch,0.0289532,2895.32,144766,15535212.0,128245.14285714286,41.41452,-73.4063
Milford (Ford Street) Branch,0.019842,1984.2,99210,15534377.0,87928.85714285714,41.22554,-73.07122
Fairfield Woods Branch,0.028431599999999998,2843.16,142158,15536295.0,122851.57142857143,41.18273,-73.25433
South Wilton Branch,0.021725599999999998,2172.56,108628,15526622.0,97685.42857142857,41.16495,-73.41807
Greenfield Hill Branch,0.0179514,1795.14,89757,15540584.0,73211.14285714286,41.16264,-73.28397
Newtown Branch,0.0201086,2010.8600000000001,100543,15537189.0,75013.57142857143,41.41458,-73.30159
Darien Branch,0.035988,3598.8,179940,15527498.0,162391.85714285713,41.08477,-73.46233
Shelton Branch,0.0186414,1864.14,93207,15534674.0,76004.42857142857,41.27746,-73.12147
Westport Main Street Branch,0.0512844,5128.4400000000005,256422,15583825.0,205761.85714285713,41.14397,-73.36171
New Haven Church Street Branch,0.0379312,3793.12,189656,15575020.0,124642.42857142857,41.30935,-72.92335
Greens Farms Branch,0.0251194,2511.94,125597,15520727.0,112784.71428571429,41.13894,-73.32742
Bridgeport Boston Avenue Branch,0.0074676,746.76,37338,15525108.0,33880.42857142857,41.20225,-73.18715
Stratford Barnum Avenue Branch,0.0332258,3322.58,166129,15585182.0,114606.71428571429,41.19947,-73.13164
Monroe Ct Branch,0.0169822,1698.22,84911,15526325.0,74625.28571428571,41.31428,-73.21837
New Canaan Branch,0.0764226,7642.26,382113,15524584.0,348824.28571428574,41.14704,-73.49212
Wilton Center Branch,0.048832,4883.2,244160,15558614.0,217386.57142857142,41.19454,-73.43425
Ridgefield Branch,0.0323484,3234.84,161742,15539146.0,141017.2857142857,41.28963,-73.497
Greenwich Financial Center Branch,0.0674606,6746.06,337303,15538354.0,304956.5714285714,41.03016,-73.62546
Stamford Prospect Street Branch,0.0641424,6414.24,320712,15577061.0,252874.14285714287,41.05757,-73.53729
Oradell Branch,0.0352464,3524.64,176232,15543520.0,155122.2857142857,40.95482,-74.03151
South Street Branch,0.0640916,6409.16,320458,15558596.0,219752.14285714287,40.78877,-74.47224
Boonton Branch,0.014768,1476.8,73840,15526132.0,71853.28571428571,40.9288,-74.42096
Lake Hiawatha Branch,0.0379402,3794.02,189701,15541396.0,157056.57142857142,40.88016,-74.38229
Denville Branch,0.0295828,2958.28,147914,15532461.0,125799.57142857143,40.89353,-74.47684
Florham Park Branch,0.027981799999999998,2798.18,139909,15533550.0,120274.57142857143,40.78731,-74.39056
Madison Waverly Branch,0.08233159999999999,8233.16,411658,15499672.0,534977.8571428572,40.75855,-74.41513
New Vernon Branch,0.016808999999999998,1680.9,84045,15531032.0,68892.57142857143,40.74249,-74.48442
Parsippany Road Branch,0.0426222,4262.22,213111,15554060.0,171942.0,40.8617,-74.42637
Montclair Branch,0.050817999999999995,5081.8,254090,15547014.0,204414.57142857142,40.81424,-74.21802
Upper Montclair Branch,0.039431799999999996,3943.1800000000003,197159,15537468.0,165822.0,40.8412,-74.20817
Watchung Plaza Branch,0.0273062,2730.62,136531,15525328.0,117464.28571428571,40.8298,-74.20627
Verona Branch,0.020009799999999998,2000.98,100049,15525138.0,82221.71428571429,40.83177,-74.24552
West Caldwell Branch,0.037882599999999995,3788.26,189413,15527951.0,156375.42857142858,40.85119,-74.29807
Short Hills Branch,0.0562284,5622.84,281142,15537611.0,236157.14285714287,40.72156,-74.3348
Patterson Market Branch,0.0111164,1111.64,55582,15530426.0,42187.42857142857,40.91645,-74.1714
Midland Avenue Branch,0.045623399999999995,4562.34,228117,15542427.0,179375.14285714287,40.94853,-74.06935
Clifton Branch,0.012151799999999999,1215.18,60759,15532452.0,49558.0,40.8839,-74.1485
River Edge Branch,0.0286702,2867.02,143351,15539806.0,101629.85714285714,40.9316,-74.03384
Hawthorne Branch,0.0222904,2229.04,111452,15526925.0,96020.28571428571,40.94949,-74.15524
Wyckoff Branch,0.0364402,3644.02,182201,15530218.0,170974.14285714287,40.98579,-74.1686
Hackensack Branch,0.0218206,2182.06,109103,15531063.0,86265.0,40.89468,-74.03955
Westfield Branch,0.0592402,5924.02,296201,15498827.0,263790.85714285716,40.65332,-74.34667
Hillside Branch,0.0147976,1479.76,73988,15525136.0,70109.0,40.69359,-74.23662
Ridgewood Branch,0.0414864,4148.64,207432,15544575.0,165896.85714285713,40.97959,-74.11838
Summit Branch,0.052974999999999994,5297.5,264875,15555543.0,219783.7142857143,40.71672,-74.35614
Palisades Park Branch,0.0437218,4372.18,218609,15548137.0,166130.42857142858,40.84579,-73.98571
Fort Lee Branch,0.0662354,6623.54,331177,15573628.0,255765.2857142857,40.85103,-73.96942
Chase Plaza Branch,0.38507159999999996,38507.16,1925358,15668935.0,1626528.2857142857,40.70615,-74.00859
Select Direct II Branch,0.0006703999999999999,67.04,3352,15524083.0,3644.4285714285716,40.70749,-74.00875
University Heights Branch,0.0040674,406.74,20337,15529162.0,13749.285714285714,40.85001,-73.91645
Danbury Shoprite Branch,0.0076238,762.38,38119,15525505.0,30186.714285714286,41.42438,-73.48288
Patterson Trailer Branch,0.0102068,1020.6800000000001,51034,15529845.0,41133.857142857145,41.4959,-73.59164
Mohegan Lake Fsc Branch,0.0069196,691.96,34598,15528752.0,27499.571428571428,41.31134,-73.84706
Houston Main Office,11.564117,1156411.7,57820585,12642668.0,50765482.28571428,29.75917,-95.36334
Woodlands Branch,0.0355812,3558.12,177906,15482805.0,165047.7142857143,30.13594,-95.46871
Stafford Branch,0.0696108,6961.08,348054,15540383.0,293327.5714285714,29.65071,-95.56772
Katy Freeway Branch,0.0710382,7103.82,355191,15533589.0,295308.71428571426,29.77967,-95.75194
Cypress Station Branch,0.0363162,3631.62,181581,15533356.0,162730.14285714287,30.01977,-95.44004
Champions Branch,0.053951,5395.1,269755,15529816.0,225756.2857142857,29.96969,-95.53134
Airline Branch,0.0406978,4069.78,203489,15527933.0,181355.14285714287,29.84238,-95.38446
Kirby Motor Bank Branch,0.0764702,7647.02,382351,15574368.0,286378.0,29.73817,-95.41875
Reagan Motor Bank Branch,0.08641259999999999,8641.26,432063,15546960.0,359020.28571428574,29.80288,-95.40687
Southeast Branch,0.023447,2344.7000000000003,117235,15526565.0,106523.28571428571,29.67271,-95.28743
Medical Branch,0.0898088,8980.880000000001,449044,15587938.0,332762.71428571426,29.71154,-95.39956
Tanglewood Branch,0.0685096,6850.96,342548,15513569.0,315768.4285714286,29.74991,-95.48306
Richmond/Sage Branch,0.072529,7252.900000000001,362645,15547914.0,307620.14285714284,29.73153,-95.466
Del Oro Branch,0.0411838,4118.38,205919,15545844.0,160788.14285714287,29.69276,-95.401
Lakeside Branch,0.1269002,12690.02,634501,15609160.0,458971.5714285714,29.73678,-95.55905
North Freeway Branch,0.039217999999999996,3921.8,196090,15516098.0,173665.85714285713,29.89115,-95.41173
Cyfair Branch,0.0419692,4196.92,209846,15541611.0,176408.42857142858,29.91856,-95.61193
South Belt Branch,0.0333354,3333.54,166677,15537330.0,141714.0,29.59389,-95.22545
Bay Area Boulevard Branch,0.0423874,4238.74,211937,15532625.0,172487.85714285713,29.57513,-95.1081
West Little York Branch,0.050074799999999996,5007.4800000000005,250374,15538205.0,204156.14285714287,29.8658,-95.4885
Eldridge Parkway Branch,0.0716528,7165.28,358264,15519614.0,281967.5714285714,29.75863,-95.62541
Westwood Branch,0.0383018,3830.1800000000003,191509,15532436.0,172509.7142857143,29.67561,-95.54493
West Oaks Branch,0.0181802,1818.02,90901,15529861.0,74121.57142857143,29.70872,-95.64426
Kingwood Branch,0.056485799999999996,5648.58,282429,15536584.0,248471.7142857143,30.04978,-95.24074
Pasadena South Branch,0.022549,2254.9,112745,15528623.0,103921.0,29.65099,-95.18461
Allen Center Branch,0.0385374,3853.7400000000002,192687,15526587.0,155658.0,29.75789,-95.37016
Conroe Branch,0.0469994,4699.9400000000005,234997,15527694.0,199762.2857142857,30.31616,-95.47426
Sugar Land Branch,0.059038999999999994,5903.900000000001,295195,15538920.0,235610.42857142858,29.59631,-95.61695
Friendswood Branch,0.0439434,4394.34,219717,15543673.0,177335.42857142858,29.52636,-95.19727
Mcallen Neuhaus Tower Branch,0.0902612,9026.12,451306,15510585.0,484242.71428571426,26.20206,-98.23039
West Galleria Branch,0.042427799999999995,4242.78,212139,15533606.0,171109.85714285713,29.71191,-95.46064
Bear Creek Branch,0.0407466,4074.6600000000003,203733,15540327.0,158882.85714285713,29.84183,-95.64573
Almeda Genoa Branch,0.0271118,2711.18,135559,15525357.0,117178.28571428571,29.61812,-95.21335
Gulfgate Branch,0.0413436,4134.36,206718,15532596.0,179182.2857142857,29.70054,-95.29661
Highland Village Branch,0.0366318,3663.1800000000003,183159,15534650.0,151711.7142857143,29.73892,-95.44169
Fondren South Branch,0.0114556,1145.56,57278,15531190.0,44836.28571428572,29.65595,-95.50766
Clear Lake City Boulevard Branch,0.03934,3934.0,196700,15533676.0,156086.2857142857,29.58185,-95.15429
Northeast Branch,0.0100914,1009.14,50457,15527745.0,41918.57142857143,29.79873,-95.27351
Humble Branch,0.027379999999999998,2738.0,136900,15528937.0,126383.42857142857,30.00312,-95.26936
Panther Creek Branch,0.044479199999999997,4447.92,222396,15529929.0,189913.42857142858,30.16676,-95.50223
San Marcelo Branch,0.0479814,4798.14,239907,15494524.0,248771.7142857143,25.95149,-97.49643
Boca Chica Branch,0.018270599999999998,1827.06,91353,15526905.0,83667.71428571429,25.92197,-97.48649
Lyons and Lockwood Branch,0.0085948,859.48,42974,15527964.0,34590.28571428572,29.77682,-95.31581
West Anderson Branch,0.0370408,3704.08,185204,15541517.0,143526.85714285713,30.35858,-97.73624
Barton Creek Branch,0.023250999999999997,2325.1,116255,15527834.0,98995.71428571429,30.26202,-97.80903
Research Branch,0.0220096,2200.96,110048,15534680.0,84728.28571428571,30.42672,-97.75515
Downtown Dallas Branch,0.0634306,6343.06,317153,15551663.0,242860.42857142858,32.78858,-96.79728
South Preston Royal Branch,0.0637818,6378.18,318909,15531114.0,256571.85714285713,32.89389,-96.804
Casa Linda Branch,0.050462599999999996,5046.26,252313,15539371.0,220737.14285714287,32.83313,-96.7031
Walnut Hill and Monroe Branch,0.016893,1689.3,84465,15523464.0,71836.0,32.88102,-96.87972
Campbell Centre Branch,0.0244196,2441.96,122098,15518934.0,97011.42857142857,32.86142,-96.76776
Garland Broadway Branch,0.0464324,4643.24,232162,15535462.0,200274.14285714287,32.87785,-96.62009
Las Colinas Branch,0.022664999999999998,2266.5,113325,15532063.0,94434.57142857143,32.85852,-96.93256
Irving Boulevard Branch,0.031344199999999996,3134.42,156721,15539055.0,131230.7142857143,32.8138,-96.94563
Hillcrest Branch,0.039434199999999996,3943.42,197171,15523926.0,153724.14285714287,32.84497,-96.78725
Downtown Arlington Branch,0.0515888,5158.88,257944,15535878.0,243221.2857142857,32.73347,-97.10135
Hurst Branch,0.027873,2787.3,139365,15535654.0,120016.0,32.84728,-97.18612
Plano and Preston Branch,0.0305712,3057.12,152856,15537929.0,129247.85714285714,33.01986,-96.7953
Casa View Branch,0.0180852,1808.52,90426,15529826.0,80279.0,32.83488,-96.6753
Inwood and Stemmons Motor Bank Brh,0.0123086,1230.8600000000001,61543,15530695.0,50402.0,32.81015,-96.8486
Farmers Branch,0.0279558,2795.58,139779,15530792.0,121572.14285714286,32.92209,-96.88179
West Garland Branch,0.030427,3042.7000000000003,152135,15540250.0,116294.14285714286,32.93124,-96.68219
Grand Prairie Branch,0.0137626,1376.26,68813,15533341.0,58514.71428571428,32.74593,-96.99607
Richardson Branch,0.0639844,6398.4400000000005,319922,15575234.0,230483.57142857142,32.95171,-96.73351
Central Arlington Branch,0.017462,1746.2,87310,15532520.0,74165.28571428571,32.70643,-97.11584
Colleyville Branch,0.054277799999999994,5427.78,271389,15570732.0,175480.0,32.88343,-97.15389
Forest Hill Branch,0.014029799999999999,1402.98,70149,15532540.0,56872.142857142855,32.66189,-97.27973
Lewisville Branch,0.0268632,2686.32,134316,15535219.0,109791.42857142857,33.04338,-97.01677
Castell Motor Bank Branch,0.0319956,3199.56,159978,15530293.0,154343.0,29.70225,-98.12528
Oak Park Branch,0.023693,2369.3,118465,15526961.0,102781.85714285714,29.51583,-98.4567
Highland Park Branch,0.013529,1352.9,67645,15526070.0,62875.857142857145,29.39698,-98.48682
Medical Center Fredericksburg Branch,0.0139796,1397.96,69898,15531458.0,56559.0,29.5121,-98.56836
El Paso - Downtown Branch,0.0939362,9393.62,469681,15487506.0,512060.14285714284,31.75889,-106.49059
Chamizal Branch,0.0143968,1439.68,71984,15523734.0,65312.42857142857,31.76695,-106.41907
First State Branch,0.014625399999999998,1462.54,73127,15524570.0,70673.71428571429,31.80869,-106.46267
Northgate Branch,0.0197918,1979.18,98959,15509926.0,98606.42857142857,31.87774,-106.42029
El Paso - East Branch,0.0254842,2548.42,127421,15540107.0,108354.14285714286,31.75481,-106.319
El Paso - West Branch,0.0296694,2966.94,148347,15529023.0,123189.14285714286,31.8387,-106.56615
Coronado Branch,0.0263124,2631.2400000000002,131562,15524080.0,115885.42857142857,31.83022,-106.5264
Mcallen North Branch,0.0202672,2026.72,101336,15524687.0,83871.71428571429,26.25385,-98.2215
South Arlington Branch,0.0177212,1772.1200000000001,88606,15532850.0,80551.14285714286,32.66787,-97.13414
Riverside Branch,0.0120164,1201.64,60082,15530496.0,47813.42857142857,29.72131,-95.37927
South Post Oak Branch,0.012876799999999999,1287.68,64384,15545510.0,44961.0,29.64481,-95.46365
Houston Tower Branch,0.044635999999999995,4463.6,223180,15528466.0,195414.2857142857,29.76009,-95.36372
Desert Vista Branch,0.0099016,990.16,49508,15518787.0,41357.857142857145,31.76794,-106.29781
Southeast Oak Cliff Branch,0.0048556,485.56,24278,15525510.0,17065.85714285714,32.69432,-96.79336
Lincoln Village Branch,0.0077176,771.76,38588,15526771.0,33727.142857142855,30.193,-97.76909
Kings Crossing Branch,0.0355594,3555.94,177797,15531310.0,152415.2857142857,30.04492,-95.18146
William Cannon and Mopac Branch,0.0310338,3103.38,155169,15536078.0,110951.28571428571,30.22124,-97.83653
Parker and Tollway Branch,0.0498052,4980.52,249026,15544989.0,169337.42857142858,33.04513,-96.82756
I 35 and Sam Bass Branch,0.015653399999999998,1565.3400000000001,78267,15524824.0,66924.42857142857,30.5205,-97.71931
Legacy and Coit Branch,0.0388846,3888.46,194423,15555295.0,136785.2857142857,33.07168,-96.77346
Hebron Parkway and Josey Branch,0.0173992,1739.92,86996,15546726.0,54845.857142857145,33.02022,-96.94238
Bellaire At Beltway Branch,0.10840999999999999,10841.0,542050,15679842.0,318937.5714285714,29.70471,-95.55195
West University Branch,0.0568706,5687.06,284353,15559476.0,220765.7142857143,29.7293,-95.42928
Alden Bridge Branch,0.0324898,3248.98,162449,15542412.0,121634.42857142857,30.20956,-95.52477
Preston and Lebanon Branch,0.021566,2156.6,107830,15532914.0,81855.42857142857,33.11988,-96.80546
Memorial Villages Branch,0.056565199999999996,5656.52,282826,15534245.0,199632.57142857142,29.78374,-95.52161
Lake Forest and Eldorado Branch,0.020235799999999998,2023.5800000000002,101179,15537132.0,71501.57142857143,33.17396,-96.68389
Heb Four Points Fsc Branch,0.0107396,1073.96,53698,15528736.0,41806.28571428572,30.40533,-97.85313
Mcdermott and Watters Branch,0.026447199999999997,2644.7200000000003,132236,15532819.0,98173.85714285714,33.10084,-96.68391
Macarthur Park Branch,0.03447,3447.0,172350,15522233.0,198912.57142857142,32.91359,-96.95878
Heb Round Rock Fsc Branch,0.006999399999999999,699.94,34997,15528941.0,26271.285714285714,30.49971,-97.72133
Heb Hancock Fsc Branch,0.0044453999999999995,444.54,22227,15526119.0,16403.428571428572,30.29886,-97.7207
Heb Bee Cave Fsc Branch,0.0061346,613.46,30673,15526450.0,24187.14285714286,30.30359,-97.93349
Heb Brodie Fsc Branch,0.0038666,386.66,19333,15526381.0,15075.0,30.21564,-97.82931
Newport Center Branch,0.0577178,5771.78,288589,15578330.0,190269.42857142858,40.72702,-74.03488
High Ridge Road Branch,0.029945799999999998,2994.58,149729,15526646.0,124966.0,41.1059,-73.54814
Newark Branch,0.005456,545.6,27280,15524971.0,22058.428571428572,40.73674,-74.17122
Pomona Branch,0.029223,2922.3,146115,15585552.0,83504.57142857143,41.18342,-74.04742
Heb Parmer Fsc Branch,0.0049914,499.14,24957,15529063.0,16879.285714285714,30.40317,-97.67219
Englewood Branch,0.0092842,928.4200000000001,46421,15525238.0,41698.28571428572,40.89173,-73.97358
Hoboken Branch,0.0498772,4987.72,249386,15567605.0,166069.42857142858,40.73776,-74.02851
Lake Success Branch,0.042158999999999995,4215.9,210795,15525923.0,175326.85714285713,40.75599,-73.68815
Carnegie Hill Branch,0.046424799999999995,4642.4800000000005,232124,15554234.0,170791.85714285713,40.78166,-73.95264
Main and Teel Branch,0.0165698,1656.98,82849,15534311.0,55175.57142857143,33.15302,-96.86251
Dallas Uptown Branch,0.0276,2760.0,138000,15526770.0,103815.85714285714,32.8072,-96.79742
Telfair Branch,0.012822,1282.2,64110,15533602.0,43387.142857142855,29.60851,-95.64177
Copperfield Branch,0.013649,1364.9,68245,15525538.0,47416.857142857145,29.88104,-95.64529
Princeton Branch,0.0407946,4079.46,203973,15569470.0,136451.85714285713,40.34881,-74.66284
Silverlake Branch,0.031880399999999996,3188.04,159402,15532071.0,124652.85714285714,29.53064,-95.307
Northern Lights Branch,0.009443199999999999,944.32,47216,15528475.0,40494.857142857145,40.03334,-82.96386
Lockbourne Road Branch,0.0057891999999999996,578.92,28946,15522137.0,27944.714285714286,39.93168,-82.96471
East Broad Branch,0.0181816,1818.16,90908,15527390.0,81355.57142857143,39.97184,-82.91539
West Broad Branch,0.0125172,1251.72,62586,15530823.0,53828.57142857143,39.95452,-83.08376
Hilliard Branch,0.0171616,1716.16,85808,15531905.0,68661.57142857143,40.03457,-83.15893
Reynoldsburg Branch,0.1036566,10365.66,518283,15518777.0,237659.85714285713,39.95519,-82.80773
Morse Road Branch,0.017045599999999998,1704.56,85228,15526166.0,74165.71428571429,40.06054,-82.97794
Kingsdale Branch,0.038373,3837.3,191865,15538194.0,164423.85714285713,40.02351,-83.05896
Forest Park Branch,0.0115874,1158.74,57937,15524502.0,53037.0,40.08713,-82.98157
Eastland Hamilton Branch,0.0103986,1039.8600000000001,51993,15528525.0,44437.57142857143,39.92324,-82.88001
Worthington Square Branch,0.036723399999999996,3672.34,183617,15535701.0,154069.7142857143,40.10708,-83.01766
Clime Road Branch,0.0089158,891.58,44579,15527584.0,39727.42857142857,39.92743,-83.08962
Whitehall Columbus Branch,0.008938,893.8000000000001,44690,15527262.0,38144.57142857143,39.9554,-82.87348
Henderson Road Branch,0.036806,3680.6,184030,15550907.0,136643.85714285713,40.05641,-83.07421
Brice Road Branch,0.0079722,797.22,39861,15525459.0,34495.57142857143,39.93934,-82.83027
German Village Branch,0.0213666,2136.66,106833,15531384.0,84853.85714285714,39.94499,-82.99732
Columbus Square Branch,0.0139694,1396.94,69847,15534084.0,56541.0,40.08608,-82.95106
Westerville South Branch,0.0356314,3563.14,178157,15535361.0,159951.57142857142,40.10522,-82.92258
Dublin Branch,0.0364458,3644.58,182229,15504632.0,143932.42857142858,40.09614,-83.12507
Gahanna Branch,0.0232764,2327.64,116382,15531400.0,95455.0,40.02061,-82.86642
Mt. Sterling Branch,0.0090884,908.84,45442,15530653.0,38462.857142857145,39.72065,-83.26682
Marysville Branch,0.013484399999999999,1348.44,67422,15530341.0,56380.57142857143,40.2368,-83.37286
Circleville Branch,0.014769399999999999,1476.94,73847,15524951.0,66690.71428571429,39.60192,-82.94499
Sawmill Branch,0.029848799999999998,2984.88,149244,15538999.0,119160.57142857143,40.10568,-83.09206
Long Street Branch,0.001789,178.9,8945,15524669.0,7410.285714285715,39.96875,-82.96824
Pickerington Branch,0.0187998,1879.98,93999,15531094.0,75352.14285714286,39.92794,-82.78771
Sunbury Branch,0.0069654,696.54,34827,15527615.0,30252.14285714286,40.24182,-82.85853
Delaware Branch,0.013149,1314.9,65745,15528108.0,52268.28571428572,40.30093,-83.06759
Newark Main Branch,0.0064367999999999995,643.6800000000001,32184,15523871.0,34382.57142857143,40.05831,-82.40289
Canal Winchester Branch,0.011627799999999999,1162.78,58139,15525984.0,46319.42857142857,39.8426,-82.80567
Heath Branch,0.0085618,856.1800000000001,42809,15528363.0,38274.28571428572,40.0279,-82.44453
Pataskala Branch,0.011189399999999999,1118.94,55947,15529991.0,45468.42857142857,40.00296,-82.67658
North Newark Branch,0.0090654,906.54,45327,15526856.0,38539.857142857145,40.08118,-82.42784
Granville Branch,0.009232599999999999,923.26,46163,15530415.0,35574.0,40.06813,-82.52057
Bethel Sawmill Banking Ctr. Branch,0.0165886,1658.8600000000001,82943,15536939.0,55378.57142857143,40.06714,-83.09303
Lancaster-Downtown Branch,0.014980199999999999,1498.02,74901,15528851.0,67460.28571428571,39.71344,-82.60203
Lancaster-Main Branch,0.0074968,749.6800000000001,37484,15524336.0,34732.71428571428,39.71474,-82.56474
Avery Road Branch,0.044410399999999996,4441.04,222052,15528136.0,174484.57142857142,40.105,-83.1593
Grove City Branch,0.014828399999999999,1482.84,74142,15531417.0,57304.57142857143,39.87867,-83.06045
Delaware/Kroger Branch,0.0036498,364.98,18249,15524628.0,15116.714285714286,40.26462,-83.06921
Grandview Branch,0.0414982,4149.82,207491,15565457.0,144490.7142857143,39.98891,-83.04631
Short North Branch,0.0172648,1726.48,86324,15383882.0,83284.14285714286,39.97619,-83.00337
Madison Ridge Branch,0.0106172,1061.72,53086,15529045.0,44183.857142857145,41.8028,-81.05425
Mentor Shore Branch,0.0152822,1528.22,76411,15528168.0,65179.57142857143,41.70613,-81.3613
Great Lakes Mall Branch,0.015632999999999998,1563.3,78165,15531766.0,63540.57142857143,41.66269,-81.35485
Wickliffe Branch,0.0093286,932.86,46643,15528128.0,39046.57142857143,41.60473,-81.47592
Willo Plaza Branch,0.0207802,2078.02,103901,15533350.0,84292.14285714286,41.62678,-81.42705
Shoregate Branch,0.0175396,1753.96,87698,15531192.0,77568.57142857143,41.65237,-81.44222
Painesville West Branch,0.007781199999999999,778.12,38906,15528573.0,31238.85714285714,41.69727,-81.27991
Willoughby Hills Branch,0.0117272,1172.72,58636,15528978.0,48508.857142857145,41.58243,-81.48754
Eastlake-Vine Branch,0.010766399999999999,1076.64,53832,15528072.0,47259.28571428572,41.64256,-81.43595
Perry Branch,0.006439599999999999,643.96,32198,15526364.0,25449.571428571428,41.7683,-81.1445
Town Square Branch,0.0129488,1294.88,64744,15528024.0,56329.57142857143,41.67414,-81.32304
Painesville Square Branch,0.0205814,2058.14,102907,15539338.0,82029.28571428571,41.72376,-81.24447
Beachwood Branch,0.0264042,2640.42,132021,15540821.0,97748.14285714286,41.4645,-81.5183
Mayfield-Lyndhurst Branch,0.019155,1915.5,95775,15530769.0,70066.14285714286,41.51994,-81.48485
Euclid Lakeshore Branch,0.0073904,739.04,36952,15525556.0,32675.85714285714,41.61198,-81.52299
Pepper Pike Branch,0.0207632,2076.32,103816,15539962.0,77545.42857142857,41.46228,-81.4591
Southgate Northfield Branch,0.0043672,436.72,21836,15525461.0,17099.14285714286,41.41223,-81.52734
Great Northern Branch,0.012274,1227.4,61370,15532270.0,47001.0,41.41966,-81.90163
Independence Branch,0.0227832,2278.32,113916,15535105.0,85658.71428571429,41.39656,-81.64551
Westlake Detroit Branch,0.0240868,2408.68,120434,15530889.0,83817.14285714286,41.46398,-81.9488
Chardon Square Branch,0.019539,1953.9,97695,15536669.0,69031.57142857143,41.58342,-81.20418
Chesterland Branch,0.013288999999999999,1328.9,66445,15526819.0,57490.42857142857,41.51818,-81.38505
Tanglewood Branch,0.015588399999999999,1558.8400000000001,77942,15531604.0,57832.71428571428,41.3911,-81.33876
Cedar-Fairmount Branch,0.0276638,2766.38,138319,15544811.0,86295.71428571429,41.50107,-81.59479
Seven Hills Branch,0.0190224,1902.24,95112,15533148.0,74408.28571428571,41.35586,-81.68458
Berea Branch,0.009042,904.2,45210,15530466.0,35398.42857142857,41.37214,-81.86863
Kamms Plaza Branch,0.0153668,1536.68,76834,15529013.0,50142.57142857143,41.45013,-81.81855
Broadway Lorain Branch,0.0053051999999999995,530.52,26526,15525779.0,22546.714285714286,41.45263,-82.16627
Shoreway Branch,0.0055122,551.22,27561,15526073.0,23020.0,41.48946,-82.11308
Amherst Branch,0.0120968,1209.68,60484,15527792.0,48697.42857142857,41.4187,-82.20888
Southview Branch,0.0055791999999999994,557.92,27896,15524344.0,24759.14285714286,41.42724,-82.11728
Strongsville Branch,0.0177148,1771.48,88574,15541866.0,57678.57142857143,41.31051,-81.83513
Karamu Branch,0.000881,88.10000000000001,4405,15524476.0,4487.857142857143,41.49472,-81.62442
Medina Branch,0.0155232,1552.32,77616,15538276.0,53375.0,41.15607,-81.85741
Chapel Hill Branch,0.008399799999999999,839.98,41999,15529893.0,33914.857142857145,41.11147,-81.46606
Barberton Branch,0.0167182,1671.82,83591,15519400.0,74201.85714285714,41.01038,-81.58941
Akron Square Branch,0.10309499999999999,10309.5,515475,15523284.0,554232.1428571428,41.02866,-81.49142
University Park Branch,0.0057972,579.72,28986,15527065.0,20521.428571428572,41.07723,-81.49743
Norton Branch,0.011332199999999999,1133.22,56661,15525845.0,50623.28571428572,41.02537,-81.63818
Bailey Road Branch,0.013942999999999999,1394.3,69715,15542705.0,46089.57142857143,41.14634,-81.47485
Springfield Branch,0.0078154,781.54,39077,15525475.0,35787.142857142855,41.03201,-81.42811
Twinsburg Branch,0.019517,1951.7,97585,15531954.0,68831.28571428571,41.31106,-81.44024
Richfield-Bath Branch,0.0136908,1369.08,68454,15531927.0,52669.0,41.2016,-81.63791
Manchester Branch,0.011491999999999999,1149.2,57460,15526545.0,50418.142857142855,40.95196,-81.56739
Wadsworth Branch,0.017347599999999998,1734.76,86738,15525529.0,70432.85714285714,41.04385,-81.72877
Brunswick Branch,0.015130999999999999,1513.1000000000001,75655,15534006.0,54389.71428571428,41.23836,-81.80286
Acme No. 1 Branch,0.0076679999999999995,766.8000000000001,38340,15525940.0,36951.857142857145,41.11199,-81.57465
Ravenna Branch,0.0132708,1327.08,66354,15526965.0,58087.71428571428,41.15767,-81.24459
Aurora Branch,0.017314799999999998,1731.48,86574,15534436.0,67244.85714285714,41.31735,-81.35538
Mantua Branch,0.0090076,900.76,45038,15527176.0,37444.857142857145,41.28463,-81.22397
Randolph Branch,0.0072499999999999995,725.0,36250,15526322.0,29777.285714285714,41.03241,-81.24822
Kent Branch,0.0111598,1115.98,55799,15527907.0,43116.857142857145,41.13765,-81.35556
Stow Branch,0.0128924,1289.24,64462,15533611.0,46173.71428571428,41.15521,-81.40022
Akron Centre Branch,0.007744399999999999,774.44,38722,15532006.0,28187.0,41.0836,-81.51752
Belden Dressler Branch,0.0363284,3632.84,181642,15544255.0,138460.85714285713,40.84758,-81.43441
College Plaza Branch,0.0085962,859.62,42981,15521470.0,41879.0,40.90162,-81.09067
Hartville Branch,0.0120758,1207.58,60379,15521065.0,53959.71428571428,40.96781,-81.34575
Alliance Center Branch,0.018810399999999998,1881.04,94052,15519449.0,94287.28571428571,40.90181,-81.12282
Summit Mall Branch,0.0536964,5369.64,268482,15569424.0,176487.14285714287,41.13242,-81.6188
Canton Central Plaza Branch,0.0084084,840.84,42042,15523583.0,40362.42857142857,40.79818,-81.37498
Minerva Branch,0.0066186,661.86,33093,15525566.0,29115.0,40.72871,-81.1044
North Canton Branch,0.023572199999999998,2357.2200000000003,117861,15539051.0,85205.28571428571,40.87775,-81.40253
Canton 30th Street Branch,0.0090514,905.14,45257,15525986.0,40676.57142857143,40.83161,-81.3852
Louisville Ohio Branch,0.009157799999999999,915.78,45789,15529670.0,38282.142857142855,40.83762,-81.2601
Easton Branch,0.0077226,772.26,38613,15527707.0,32296.714285714286,40.87277,-81.3344
Walnut Street Branch,0.0157156,1571.56,78578,15524553.0,72371.0,40.7984,-81.94158
College Hills Branch,0.0085782,857.82,42891,15527253.0,38961.57142857143,40.8245,-81.93198
Uniontown Branch,0.009278,927.8000000000001,46390,15527933.0,37844.142857142855,40.97681,-81.40693
Medina Buehlers Branch,0.0099852,998.52,49926,15530816.0,38178.0,41.13619,-81.8052
Hudson Branch,0.0194582,1945.82,97291,15527350.0,71298.42857142857,41.23995,-81.44967
Brookwood Branch,0.008994199999999999,899.4200000000001,44971,15527426.0,37327.857142857145,40.75935,-82.56409
Lexwood Branch,0.012319199999999999,1231.92,61596,15525575.0,55008.28571428572,40.72991,-82.53724
Ashland Road Branch,0.0182352,1823.52,91176,15588470.0,32790.28571428572,40.77054,-82.48562
Mount Gilead Branch,0.0101684,1016.84,50842,15527574.0,45981.57142857143,40.5494,-82.82835
Claremont Branch,0.0142098,1420.98,71049,15528995.0,35902.28571428572,40.85574,-82.33352
Youngstown Main Branch,0.0205142,2051.42,102571,15516212.0,110251.0,41.10069,-80.6506
Poland Branch,0.014222199999999999,1422.22,71111,15526504.0,61480.857142857145,41.02498,-80.61555
Wickliffe-Youngstown Branch,0.006511599999999999,651.16,32558,15524235.0,30556.14285714286,41.10252,-80.72816
Market Street Branch,0.0019441999999999999,194.42000000000002,9721,15524489.0,8805.285714285714,41.07015,-80.65859
Boardman Branch,0.0202332,2023.32,101166,15532698.0,81213.42857142857,41.02453,-80.67406
Austintown Branch,0.0078986,789.86,39493,15526103.0,35746.28571428572,41.09956,-80.76459
Canfield Branch,0.0130764,1307.64,65382,15530559.0,49781.71428571428,41.02586,-80.761
Champion Branch,0.0110286,1102.8600000000001,55143,15526457.0,48016.857142857145,41.28275,-80.84499
Girard Branch,0.0100334,1003.34,50167,15521409.0,48448.0,41.15398,-80.7017
Salem Branch,0.0125214,1252.14,62607,15532803.0,47540.28571428572,40.90126,-80.85538
Columbiana Branch,0.0062239999999999995,622.4,31120,15525787.0,26170.285714285714,40.88917,-80.69364
Calcutta Branch,0.0079712,797.12,39856,15524940.0,36247.857142857145,40.6732,-80.57728
Howland Branch,0.0165266,1652.66,82633,15535816.0,63164.28571428572,41.23968,-80.74048
Newton Falls Branch,0.0080442,804.4200000000001,40221,15525728.0,35351.28571428572,41.18821,-80.97818
West Market Warren Branch,0.0098692,986.9200000000001,49346,15522022.0,25523.285714285714,41.23411,-80.8339
Liberty Branch,0.0100918,1009.1800000000001,50459,15528516.0,46520.142857142855,41.15308,-80.66494
Eastwood Mall Branch,0.0122654,1226.54,61327,15523253.0,39525.0,41.21094,-80.75273
Marietta Branch,0.0170242,1702.42,85121,15525501.0,78419.0,39.41502,-81.45496
Colegate Branch,0.004956599999999999,495.66,24783,15523666.0,21699.285714285714,39.44114,-81.46006
Pike and Acme Branch,0.0092762,927.62,46381,15524543.0,43237.857142857145,39.41137,-81.43047
Belpre Branch,0.008285599999999999,828.5600000000001,41428,15527729.0,34726.42857142857,39.27435,-81.56945
Coshocton Main Branch,0.0131928,1319.28,65964,15536717.0,54837.71428571428,40.27332,-81.86521
West Lafayette Branch,0.0033017999999999997,330.18,16509,15526207.0,14393.714285714286,40.27574,-81.75275
Dresden Branch,0.0026731999999999997,267.32,13366,15523843.0,12456.142857142857,40.11596,-82.00808
Dover Main Branch,0.015456,1545.6000000000001,77280,15520575.0,78238.28571428571,40.52022,-81.47955
Newcomerstown Branch,0.0044068,440.68,22034,15525425.0,19898.571428571428,40.27566,-81.60796
New Philadelphia Branch,0.008459399999999999,845.94,42297,15531238.0,35773.142857142855,40.48948,-81.44435
Uhrichsville Branch,0.0067864,678.64,33932,15498025.0,30944.428571428572,40.39118,-81.34602
Parkside Branch,0.004833,483.3,24165,15527168.0,19415.285714285714,40.54931,-81.49469
Athens Main Branch,0.0282834,2828.34,141417,15552253.0,111435.0,39.32915,-82.10109
Richland Avenue Branch,0.009758,975.8000000000001,48790,15530108.0,40742.0,39.31998,-82.10519
Plaza Branch,0.0083282,832.82,41641,15525426.0,37031.857142857145,39.33703,-82.06911
Zanesville Downtown Branch,0.0086914,869.14,43457,15520765.0,45940.42857142857,39.94011,-82.00718
Zanesville Brandywine Branch,0.0089528,895.28,44764,15524763.0,37903.28571428572,39.98543,-82.01905
Downtown Marion Branch,0.008128999999999999,812.9,40645,15526009.0,35454.28571428572,40.58854,-83.13044
Professional Park Branch,0.012548799999999999,1254.88,62744,15523922.0,47695.0,40.56741,-83.12128
University Forum Branch,0.0075394,753.94,37697,15525625.0,31704.714285714286,40.58107,-83.08672
Upper Sandusky Branch,0.0054148,541.48,27074,15523212.0,34014.857142857145,40.83073,-83.28129
Loveland Madeira Branch,0.0092716,927.16,46358,15526894.0,40252.57142857143,39.2653,-84.26709
Milford Shopping Center Branch,0.0093064,930.64,46532,15525491.0,42790.57142857143,39.1743,-84.27786
Williamsburg Branch,0.0056546,565.46,28273,15528410.0,23488.428571428572,39.05451,-84.05397
Cherry Grove Branch,0.014280399999999999,1428.04,71402,15530422.0,56928.42857142857,39.07192,-84.31491
Kenwood Branch,0.0174074,1740.74,87037,15527448.0,67618.14285714286,39.19618,-84.38071
Bethel Branch,0.006975599999999999,697.5600000000001,34878,15526869.0,28557.428571428572,38.96378,-84.08484
Montgomery Branch,0.0169796,1697.96,84898,15534550.0,65901.0,39.2579,-84.34173
Eastgate Wyler Park Branch,0.0150508,1505.08,75254,15548280.0,49871.857142857145,39.09598,-84.26351
Forest Park Cincinnati Branch,0.0045928,459.28000000000003,22964,15525227.0,19833.571428571428,39.28133,-84.49696
Mt. Lookout Branch,0.0147364,1473.64,73682,15535347.0,52427.71428571428,39.12821,-84.43095
Amelia Branch,0.0060906,609.0600000000001,30453,15527234.0,27945.428571428572,39.02698,-84.21614
Tri-County Branch,0.0064976,649.76,32488,15524332.0,29186.285714285714,39.29132,-84.46669
Cincinnati Downtown Branch,0.1531026,15310.26,765513,15869386.0,399559.5714285714,39.10009,-84.51148
North College Hill Branch,0.0058264,582.64,29132,15530661.0,20801.0,39.21725,-84.54398
Nelbar Branch,0.013394999999999999,1339.5,66975,15526933.0,64579.0,39.52743,-84.38197
Breiel Branch,0.0119584,1195.84,59792,15527847.0,52298.0,39.4989,-84.35564
Oxford High Street Branch,0.0158618,1586.18,79309,15540709.0,50266.0,39.51056,-84.74278
Monroe Branch,0.0053976,539.76,26988,15524674.0,23788.285714285714,39.44596,-84.35976
Fairfield Branch,0.0090028,900.28,45014,15528578.0,35724.857142857145,39.33804,-84.56011
Crescent Springs Branch,0.008345,834.5,41725,15530901.0,28547.85714285714,39.05476,-84.58073
Belleveue Branch,0.0070924,709.24,35462,15528183.0,27852.14285714286,39.10094,-84.48784
Grand Avenue Branch,0.0101222,1012.22,50611,15530847.0,40891.857142857145,39.07551,-84.46246
Burlington Wildcat Branch,0.0043118,431.18,21559,15525953.0,16448.0,39.01966,-84.69036
US 42 Branch,0.0125544,1255.44,62772,15532964.0,46703.857142857145,38.98744,-84.64886
Reading Road Branch,0.0039368,393.68,19684,15524584.0,14596.142857142857,39.16378,-84.47227
Sidney Main Branch,0.025502,2550.2000000000003,127510,15529199.0,117120.0,40.28569,-84.15608
North Sidney Branch,0.00040199999999999996,40.2,2010,15524235.0,1859.2857142857142,40.29676,-84.15794
West-Sidney Branch,0.008992,899.2,44960,15534848.0,31737.14285714286,40.28303,-84.15903
Lima Main Branch,0.0507768,5077.68,253884,15511941.0,273565.4285714286,40.74129,-84.1054
Cable Road Branch,0.0119732,1197.32,59866,15531103.0,49892.42857142857,40.74941,-84.14695
Harding Highway Branch,0.0114828,1148.28,57414,15526892.0,50606.142857142855,40.73071,-84.07292
North West Street Branch,0.0050772,507.72,25386,15525668.0,22626.85714285714,40.75634,-84.10863
Shawnee Branch,0.019971,1997.1000000000001,99855,15562060.0,58800.857142857145,40.70565,-84.1497
St. Marys Spring Street Branch,0.0071268,712.6800000000001,35634,15523212.0,32153.85714285714,40.54287,-84.3885
Findlay East Branch,0.0095668,956.6800000000001,47834,15530479.0,41213.857142857145,41.05339,-83.61092
Bluffton Branch,0.0067788,677.88,33894,15525124.0,27973.85714285714,40.89257,-83.89283
Grandview-Wapakoneta Branch,0.020078,2007.8,100390,15583783.0,35173.857142857145,40.58016,-84.20358
Celina Branch,0.0067066,670.66,33533,15525837.0,28519.714285714286,40.54895,-84.57244
Findlay North Branch,0.0076576,765.76,38288,15524213.0,28970.285714285714,41.06355,-83.66435
Findlay Main Branch,0.0162912,1629.1200000000001,81456,15527557.0,69535.14285714286,41.03705,-83.65035
Dayton Main Branch,0.0660178,6601.78,330089,15394038.0,406311.85714285716,39.76079,-84.19215
East Dayton Branch,0.0067154,671.54,33577,15523773.0,32013.0,39.76373,-84.16591
North Side Dayton Branch,0.0040758,407.58,20379,15525136.0,17338.14285714286,39.78293,-84.18886
Dayton North Main Branch,0.006117999999999999,611.8000000000001,30590,15525254.0,30602.14285714286,39.79952,-84.21842
Breitenstrater Square Branch,0.009151,915.1,45755,15528106.0,38895.57142857143,39.72397,-84.14932
Kettering Branch,0.015028999999999999,1502.9,75145,15524238.0,70386.71428571429,39.70106,-84.1235
Salem Trotwood Branch,0.0052416,524.16,26208,15524377.0,24558.0,39.8241,-84.2906
Airway Woodman Branch,0.0088752,887.52,44376,15526853.0,40932.0,39.7666,-84.12353
Far Hills Avenue Branch,0.034803,3480.3,174015,15547855.0,138198.0,39.70556,-84.17035
Phillipsburg Branch,0.0027161999999999998,271.62,13581,15524686.0,13524.857142857143,39.90475,-84.40157
Huber Heights Branch,0.0187232,1872.32,93616,15531211.0,84854.71428571429,39.84697,-84.11612
West Carrollton Branch,0.0072402,724.02,36201,15527759.0,33540.71428571428,39.6717,-84.25261
Wright Field Branch,0.0075498,754.98,37749,15525775.0,35727.42857142857,39.79142,-84.09622
Vandalia Branch,0.010333799999999999,1033.38,51669,15525462.0,45136.142857142855,39.88963,-84.21269
Dixie & Needmore Branch,0.0093216,932.16,46608,15524353.0,44194.28571428572,39.82002,-84.1982
Washington Centerville Branch,0.0367626,3676.26,183813,15592696.0,116487.85714285714,39.65764,-84.15747
Wright Patterson Afb Branch,0.0093374,933.74,46687,15526728.0,41187.57142857143,39.81552,-84.03061
South Centerville Branch,0.017566599999999998,1756.66,87833,15534724.0,70063.28571428571,39.61488,-84.16024
Englewood Taywood Branch,0.0108644,1086.44,54322,15527868.0,48142.57142857143,39.86745,-84.29124
Springboro Branch,0.013578999999999999,1357.9,67895,15530340.0,53029.857142857145,39.56119,-84.247
Beavercreek Branch,0.014848799999999999,1484.88,74244,15530828.0,63229.142857142855,39.7224,-84.06528
Fairborn Branch,0.010835,1083.5,54175,15527953.0,49575.71428571428,39.78325,-83.99934
Xenia Branch,0.0066742,667.42,33371,15528778.0,27684.14285714286,39.68333,-83.93496
Tipp City Branch,0.0102036,1020.36,51018,15531800.0,38591.28571428572,39.96162,-84.19393
Eaton Branch,0.007262599999999999,726.26,36313,15525836.0,32790.857142857145,39.75879,-84.63648
Piqua Branch,0.010128999999999999,1012.9,50645,15528644.0,43279.28571428572,40.14981,-84.23817
Miamisburg Branch,0.009585999999999999,958.6,47930,15528795.0,40181.857142857145,39.63858,-84.26494
Greenville Branch,0.0082126,821.26,41063,15526415.0,36014.71428571428,40.11595,-84.62221
Troy Branch,0.011146999999999999,1114.7,55735,15531266.0,42183.71428571428,40.04487,-84.21522
Wright-Dunbar Branch,0.003591,359.1,17955,15525080.0,16563.571428571428,39.75592,-84.21375
Washington Park Branch,0.0272676,2726.76,136338,15530003.0,114262.28571428571,39.63091,-84.19601
Fairfield Commons Branch,0.015456399999999999,1545.64,77282,15536045.0,55508.142857142855,39.76461,-84.05422
Mulberry Milford Branch,0.0130408,1304.08,65204,15529439.0,52647.857142857145,39.19667,-84.2318
Elm Road Branch,0.0131454,1314.54,65727,15526571.0,55257.57142857143,41.26564,-80.78282
New Massillon Branch,0.00847,847.0,42350,15524411.0,36049.42857142857,40.79638,-81.52347
Gahanna North Branch,0.0345598,3455.98,172799,15543318.0,135775.0,40.05873,-82.86346
Maxtown Branch,0.0407944,4079.44,203972,15542617.0,157196.7142857143,40.14872,-82.92273
Turfway Branch,0.012823399999999999,1282.34,64117,15529161.0,49282.0,39.01793,-84.63236
Lewis Center Branch,0.0218642,2186.42,109321,15534470.0,81390.14285714286,40.1628,-83.01949
Powell Road Branch,0.029309799999999997,2930.98,146549,15551986.0,102897.28571428571,40.15861,-83.09483
University High Street Branch,0.051604,5160.400000000001,258020,15571729.0,160559.85714285713,39.997,-83.00749
Ridgewood and Westminster,0.0124164,1241.64,62082,15531630.0,48095.71428571428,41.38452,-81.74364
Huntington Main Branch,0.044798399999999995,4479.84,223992,15540161.0,188615.57142857142,38.4197,-82.44182
Barboursville Branch,0.016346799999999998,1634.68,81734,15529299.0,68205.14285714286,38.41364,-82.30615
Milton Branch,0.0056548,565.48,28274,15525800.0,22821.714285714286,38.4348,-82.12833
Beckley Main Branch,0.018483,1848.3,92415,15522248.0,92917.14285714286,37.77558,-81.19171
By-Pass Plaza Branch,0.011551599999999999,1155.16,57758,15526374.0,53424.142857142855,37.81259,-81.18572
Beaver Branch,0.0136826,1368.26,68413,15524668.0,69729.85714285714,37.74905,-81.13496
Oak Hill Branch,0.0108202,1082.02,54101,15523459.0,55498.0,37.97416,-81.14501
Buckhannon Main Branch,0.02465,2465.0,123250,15523253.0,120726.14285714286,38.9941,-80.22954
Charleston Main Branch,0.049860999999999996,4986.1,249305,15507704.0,259706.57142857142,38.3498,-81.63671
South Charleston Branch,0.0116384,1163.84,58192,15522755.0,52988.42857142857,38.367,-81.69544
South Hills Branch,0.0056254,562.54,28127,15524322.0,27312.285714285714,38.3412,-81.64256
Elkview Branch,0.0089018,890.1800000000001,44509,15542749.0,28560.571428571428,38.44131,-81.48471
Kanawha City Branch,0.0104546,1045.46,52273,15525787.0,49899.857142857145,38.29881,-81.60487
State Capitol Branch,0.0043938,439.38,21969,15526508.0,18615.285714285714,38.34012,-81.61594
Clarksburg Main Branch,0.030489799999999997,3048.98,152449,15543620.0,161622.42857142858,39.27896,-80.33813
Bridgeport Johnson Avenue Branch,0.0130516,1305.16,65258,15519550.0,57693.57142857143,39.29978,-80.27681
Logan Main Branch,0.0144552,1445.52,72276,15517505.0,81868.85714285714,37.84285,-81.97699
Chapmanville Branch,0.0115622,1156.22,57811,15526031.0,52709.71428571428,37.94818,-82.05171
St. Albans Branch,0.0110642,1106.42,55321,15525772.0,52703.28571428572,38.3886,-81.82979
Wayne Main Branch,0.0086674,866.74,43337,15537896.0,32589.14285714286,38.22371,-82.43259
Lavalette Branch,0.0042372,423.72,21186,15525550.0,18196.85714285714,38.37642,-82.45459
Wheeling Main Branch,0.013595999999999999,1359.6000000000001,67980,15526699.0,63952.42857142857,40.06854,-80.72262
Shadyside Branch,0.005075,507.5,25375,15524311.0,21405.85714285714,39.9739,-80.74627
Bellaire Branch,0.006559799999999999,655.98,32799,15522928.0,30979.714285714286,40.01414,-80.74332
Steubenville Branch,0.0072169999999999995,721.7,36085,15525796.0,37845.857142857145,40.36006,-80.6151
Bae Mar Branch,0.009498999999999999,949.9,47495,15524056.0,38834.57142857143,40.07223,-80.68236
Wintersville Branch,0.0138912,1389.1200000000001,69456,15524758.0,62271.0,40.37141,-80.68704
Teays Valley Banking Center Branch,0.0089622,896.22,44811,15529798.0,31715.0,38.45185,-81.93741
Graceland Banking Center Branch,0.0081202,812.02,40601,15527243.0,36868.42857142857,40.06601,-83.02446
Rocky River Banking Center Branch,0.0158916,1589.16,79458,15531317.0,57728.71428571428,41.45943,-81.86106
Chase Center Branch,0.165274,16527.4,826370,15520138.0,768799.7142857143,41.505,-81.69111
Polaris Branch,0.051467599999999995,5146.76,257338,15568269.0,167373.0,40.14446,-82.99116
Sugarcreek Banking Center Branch,0.0115372,1153.72,57686,15526546.0,45236.857142857145,39.63295,-84.11038
Chicago's Main Office Branch,7.3078056,730780.56,36539028,8736328.0,35994946.571428575,41.88187,-87.62948
Near North Branch,0.07318179999999999,7318.18,365909,15543993.0,291699.71428571426,41.90242,-87.6314
Wacker Drive Branch,0.0663444,6634.4400000000005,331722,15548947.0,248322.42857142858,41.88686,-87.62694
Oak Brook Branch,0.0743682,7436.82,371841,15554490.0,281599.0,41.84634,-87.97138
Elmhurst York Branch,0.0437016,4370.16,218508,15545808.0,166725.14285714287,41.90178,-87.93988
Niles Branch,0.055776,5577.6,278880,15553694.0,214753.0,42.05471,-87.83853
Little Village Branch,0.0183312,1833.1200000000001,91656,15532176.0,71802.14285714286,41.84436,-87.7214
Oak Park/Madison Branch,0.0274932,2749.32,137466,15539353.0,106830.28571428571,41.89475,-87.78969
Western Branch,0.0122338,1223.38,61169,15528456.0,53390.0,41.78014,-87.68353
Oak Lawn Branch,0.038776399999999996,3877.64,193882,15541412.0,146454.14285714287,41.70296,-87.74032
Antioch Branch,0.0142584,1425.84,71292,15527152.0,61394.857142857145,42.47727,-88.09744
Northbrook Dundee Branch,0.0458154,4581.54,229077,15543753.0,190590.7142857143,42.13821,-87.84854
Glenview/River Drive Branch,0.047302399999999994,4730.24,236512,15540476.0,184412.57142857142,42.07262,-87.80107
Rogers Park Branch,0.053782199999999995,5378.22,268911,15540545.0,223361.14285714287,42.00926,-87.69006
79th/Cicero Branch,0.048885599999999994,4888.56,244428,15543709.0,180017.42857142858,41.74931,-87.74003
West Lakeview Branch,0.088021,8802.1,440105,15563786.0,330817.71428571426,41.94268,-87.66867
Orland Park Lagrange Branch,0.08817939999999999,8817.94,440897,15560182.0,357927.0,41.61522,-87.85346
Kedzie Branch,0.0162962,1629.6200000000001,81481,15528713.0,71935.28571428571,41.74112,-87.70216
Archer Branch,0.029670199999999997,2967.02,148351,15538953.0,110327.57142857143,41.81445,-87.70373
Worth Branch,0.0213822,2138.2200000000003,106911,15531286.0,87471.0,41.6902,-87.79017
Berwyn Branch,0.028336,2833.6,141680,15542621.0,104405.71428571429,41.8507,-87.78754
East Lakeview Branch,0.11927679999999999,11927.68,596384,15576490.0,464258.71428571426,41.93757,-87.6487
Lincoln Park Branch,0.0718236,7182.360000000001,359118,15550779.0,300551.14285714284,41.9217,-87.6646
Bolingbrook Branch,0.024534999999999998,2453.5,122675,15530638.0,96597.28571428571,41.70976,-88.0728
Mt. Prospect - Busse Branch,0.126385,12638.5,631925,15458673.0,610940.5714285715,42.06444,-87.9352
Golf Road Branch,0.060610399999999995,6061.04,303052,15549081.0,236193.0,42.05121,-87.98146
Palatine Branch,0.0476356,4763.56,238178,15539627.0,179016.2857142857,42.139,-88.01541
Oak Park Branch,0.09960179999999999,9960.18,498009,15562104.0,416177.85714285716,41.88865,-87.80247
Winnetka Branch,0.2303134,23031.34,1151567,15819143.0,638640.0,42.1059,-87.73346
Ravenswood Branch,0.10499539999999999,10499.54,524977,15581393.0,427213.14285714284,41.96874,-87.6751
Schiller Park Branch,0.0351184,3511.84,175592,15543973.0,131286.85714285713,41.95413,-87.86025
Lansing Ridge Branch,0.0321302,3213.02,160651,15538533.0,132192.7142857143,41.56471,-87.54133
Naperville Branch,0.10429279999999999,10429.28,521464,15566079.0,398278.71428571426,41.7528,-88.11933
Fox Valley Branch,0.0768524,7685.24,384262,15559109.0,305755.5714285714,41.75821,-88.20751
Downers Grove Ogden Branch,0.0605784,6057.84,302892,15539352.0,238154.57142857142,41.80861,-88.01473
Batavia Avenue Branch,0.0205108,2051.08,102554,15534986.0,80722.85714285714,41.85194,-88.31221
Randall Branch,0.045238999999999994,4523.900000000001,226195,15541493.0,170647.42857142858,41.84985,-88.34034
Stratford Branch,0.07510739999999999,7510.74,375537,15552547.0,296785.85714285716,41.9535,-88.10883
Springbrook Branch,0.0453098,4530.9800000000005,226549,15550353.0,178236.0,41.95807,-88.08513
Wheaton Main Branch,0.07924139999999999,7924.14,396207,15537417.0,378056.14285714284,41.86611,-88.10631
Carol Stream Branch,0.0688612,6886.12,344306,15527843.0,271305.28571428574,41.89198,-88.10545
Warrenville Facility Branch,0.023386399999999998,2338.64,116932,15533614.0,93368.57142857143,41.8313,-88.19943
Wheaton South Facility Branch,0.118251,11825.1,591255,15567758.0,484685.5714285714,41.83945,-88.10177
Dunham Branch,0.0399972,3999.7200000000003,199986,15538503.0,154954.14285714287,41.9225,-88.28533
St. Charles/Randall Facility Branch,0.0546578,5465.78,273289,15559048.0,204285.0,41.90406,-88.34008
Elgin Randall Rd Branch,0.037804,3780.4,189020,15544880.0,148120.7142857143,42.02597,-88.33898
Stony Island Branch,0.0242422,2424.2200000000003,121211,15531088.0,108494.85714285714,41.77396,-87.58639
Michigan Avenue Branch,0.1455734,14557.34,727867,15552277.0,618799.7142857143,41.89283,-87.62411
Hancock Center Branch,0.08872179999999999,8872.18,443609,15580856.0,314829.71428571426,41.89843,-87.62395
Hinsdale/Ogden Branch,0.0645656,6456.56,322828,15538886.0,242933.42857142858,41.81739,-87.92061
Woodridge Branch,0.0909104,9091.04,454552,15563448.0,367905.5714285714,41.75106,-88.01255
Sauganash Branch,0.053436399999999995,5343.64,267182,15546422.0,213954.2857142857,41.98994,-87.73268
River Grove Branch,0.0093662,936.62,46831,15528551.0,34361.57142857143,41.93692,-87.83586
Romeoville/Phelps Branch,0.016187399999999998,1618.74,80937,15528676.0,68413.28571428571,41.6532,-88.08312
Crystal Lake Main Branch,0.025892,2589.2000000000003,129460,15536356.0,91331.71428571429,42.22563,-88.31182
Milwaukee Avenue Branch,0.16778079999999998,16778.08,838904,15425672.0,872659.5714285715,41.9872,-87.77815
Barrington Branch,0.0319434,3194.34,159717,15548195.0,146678.2857142857,42.16154,-88.13796
Elgin Branch,0.0113986,1139.8600000000001,56993,15525169.0,53754.71428571428,42.03726,-88.28477
Dempster Branch,0.039922,3992.2000000000003,199610,15548832.0,148655.7142857143,42.04084,-87.73269
Lincoln Branch,0.0491606,4916.06,245803,15541468.0,215226.42857142858,42.02645,-87.75454
Arlington Rand Branch,0.0654778,6547.78,327389,15623749.0,199499.14285714287,42.11184,-87.97903
Shady Oaks Branch,0.0221712,2217.12,110856,15532259.0,88185.85714285714,42.04652,-88.25159
Hoffman Estates Branch,0.046362799999999996,4636.28,231814,15538629.0,177074.85714285713,42.04647,-88.143
Larkin Branch,0.0200648,2006.48,100324,15525424.0,87377.14285714286,42.03404,-88.31806
Orrington Branch,0.10738639999999999,10738.64,536932,15556861.0,421812.85714285716,42.04676,-87.68143
Mcdaniel Banking Center Branch,0.026422599999999997,2642.26,132113,15532080.0,109000.85714285714,42.05297,-87.70977
Pfingsten Branch,0.09488579999999999,9488.58,474429,15575723.0,378961.71428571426,42.10638,-87.84889
Highland Park Branch,0.101493,10149.300000000001,507465,15567818.0,502881.71428571426,42.1861,-87.79839
Gurnee Branch,0.0418418,4184.18,209209,15550143.0,150185.7142857143,42.38572,-87.96013
Lake Zurich Plaza Branch,0.0484686,4846.86,242343,15549670.0,180213.42857142858,42.20147,-88.04728
Lemont Branch,0.0418686,4186.86,209343,15550737.0,145404.57142857142,41.65948,-87.99999
Randhurst Branch,0.17184,17184.0,859200,15548832.0,797878.2857142857,42.0879,-87.93418
Mt. Prospect Countryside Branch,0.0480894,4808.9400000000005,240447,15540647.0,192230.42857142858,42.04364,-87.94082
Streamwood Facility Branch,0.0202282,2022.82,101141,15532148.0,81493.28571428571,42.01281,-88.17963
Woodfield Facility Branch,0.0008192,81.92,4096,15524401.0,3660.285714285714,42.05163,-88.04882
Northfield Branch,0.0446672,4466.72,223336,15536308.0,181279.57142857142,42.10233,-87.77094
Winfield Road Branch,0.023989999999999997,2399.0,119950,15531781.0,98009.57142857143,41.87105,-88.15791
Schaumburg-Meacham Branch,0.1015344,10153.44,507672,15558096.0,362407.85714285716,42.04033,-88.04558
Elk Grove Village-Higgins Rd Branch,0.041686799999999996,4168.68,208434,15545573.0,165550.57142857142,42.02827,-87.98615
Park Ridge Facility Branch,0.20567339999999998,20567.34,1028367,15561964.0,757365.2857142857,42.01148,-87.82995
Scott Branch,0.012294,1229.4,61470,15528562.0,54110.71428571428,41.52653,-88.08014
Jefferson Branch,0.0238092,2380.92,119046,15540278.0,93432.71428571429,41.522,-88.1433
Park Forest Branch,0.010849,1084.9,54245,15529053.0,43465.142857142855,41.48598,-87.67877
Plainfield Illinois Branch,0.0146118,1461.18,73059,15528322.0,62669.28571428572,41.60771,-88.20363
Shorewood Branch,0.030492199999999997,3049.2200000000003,152461,15565770.0,94251.42857142857,41.5215,-88.20871
Crest Hill Branch,0.0242022,2420.2200000000003,121011,15533499.0,103176.0,41.55319,-88.12322
Mokena Branch,0.008779799999999999,877.98,43899,15526949.0,35384.142857142855,41.53106,-87.88775
New Lenox Branch,0.0193926,1939.26,96963,15528442.0,83021.57142857143,41.5176,-87.98002
Deerfield Branch,0.10038359999999999,10038.36,501918,15571772.0,371284.14285714284,42.16675,-87.84567
Marengo Branch,0.0061242,612.42,30621,15526114.0,27041.14285714286,42.24816,-88.60732
Woodstock Branch,0.0109118,1091.18,54559,15529417.0,40539.57142857143,42.31529,-88.44714
Algonquin Branch,0.0126576,1265.76,63288,15531381.0,47589.857142857145,42.16117,-88.27583
Cary Branch,0.0229044,2290.44,114522,15532377.0,89586.57142857143,42.21168,-88.24576
Lake Zurich-Rand Branch,0.0372756,3727.56,186378,15542905.0,136178.42857142858,42.17606,-88.07498
Lockport Jewel Branch,0.0080324,803.24,40162,15529252.0,26632.714285714286,41.63044,-87.93117
Lake Forest Branch,0.0386558,3865.58,193279,15544465.0,134650.42857142858,42.25011,-87.83933
Arlington Heights Dunton Branch,0.08233299999999999,8233.3,411665,15540401.0,361573.5714285714,42.05782,-87.98835
Roosevelt & Canal Jewel Branch,0.0123932,1239.32,61966,15526835.0,47889.28571428572,41.86601,-87.63928
Grand Branch,0.066894,6689.400000000001,334470,15493614.0,329803.28571428574,41.93161,-87.93619
Bensenville-Main Branch,0.023372999999999998,2337.3,116865,15531226.0,94314.71428571429,41.95731,-87.94192
Libertyville-Milwaukee Branch,0.081218,8121.8,406090,15530860.0,356809.14285714284,42.26315,-87.94915
Cook Branch,0.030500799999999998,3050.08,152504,15536234.0,122257.42857142857,42.28775,-87.95598
Melrose Park Branch,0.033246399999999995,3324.64,166232,15524541.0,149477.2857142857,41.90302,-87.86312
Elk Grove Town Center Branch,0.0162482,1624.82,81241,15529182.0,62774.57142857143,42.00174,-88.00581
Naperville Rt 59 and 95th Branch,0.013174799999999999,1317.48,65874,15530926.0,47636.71428571428,0.0,0.0
Bartlett Branch,0.0117842,1178.42,58921,15528603.0,44013.142857142855,0.0,0.0
Evanston-Grove Branch,0.0218382,2183.82,109191,15535464.0,78641.28571428571,42.04551,-87.684
North Evanston Facility Branch,0.0377928,3779.28,188964,15535753.0,147433.0,42.06427,-87.69883
Mcclean Branch,0.0166574,1665.74,83287,15528755.0,72739.28571428571,42.0594,-88.31545
LA Grange Branch,0.055342999999999996,5534.3,276715,15551929.0,208144.42857142858,41.81551,-87.86973
Willowbrook Facility Branch,0.0903316,9033.16,451658,15566012.0,325232.28571428574,41.76227,-87.94115
Wilmette Main Branch,0.108639,10863.9,543195,15584956.0,452910.14285714284,42.07675,-87.70769
Jeffery Manor Branch,0.0117434,1174.34,58717,15526880.0,44216.57142857143,41.72248,-87.57763
Glenview Jewel Branch,0.0116028,1160.28,58014,15524921.0,45755.142857142855,42.07979,-87.81818
Baton Rouge Main Branch,0.99908,99908.0,4995400,15171380.0,4952717.285714285,30.44935,-91.18648
Fourth Street Branch,0.0069876,698.76,34938,15545794.0,15475.0,32.50868,-92.11893
Northside Branch,0.0170474,1704.74,85237,15538413.0,64535.57142857143,32.52672,-92.11554
Jackson Street - Monroe Branch,0.032853799999999996,3285.38,164269,15506993.0,197799.85714285713,32.498,-92.11383
University Monroe Branch,0.0080926,809.26,40463,15529273.0,32619.285714285714,32.5333,-92.07936
Glenwood Branch,0.011023999999999999,1102.4,55120,15531699.0,43526.42857142857,32.51608,-92.15735
Eastside Branch,0.005558,555.8000000000001,27790,15526680.0,22734.0,32.52993,-92.03305
Line Avenue Branch,0.010075599999999999,1007.5600000000001,50378,15526465.0,47242.857142857145,32.49553,-93.7461
Greenwood Road Branch,0.0043419999999999995,434.2,21710,15524694.0,20456.285714285714,32.47334,-93.80017
Broadmoor Shreveport Branch,0.0192022,1920.22,96011,15530710.0,78085.0,32.48007,-93.72211
E 70th Shreveport Branch,0.0079772,797.72,39886,15544966.0,21063.428571428572,32.44206,-93.75187
North Shreveport Branch,0.010286,1028.6,51430,15525232.0,46222.42857142857,32.53568,-93.76682
Southern Hills Shreveport Branch,0.012250599999999999,1225.06,61253,15525336.0,59547.0,32.40701,-93.79974
Huntington 70th Street Branch,0.0086528,865.28,43264,15523850.0,42077.142857142855,32.44209,-93.85708
East 80 Branch,0.0071021999999999995,710.22,35511,15525751.0,33055.0,32.55628,-93.5677
Airline Bossier Branch,0.014093,1409.3,70465,15530979.0,55620.0,32.52816,-93.70179
Shreveport Main Branch,0.1100756,11007.56,550378,15465585.0,382433.4285714286,32.51358,-93.74879
Baker Branch,0.0069938,699.38,34969,15525283.0,30502.85714285714,30.59236,-91.16726
Highland Road Branch,0.031348799999999996,3134.88,156744,15533616.0,133007.7142857143,30.3784,-91.13896
North Sherwood Branch,0.0124288,1242.88,62144,15527777.0,54278.28571428572,30.45916,-91.05749
Airline Branch,0.0082176,821.76,41088,15546877.0,21236.714285714286,30.50215,-91.13115
Perkins Road Branch,0.017525,1752.5,87625,15534667.0,66238.0,30.41993,-91.15039
Zachary Branch,0.012494799999999999,1249.48,62474,15531243.0,50954.57142857143,30.64713,-91.15063
Harding-Plank Branch,0.0081826,818.26,40913,15526725.0,39326.71428571428,30.52066,-91.14575
Drusilla Branch,0.019036,1903.6000000000001,95180,15527477.0,82816.57142857143,30.41924,-91.08881
Tara Branch,0.012641,1264.1000000000001,63205,15531776.0,50630.142857142855,30.44265,-91.0951
South Sherwood Forest Branch,0.017315999999999998,1731.6000000000001,86580,15526025.0,75825.57142857143,30.42063,-91.05165
Shenandoah Branch,0.014934399999999999,1493.44,74672,15529869.0,56071.142857142855,30.39665,-91.0177
Siegen Lane Branch,0.025558599999999997,2555.86,127793,15529805.0,99884.85714285714,30.36987,-91.07348
Sullivan Road Branch,0.0138316,1383.16,69158,15528782.0,55369.57142857143,30.51314,-91.03006
O'neal Lane Branch,0.0063136,631.36,31568,15528504.0,25332.285714285714,30.45079,-91.00799
Houma Main Branch,0.0397608,3976.08,198804,15450308.0,123707.85714285714,29.5984,-90.7179
Larose Branch,0.0061725999999999994,617.26,30863,15522454.0,31638.85714285714,29.5722,-90.3816
Lockport Branch,0.0092234,922.34,46117,15522198.0,55792.857142857145,29.63952,-90.53854
Bayou Blue Branch,0.006229999999999999,623.0,31150,15521177.0,36512.71428571428,29.6474,-90.68992
Galliano Branch,0.006039999999999999,604.0,30200,15520865.0,31238.428571428572,29.44104,-90.30058
Des Allemands Branch,0.0034814,348.14,17407,15524971.0,16109.42857142857,29.82333,-90.47825
Raceland Branch,0.009054399999999999,905.44,45272,15525802.0,43036.42857142857,29.72893,-90.59765
Chauvin Branch,0.0053138,531.38,26569,15524123.0,26888.571428571428,29.44466,-90.5941
East Side Branch,0.0082688,826.88,41344,15522699.0,38508.71428571428,29.58838,-90.70307
Southland Mall Branch,0.012750599999999999,1275.06,63753,15522979.0,59936.28571428572,29.6329,-90.75747
Bayou Black Branch,0.0121662,1216.6200000000001,60831,15526894.0,49853.857142857145,29.58109,-90.7478
Prospect Branch,0.0066472,664.72,33236,15523663.0,30009.85714285714,29.58259,-90.65954
University-Thibodaux Branch,0.011283999999999999,1128.4,56420,15527334.0,46814.57142857143,29.77427,-90.81663
Second Avenue Branch,0.00526,526.0,26300,15524135.0,21534.14285714286,30.22743,-93.19986
Westlake Mckinley Branch,0.0055876,558.76,27938,15525732.0,22895.0,30.24768,-93.25616
Prien Branch,0.0076592,765.9200000000001,38296,15526536.0,33015.71428571428,30.19831,-93.20417
Nelson Road Branch,0.0198938,1989.38,99469,15540265.0,69829.71428571429,30.18344,-93.24942
Moss Bluff Branch,0.005937,593.7,29685,15524303.0,25290.14285714286,30.30066,-93.20494
Carencro Branch,0.008976399999999999,897.64,44882,15524637.0,38678.0,30.30589,-92.0494
West University Lafayette Branch,0.0064183999999999995,641.84,32092,15525337.0,28016.0,30.23061,-92.03141
Oil Center Branch,0.0199728,1997.28,99864,15526504.0,79882.71428571429,30.20639,-92.01227
Scott Branch,0.014657199999999999,1465.72,73286,15528052.0,61636.857142857145,30.23366,-92.09144
Moss Street Branch,0.012024,1202.4,60120,15524989.0,51199.0,30.25449,-92.00522
Pinhook Road Branch,0.013697599999999999,1369.76,68488,15525087.0,61196.857142857145,30.18844,-92.01393
Broadmoorlafayette Branch,0.0241674,2416.7400000000002,120837,15527323.0,98079.28571428571,30.18217,-92.07036
Congress Branch,0.018196399999999998,1819.64,90982,15523978.0,76740.28571428571,30.19874,-92.06935
Southpark Branch,0.019596,1959.6000000000001,97980,15529002.0,76741.85714285714,30.16512,-91.98704
Kaliste Saloom Road Branch,0.013973,1397.3,69865,15528208.0,49635.142857142855,30.17378,-92.02887
Southside Branch,0.0065114,651.14,32557,15521357.0,31242.714285714286,29.98726,-91.83803
North Lewis Branch,0.0078446,784.46,39223,15527339.0,32183.285714285714,,
Place St. Charles Branch,0.2587634,25876.34,1293817,15524078.0,1239401.857142857,29.95222,-90.06985
Broad-Desoto Branch,0.0101976,1019.76,50988,15526277.0,44543.857142857145,29.97679,-90.07778
Ruston Main Branch,0.014193599999999999,1419.3600000000001,70968,15524918.0,68405.71428571429,32.53246,-92.63897
I-20 Branch,0.005965,596.5,29825,15524975.0,25776.714285714286,32.49773,-92.64439
Southfield Albertson's Branch,0.0041978,419.78000000000003,20989,15525263.0,19130.714285714286,32.45659,-93.70951
Old Minden Rd Branch,0.0234698,2346.98,117349,15523017.0,111805.57142857143,32.52251,-93.69724
South Bossier Branch,0.011014,1101.4,55070,15527405.0,48853.42857142857,32.47068,-93.6704
Bonnabel Branch,0.020187399999999998,2018.74,100937,15531609.0,88506.85714285714,30.00165,-90.13825
Ryan Street Branch,0.0117822,1178.22,58911,15527891.0,47756.28571428572,30.19049,-93.21848
Hammond Wal-Mart Branch,0.0030789999999999997,307.90000000000003,15395,15526409.0,11705.285714285714,30.50302,-90.49259
Parc Fontaine Branch,0.0299998,2999.98,149999,15531619.0,132399.0,29.91933,-90.01129
Royal-Bienville Branch,0.011956,1195.6000000000001,59780,15533205.0,48944.42857142857,29.95438,-90.06792
Carrollton Branch,0.0308086,3080.86,154043,15528853.0,130879.57142857143,29.9552,-90.121
St. Charles Avenue Branch,0.0276598,2765.98,138299,15521696.0,118587.85714285714,29.93397,-90.08057
Gentilly-Woods Branch,0.0126374,1263.74,63187,15522825.0,60483.28571428572,30.00516,-90.03719
Harrison Avenue Branch,0.0431126,4311.26,215563,15535163.0,181442.14285714287,30.00483,-90.1072
Touro Branch,0.0092338,923.38,46169,15526212.0,42556.857142857145,29.92637,-90.09248
Prytania Drive Up Branch,0.0016967999999999998,169.68,8484,15523852.0,9185.857142857143,29.92452,-90.10791
Mandeville Branch,0.014799399999999999,1479.94,73997,15526896.0,65215.28571428572,30.37721,-90.09203
Slidell Branch,0.024399999999999998,2440.0,122000,15525979.0,112860.0,30.28493,-89.77629
Elmwood Branch,0.038571999999999995,3857.2000000000003,192860,15532262.0,174909.7142857143,29.95769,-90.18303
Ormond Branch,0.017237799999999998,1723.78,86189,15532059.0,67548.42857142857,29.9842,-90.35102
Covington Branch,0.021243599999999998,2124.36,106218,15522977.0,91165.71428571429,30.46597,-90.08428
Manhattan Boulevard Branch,0.0268036,2680.36,134018,15535474.0,108943.0,29.87948,-90.05105
Veterans Branch,0.047889799999999996,4788.9800000000005,239449,15528204.0,227405.14285714287,30.00434,-90.16791
Laplace Branch,0.0125048,1250.48,62524,15528765.0,55948.42857142857,30.06691,-90.48082
East Gause Branch,0.0185346,1853.46,92673,15520224.0,83575.57142857143,30.28523,-89.74155
Kenner Branch,0.036237399999999996,3623.7400000000002,181187,15535252.0,151048.85714285713,30.02061,-90.23913
Terrytown Branch,0.0284126,2841.26,142063,15524281.0,128241.71428571429,29.90248,-90.04978
Roosevelt Branch,0.021767599999999998,2176.76,108838,15522783.0,102971.71428571429,30.00594,-90.22787
Severn Branch,0.0384206,3842.06,192103,15570572.0,143229.57142857142,30.0121,-90.15921
Old Metairie Branch,0.028358599999999998,2835.86,141793,15528215.0,123209.71428571429,29.98732,-90.13916
Harahan Branch,0.0163456,1634.56,81728,15528063.0,76195.42857142857,29.93584,-90.20066
Prytania Branch,0.0329058,3290.58,164529,15542818.0,120741.42857142857,29.92465,-90.1089
Pontchartrain Branch,0.0128016,1280.16,64008,15525564.0,60575.57142857143,30.25659,-89.78852
Highway 22 Branch,0.0520046,5200.46,260023,15556224.0,209163.2857142857,30.38788,-90.08035
Lakewood Slidell Branch,0.0177412,1774.1200000000001,88706,15527804.0,89591.57142857143,30.2846,-89.76069
West Judge Perez Branch,0.0226424,2264.2400000000002,113212,15521374.0,115782.0,29.95141,-89.97354
Jefferson Street Branch,0.0506448,5064.4800000000005,253224,15519614.0,284770.28571428574,30.22414,-92.01885
Crossroads South Albertsons Branch,0.0084306,843.0600000000001,42153,15524754.0,33749.0,30.15849,-92.05091
College Road Albertsons Branch,0.0043933999999999996,439.34000000000003,21967,15524893.0,18969.14285714286,30.20762,-92.03799
North Court Branch,0.014905199999999999,1490.52,74526,15527509.0,69994.71428571429,30.53556,-92.08252
Port Barre Branch,0.0034974,349.74,17487,15525133.0,14378.0,30.54742,-91.9111
Sunset Branch,0.0075309999999999995,753.1,37655,15524629.0,34171.142857142855,30.41036,-92.0609
Jim Bowie Branch,0.009467999999999999,946.8000000000001,47340,15526799.0,38533.142857142855,30.51634,-92.08293
Abbeville Branch,0.0044136,441.36,22068,15524999.0,18016.285714285714,29.97327,-92.13124
Center Street Branch,0.0127098,1270.98,63549,15521248.0,66052.14285714286,29.99853,-91.82265
Winwood Branch,0.021227,2122.7,106135,15527543.0,90170.14285714286,30.2057,-92.04123
Lakeside Plaza Branch,0.07107279999999999,7107.28,355364,15440096.0,387897.71428571426,30.23624,-93.2209
Northside Lake Charles Branch,0.0039618,396.18,19809,15522804.0,18288.85714285714,30.25043,-93.18062
Dequincy Branch,0.0039532,395.32,19766,15525356.0,18622.85714285714,30.45089,-93.43538
Deridder Branch,0.009833,983.3000000000001,49165,15523732.0,43392.42857142857,30.8456,-93.28646
Beglis Parkway Branch,0.0171134,1711.3400000000001,85567,15531858.0,66560.28571428571,30.23115,-93.35946
Lake Charles Wal-Mart Branch,0.002672,267.2,13360,15525435.0,10419.714285714286,30.15822,-93.15504
Stubbs and N 18th Street Branch,0.0091298,912.98,45649,15524783.0,42106.28571428572,32.5198,-92.1091
Highland West Monroe Branch,0.010668799999999999,1066.88,53344,15528780.0,45779.28571428572,32.51857,-92.14658
Southeast Mlk Jr Branch,0.0061332,613.32,30666,15540364.0,15985.42857142857,32.48681,-92.08355
Forsythe Branch,0.0102998,1029.98,51499,15527729.0,42550.28571428572,32.53516,-92.1076
Alexandria Main Branch,0.0188792,1887.92,94396,15498652.0,99741.42857142857,31.31084,-92.44543
Memorial Drive Alexandria Branch,0.0071941999999999996,719.42,35971,15525377.0,32288.571428571428,31.27934,-92.45738
Tioga Branch,0.0039824,398.24,19912,15523461.0,20059.285714285714,31.38309,-92.43412
Edgewood Drive Branch,0.0097422,974.22,48711,15527643.0,42366.0,31.33299,-92.39913
Ball Branch,0.0049927999999999995,499.28000000000003,24964,15527800.0,20601.714285714286,31.40708,-92.41158
Jackson Street Branch,0.0212478,2124.78,106239,15527967.0,96364.42857142857,31.28377,-92.4769
Mid-City Branch,0.0109426,1094.26,54713,15526816.0,50697.71428571428,30.44409,-91.15786
University Village Branch,0.017721399999999998,1772.14,88607,15529767.0,63177.71428571428,30.41825,-91.17833
Florida Boulevard Branch,0.0070094,700.94,35047,15525403.0,31557.14285714286,30.45161,-91.11329
Sherwood Forest Branch,0.0107458,1074.58,53729,15531305.0,43248.28571428572,30.43562,-91.0575
Monterrey Branch,0.0152252,1522.52,76126,15532039.0,62028.28571428572,30.47436,-91.08367
Bluebonnet Branch,0.0147292,1472.92,73646,15529997.0,57759.0,30.38722,-91.0936
Essen Lanealbertsons Branch,0.006792599999999999,679.26,33963,15526882.0,26830.14285714286,30.39562,-91.11067
College Drive Albertsons Branch,0.0060355999999999995,603.5600000000001,30178,15524391.0,26708.14285714286,30.4207,-91.14066
Jones Creek Albertsons Branch,0.006507,650.7,32535,15527538.0,25663.14285714286,30.40833,-91.0157
Walnut Hill and Macarthur Branch,0.038632599999999996,3863.26,193163,15542699.0,144749.57142857142,32.88596,-96.96399
Market Center Branch,0.013823199999999999,1382.32,69116,15533456.0,53464.857142857145,32.79464,-96.82324
Lincoln Centre Branch,0.0263538,2635.38,131769,15548656.0,87474.14285714286,32.92545,-96.81606
Preston Branch,0.11134,11134.0,556700,15506448.0,421046.28571428574,32.86141,-96.8042
Irving Branch,0.0378472,3784.7200000000003,189236,15566734.0,136631.57142857142,32.84508,-96.99221
Centerville Garland Branch,0.0403402,4034.02,201701,15547719.0,136234.2857142857,32.85858,-96.64552
Garland Branch,0.01738,1738.0,86900,15525002.0,93802.14285714286,32.91194,-96.64815
North Garland Drive-Up Branch,0.013066999999999999,1306.7,65335,15534041.0,45916.0,32.96323,-96.64519
Abilene Branch,0.015826,1582.6000000000001,79130,15521215.0,96005.42857142857,32.45211,-99.76507
Austin Downtown Sixth St Branch,0.3887052,38870.520000000004,1943526,15735140.0,1676996.2857142857,30.26858,-97.74466
University Austin Branch,0.015042,1504.2,75210,15529624.0,53142.28571428572,30.28236,-97.74211
Arboretum Branch,0.048447199999999996,4844.72,242236,15561191.0,181245.57142857142,30.39426,-97.75163
Capital Plaza Branch,0.028172799999999998,2817.28,140864,15537527.0,114178.14285714286,30.30758,-97.68755
Brenham Branch,0.0207568,2075.68,103784,15512738.0,105569.57142857143,30.16907,-96.39669
Corsicana Main Branch,0.021117,2111.7,105585,15514183.0,120975.14285714286,32.09367,-96.46356
Arlington Main Branch,0.0790678,7906.78,395339,15544429.0,376425.71428571426,32.72277,-97.14911
Euless Boulevard Branch,0.030059,3005.9,150295,15529825.0,109203.85714285714,32.8298,-97.09773
Mansfield Branch,0.025760599999999998,2576.06,128803,15533780.0,110672.71428571429,32.58003,-97.13235
Ft. Worth East Branch,0.0141934,1419.34,70967,15530860.0,59757.57142857143,32.74822,-97.2894
The Park Branch,0.0297892,2978.92,148946,15544762.0,106524.28571428571,29.75575,-95.36292
Greenway Branch,0.049811799999999996,4981.18,249059,15539606.0,216548.7142857143,29.73375,-95.42983
San Felipe Branch,0.0507026,5070.26,253513,15524969.0,224114.7142857143,29.75006,-95.47377
Westchase Branch,0.036397399999999996,3639.7400000000002,181987,15523301.0,157959.2857142857,29.73705,-95.5416
Gulf Freeway Branch,0.0157782,1577.82,78891,15529050.0,66484.71428571429,29.6744,-95.26612
Edgebrook Branch,0.0163616,1636.16,81808,15526502.0,69230.57142857143,29.64218,-95.24161
Copperfield Branch,0.0330916,3309.16,165458,15531874.0,136817.7142857143,29.87913,-95.64911
Greenspoint Branch,0.0327352,3273.52,163676,15504295.0,154018.14285714287,29.9796,-95.34602
Long Point Branch,0.028904,2890.4,144520,15529902.0,129976.42857142857,29.80282,-95.48334
Memorial Drive Houston Branch,0.0822898,8228.98,411449,15525683.0,388504.5714285714,29.77025,-95.60016
Westbury Branch,0.0298054,2980.54,149027,15528684.0,130129.0,29.65832,-95.47677
Mission Bend Branch,0.0174252,1742.52,87126,15533197.0,68204.57142857143,29.70581,-95.644
Pasadena East Southmore Branch,0.041901,4190.1,209505,15530471.0,200883.2857142857,29.69084,-95.19853
Marshall Branch,0.0147818,1478.18,73909,15524192.0,76249.14285714286,32.54594,-94.36729
Odessa Branch,0.055830599999999994,5583.06,279153,15466773.0,309132.14285714284,31.89134,-102.34377
Dowlen and Phelan Branch,0.0239066,2390.66,119533,15525900.0,113440.14285714286,30.07768,-94.1713
I35 and Hwy 79 Branch,0.023839799999999998,2383.98,119199,15530403.0,101874.28571428571,30.51813,-97.68744
San Antonio Downtown Branch,0.069618,6961.8,348090,15618919.0,302458.0,29.42453,-98.49157
Huebner Branch,0.022585599999999997,2258.56,112928,15530405.0,96970.42857142857,29.54588,-98.55493
Southpark Branch,0.0092812,928.12,46406,15525121.0,42152.857142857145,29.3566,-98.52755
Sherman Branch,0.0308318,3083.1800000000003,154159,15539659.0,127156.42857142857,33.63763,-96.6097
Woodloch Forest Branch,0.0550776,5507.76,275388,15536456.0,222306.0,30.15757,-95.45573
Hamilton 8th St Branch,0.0216106,2161.06,108053,15523779.0,135566.7142857143,33.9113,-98.49335
Southwest Tower Branch,0.040067,4006.7000000000003,200335,15501307.0,210831.0,33.86628,-98.53582
Lemmon Avenue Branch,0.033368,3336.8,166840,15539467.0,117950.42857142857,32.8195,-96.81433
Pleasant Grove Branch,0.014136,1413.6000000000001,70680,15533649.0,53525.142857142855,32.7439,-96.68282
Preston Royal Branch,0.023032999999999998,2303.3,115165,15534778.0,94256.71428571429,32.89512,-96.804
Oak Cliff Branch,0.0107876,1078.76,53938,15546405.0,31915.714285714286,32.71106,-96.83927
Ridglea Branch,0.025301399999999998,2530.14,126507,15529165.0,88541.28571428571,32.72672,-97.42009
Arapaho and Hillcrest Branch,0.022868,2286.8,114340,15528775.0,91177.28571428571,32.96222,-96.78897
Spicewood Branch,0.0188062,1880.6200000000001,94031,15533077.0,69681.28571428571,30.43496,-97.77193
Westgae and William Cannon Branch,0.0123834,1238.34,61917,15528171.0,52349.142857142855,30.20884,-97.81448
Wynnewood Branch,0.012836,1283.6000000000001,64180,15528813.0,52850.42857142857,32.72162,-96.83189
Josey and Jackson Branch,0.030666799999999998,3066.6800000000003,153334,15546372.0,109208.85714285714,32.97551,-96.89225
Custer and 15th Branch,0.030314999999999998,3031.5,151575,15568066.0,103428.14285714286,33.01938,-96.73222
Richardson Square Branch,0.030043,3004.3,150215,15540482.0,122998.71428571429,32.94549,-96.69746
Park Forest Branch,0.050735999999999996,5073.6,253680,15613356.0,148426.2857142857,32.90892,-96.85595
Bedford Harwood Branch,0.027852199999999997,2785.2200000000003,139261,15541678.0,107177.85714285714,32.8519,-97.13168
Hillside Branch,0.0522474,5224.74,261237,15551925.0,204674.0,32.83644,-96.75454
Hulen Mall Branch,0.0357728,3577.28,178864,15534313.0,143048.57142857142,32.66735,-97.41821
Lake Highlands Branch,0.0313422,3134.2200000000003,156711,15539189.0,129312.14285714286,32.87728,-96.71783
North Cooper Branch,0.027674599999999997,2767.46,138373,15540913.0,113738.85714285714,32.76041,-97.11538
Everman Branch,0.017717399999999998,1771.74,88587,15529627.0,79723.0,32.62753,-97.32057
Trinity Branch,0.0166236,1662.3600000000001,83118,15538690.0,62851.28571428572,32.76896,-96.83581
Nacogdoches Branch,0.009455999999999999,945.6,47280,15531795.0,36232.0,29.56812,-98.38514
Bandera Branch,0.0058528,585.28,29264,15526511.0,20641.85714285714,29.45442,-98.55128
Marbach Branch,0.0044316,443.16,22158,15526268.0,17225.14285714286,29.41784,-98.655
Ingram Branch,0.0032811999999999997,328.12,16406,15525558.0,14129.714285714286,29.46628,-98.60258
New Road Branch,0.022423199999999997,2242.32,112116,15539600.0,89535.0,31.52508,-97.17107
Commerce Branch,0.008544,854.4,42720,15527980.0,36007.71428571428,33.2498,-95.90045
Port Arthur Branch,0.012841199999999999,1284.1200000000001,64206,15522197.0,71079.85714285714,29.91551,-93.87754
San Pedro Branch,0.013887799999999999,1388.78,69439,15530869.0,62917.0,29.47161,-98.49934
Richland Hills Branch,0.0138242,1382.42,69121,15528194.0,60196.57142857143,32.82091,-97.23173
Baytown Branch,0.011651799999999999,1165.18,58259,15529118.0,51639.28571428572,29.73917,-94.9543
El Dorado Blvd Branch,0.0193844,1938.44,96922,15525145.0,82368.42857142857,29.57834,-95.12145
Capitol Branch,0.01797,1797.0,89850,15526814.0,72495.42857142857,29.73554,-95.30635
Pioneer Parkway Branch,0.032612999999999996,3261.3,163065,15538325.0,131694.14285714287,32.70843,-97.08686
Mockingbird Banking Center Branch,0.032278799999999996,3227.88,161394,15541159.0,117140.28571428571,32.83649,-96.77029
New Caney Branch,0.0140916,1409.16,70458,15532619.0,52693.57142857143,30.15489,-95.21373
Willowbrook Branch,0.0149588,1495.88,74794,15525473.0,59098.0,29.96374,-95.54328
Martin Luther King Dallas Branch,0.0028062,280.62,14031,15518006.0,12719.857142857143,32.76991,-96.7675
University Of North Texas Branch,0.006185599999999999,618.5600000000001,30928,15527946.0,22332.85714285714,33.20675,-97.15068
South Cooper Branch,0.0292288,2922.88,146144,15537634.0,114185.28571428571,32.65966,-97.13507
Downtown Forth Worth Branch,0.34265059999999997,34265.06,1713253,15603527.0,1637217.5714285714,32.75408,-97.33294
Addison Branch,0.033018,3301.8,165090,15549634.0,123717.14285714286,32.94033,-96.82175
North Loop Branch,0.025741,2574.1,128705,15529116.0,111812.57142857143,29.81226,-95.42538
Oak Forest Team Branch,0.013495799999999999,1349.58,67479,15523081.0,63974.71428571428,29.82937,-95.42951
Rowlett Branch,0.0281306,2813.06,140653,15543702.0,110489.0,32.90265,-96.57013
Lewisville Civic Branch,0.049533,4953.3,247665,15547107.0,203360.42857142858,33.04228,-97.0241
Coit and Park Branch,0.035307,3530.7000000000003,176535,15545371.0,153213.0,33.02685,-96.77054
Ridgmar Branch,0.022223,2222.3,111115,15518622.0,100644.85714285714,32.75307,-97.43049
West Side Fort Worth Branch,0.0247416,2474.16,123708,15526461.0,96180.42857142857,32.75301,-97.36309
Cityview Branch,0.0241554,2415.54,120777,15540246.0,93817.0,32.67987,-97.4145
Amarillo Branch,0.0093638,936.38,46819,15527652.0,47450.42857142857,35.20764,-101.83833
Northcross Branch,0.047800999999999996,4780.1,239005,15536222.0,206405.42857142858,30.35282,-97.73286
Walsh Tarlton Branch,0.0416684,4166.84,208342,15541349.0,165904.2857142857,30.27452,-97.80068
Lbj and Abrams Branch,0.0189046,1890.46,94523,15531072.0,81745.85714285714,32.91202,-96.73531
Exchange Park Branch,0.022949999999999998,2295.0,114750,15542284.0,84579.14285714286,32.82044,-96.84762
Denison Branch,0.0177406,1774.06,88703,15526310.0,89390.57142857143,33.75543,-96.53737
Duncanville Branch,0.0296402,2964.02,148201,15540743.0,122831.57142857143,32.64942,-96.90844
Valley View Branch,0.014872,1487.2,74360,15530381.0,60431.57142857143,32.9222,-96.90277
Downtown Fredericksburg Branch,0.0425552,4255.52,212776,15533426.0,181194.0,30.27449,-98.87144
Post & Paddock Branch,0.014378799999999999,1437.88,71894,15523417.0,56288.857142857145,32.79319,-97.05653
Fondren Banking Branch,0.0146466,1464.66,73233,15527489.0,66999.28571428571,29.6864,-95.50869
Spring Branch Banking Branch,0.0387082,3870.82,193541,15548141.0,156485.7142857143,29.79277,-95.5448
Levelland Branch,0.0062672,626.72,31336,15525189.0,33476.0,33.58529,-102.37669
Judson Road Branch,0.027816999999999998,2781.7000000000003,139085,15520346.0,123909.71428571429,32.54112,-94.74604
North Richardson Branch,0.0446766,4467.66,223383,15554576.0,162245.57142857142,32.97532,-96.71259
First Colony Branch,0.0457324,4573.24,228662,15550577.0,175847.14285714287,29.59658,-95.61698
Tyler Branch,0.0473976,4739.76,236988,15528114.0,210730.85714285713,32.29882,-95.2994
Hwy 183 and Lake Creek Branch,0.03365,3365.0,168250,15531231.0,148798.14285714287,30.46397,-97.7946
I-40 Bell Branch,0.022182,2218.2000000000003,110910,15528072.0,127414.42857142857,35.1902,-101.90052
W University and Hinkle Branch,0.0404972,4049.7200000000003,202486,15546300.0,179358.14285714287,33.22944,-97.14598
Jefferson-Fiesta Branch,0.0057009999999999995,570.1,28505,15527287.0,22237.85714285714,32.74323,-96.83235
Desoto Branch,0.012357799999999999,1235.78,61789,15528647.0,51352.57142857143,32.60451,-96.84057
Town East Branch,0.0212006,2120.06,106003,15528271.0,88385.57142857143,32.81086,-96.61576
Buffalo Gap Branch,0.011434,1143.4,57170,15524017.0,43253.71428571428,32.39471,-99.76365
Parkdale Branch,0.023457799999999997,2345.78,117289,15523856.0,108301.28571428571,30.12574,-94.15647
Washington Boulevard Branch,0.0030158,301.58,15079,15523488.0,13104.142857142857,30.05738,-94.09371
West Park and Preston Branch,0.0438,4380.0,219000,15540317.0,173347.2857142857,33.02737,-96.79619
Courtyard Branch,0.0194984,1949.8400000000001,97492,15524314.0,71632.71428571429,32.03226,-102.12565
Golden Triangle Mall Branch,0.0221774,2217.7400000000002,110887,15529909.0,81025.14285714286,33.19169,-97.10464
Bellmead Wallmart Branch,0.0028691999999999997,286.92,14346,15526103.0,11025.714285714286,31.59944,-97.10817
Coppell Branch,0.021959199999999998,2195.92,109796,15536269.0,86503.14285714286,32.9453,-96.99345
E 7th St and Robert Martinez Branch,0.009904399999999999,990.44,49522,15532550.0,29951.85714285714,30.26179,-97.71892
Dunbar Banking Center Branch,0.0055552,555.52,27776,15530549.0,21246.14285714286,32.72044,-97.22609
Tidwell Fiesta Branch,0.0034092,340.92,17046,15524769.0,14000.857142857143,29.8521,-95.25099
Little Road Branch,0.025044999999999998,2504.5,125225,15531750.0,98727.57142857143,32.67889,-97.19696
Greenville Banking Center Branch,0.029285,2928.5,146425,15533251.0,138272.57142857142,33.11043,-96.10958
International Private Bkg Ctr Branch,0.0007988,79.88,3994,15525618.0,2907.8571428571427,29.74057,-95.46387
Rufe Snow Branch,0.0118242,1182.42,59121,15529981.0,47302.142857142855,32.86044,-97.23971
Nederland Branch,0.0245544,2455.44,122772,15529832.0,112522.71428571429,29.959,-93.98241
N Lamar and Rundberg Branch,0.0120462,1204.6200000000001,60231,15529167.0,46933.142857142855,30.36836,-97.69404
Grand Prairie Banking Branch,0.016735,1673.5,83675,15528732.0,73863.85714285714,32.74783,-96.99432
Bellaire Banking Center Branch,0.046727399999999995,4672.74,233637,15550752.0,172439.7142857143,29.7061,-95.44196
Friendswood Banking Center Branch,0.0232686,2326.86,116343,15534006.0,89842.28571428571,29.46571,-95.22631
Lakewood Banking Center Branch,0.0328546,3285.46,164273,15534446.0,123183.0,29.98989,-95.6567
Mcdermott and Alma Branch,0.02301,2301.0,115050,15538339.0,87953.42857142857,33.10085,-96.70113
Orange Banking Center Branch,0.0087824,878.24,43912,15524790.0,44991.0,30.1192,-93.7476
Burbank Albertsons Branch,0.005288999999999999,528.9,26445,15525907.0,19957.714285714286,30.35499,-91.10987
Venice Ave E and Pinebrook Branch,0.0316202,3162.02,158101,15533688.0,122786.71428571429,27.09988,-82.41907
Sarasota Downtown Branch,0.0165674,1656.74,82837,15524921.0,71703.42857142857,27.33823,-82.53093
Palm Beach Gardens Branch,0.031723799999999996,3172.38,158619,15454018.0,154800.14285714287,26.84649,-80.08767
Vanderbilt Beach and US 41n Branch,0.052316999999999995,5231.7,261585,15521973.0,209265.0,26.2495,-81.80089
College Pkwy and Summerlin Branch,0.014487,1448.7,72435,15514976.0,71326.28571428571,26.55072,-81.88495
Parmer and Metric Branch,0.02281,2281.0,114050,15540502.0,77323.28571428571,30.41278,-97.68945
Chase Tower Branch,1.5644276,156442.76,7822138,16437220.0,5646354.571428572,33.45091,-112.07382
Buckeye Branch,0.0175356,1753.56,87678,15526256.0,84355.28571428571,33.37048,-112.58601
Carefree Branch,0.0358866,3588.66,179433,15541876.0,138842.7142857143,33.82381,-111.92367
Glendale Main Branch,0.013345,1334.5,66725,15528898.0,64574.42857142857,33.53922,-112.18237
Grand Canyon Branch,0.0051716,517.16,25858,15526764.0,20159.285714285714,36.05444,-112.12058
Lake Havasu Branch,0.037118399999999996,3711.84,185592,15499589.0,162713.2857142857,34.47598,-114.33041
Camelback and 59th Avenue Branch,0.0156886,1568.8600000000001,78443,15526827.0,72068.57142857143,33.50956,-112.18342
Mcdowelland 74th Street Branch,0.025047,2504.7000000000003,125235,15539261.0,101584.85714285714,33.46568,-111.92225
Mesa Main Branch,0.0383748,3837.48,191874,15454676.0,155461.42857142858,33.41655,-111.83995
Payson Branch,0.024856399999999997,2485.64,124282,15534662.0,103448.85714285714,34.23896,-111.32291
Camelback And16th Street Branch,0.024530999999999997,2453.1,122655,15509103.0,114747.14285714286,33.5108,-112.04752
Indian School and 33rd Avenue Branch,0.0141844,1418.44,70922,15534189.0,56235.0,33.49483,-112.12867
Buckeye And16th Street Branch,0.007164599999999999,716.46,35823,15526723.0,29792.714285714286,33.43687,-112.04877
Central and Columbus Branch,0.030997399999999998,3099.7400000000002,154987,15529421.0,150458.42857142858,33.48987,-112.07395
Glendale and 7th Street Branch,0.052347,5234.7,261735,15538990.0,214059.2857142857,33.539,-112.06508
Bethany Home and 19th Avenue Branch,0.0130984,1309.84,65492,15528641.0,61971.71428571428,33.52529,-112.09969
West Van Buren Branch,0.0136324,1363.24,68162,15525092.0,57575.57142857143,33.45126,-112.09912
Camelback and 44th Street Branch,0.0540586,5405.86,270293,15535168.0,217426.42857142858,33.50942,-111.9862
Thomas and 24th Street Branch,0.0113878,1138.78,56939,15529938.0,54825.0,33.48248,-112.0302
Thomas and 7th Avenue Branch,0.026075599999999997,2607.56,130378,15538155.0,109458.85714285714,33.48094,-112.08303
Prescott Branch,0.0280026,2800.26,140013,15533810.0,119349.42857142857,34.54192,-112.47189
Safford Branch,0.0248636,2486.36,124318,15522097.0,114857.28571428571,32.83321,-109.7103
San Luis Branch,0.0173554,1735.54,86777,15533367.0,86567.28571428571,32.48887,-114.78232
Scottsdale Road-Shea Blvd. Branch,0.031412999999999996,3141.3,157065,15537669.0,131931.0,33.5814,-111.92611
Scottsdale Branch,0.0432858,4328.58,216429,15522776.0,187430.2857142857,33.49447,-111.92613
Show Low Branch,0.024109799999999997,2410.98,120549,15534881.0,93207.71428571429,34.25285,-110.02869
South Tucson Branch,0.0064946,649.46,32473,15526682.0,29019.428571428572,32.19971,-110.96846
University and Mill Branch,0.031017799999999998,3101.78,155089,15547295.0,106028.14285714286,33.42079,-111.94004
Tuscon Downtown Branch,0.0800164,8001.64,400082,15610425.0,357042.14285714284,32.22189,-110.97098
Wilmont and 22nd Street Branch,0.011451,1145.1000000000001,57255,15523729.0,53196.57142857143,32.20705,-110.86113
Campbell-Grant Branch,0.019270799999999998,1927.08,96354,15539531.0,78713.0,32.25158,-110.94395
Broadway and Country Club Branch,0.0317266,3172.66,158633,15526619.0,145165.42857142858,32.22166,-110.92757
University Tuscon Branch,0.022329599999999998,2232.96,111648,15537803.0,81141.14285714286,32.23389,-110.95676
Speedway-Swan Branch,0.032765999999999997,3276.6,163830,15523042.0,175768.2857142857,32.23627,-110.89184
Green Valley Branch,0.014535399999999999,1453.54,72677,15528364.0,65168.142857142855,31.87039,-110.99337
Willcox Branch,0.009605599999999999,960.5600000000001,48028,15524319.0,41549.42857142857,32.25121,-109.83265
Yuma Branch,0.043580999999999995,4358.1,217905,15531972.0,170800.2857142857,32.69861,-114.62129
Bell Road-Cave Creek Branch,0.0132798,1327.98,66399,15526644.0,58844.71428571428,33.64265,-112.03092
Flagstaff Milton Road Branch,0.018945999999999998,1894.6000000000001,94730,15532935.0,69117.28571428571,35.18175,-111.66123
Sun City-Peoria Branch,0.0163186,1631.8600000000001,81593,15532191.0,75099.14285714286,33.58046,-112.26986
Biltmore Branch,0.0833222,8332.22,416611,15543597.0,348855.5714285714,33.50965,-112.02467
Casa Blanca Branch,0.027133599999999997,2713.36,135668,15531001.0,118121.28571428571,32.31612,-110.97634
Flagstaff Downtown Branch,0.014098399999999999,1409.84,70492,15524927.0,71179.14285714286,35.19979,-111.64932
Tempe-Broadway Branch,0.0215548,2155.48,107774,15542745.0,89796.14285714286,33.40737,-111.94562
Wickenburg-West Branch,0.018649199999999998,1864.92,93246,15537326.0,78355.0,33.96578,-112.74598
Ajo Way and 16th Ave Branch,0.016964,1696.4,84820,15533178.0,69008.28571428571,32.17782,-110.98061
Mcclintock Dr-Southern Avenue Branch,0.030941399999999997,3094.14,154707,15540747.0,120651.42857142857,33.39301,-111.91036
Sun City-Lakeview Branch,0.0265948,2659.48,132974,15525500.0,129906.85714285714,33.60495,-112.2818
Bullhead City Branch,0.024571799999999998,2457.18,122859,15531582.0,108428.14285714286,35.11677,-114.59894
South Mountain Branch,0.0128886,1288.8600000000001,64443,15524098.0,58545.71428571428,33.38887,-112.07331
Miller Valley Road Branch,0.022665599999999998,2266.56,113328,15531986.0,90444.85714285714,34.55512,-112.48163
Mckellips and 56th Street Branch,0.0440912,4409.12,220456,15546597.0,160921.57142857142,33.45191,-111.70963
Rural and Baseline Branch,0.036073799999999996,3607.38,180369,15542705.0,159772.7142857143,33.38017,-111.92832
Fountain Hills Branch,0.0384858,3848.58,192429,15537801.0,163026.42857142858,33.60457,-111.71881
Northern And19th Avenue Branch,0.018739,1873.9,93695,15530955.0,79407.42857142857,33.5516,-112.09965
Olive and 43rd Avenue Branch,0.021709799999999998,2170.98,108549,15545817.0,85704.14285714286,33.56972,-112.15168
Roger Oracle Roads Branch,0.011745199999999999,1174.52,58726,15523371.0,56246.57142857143,32.27878,-110.97825
Country Club and Southern Branch,0.0117814,1178.14,58907,15522840.0,52730.142857142855,33.39318,-111.84098
Yuma West Branch,0.0157526,1575.26,78763,15536056.0,63352.42857142857,32.69939,-114.65053
Sun City-Bell Road Branch,0.032267199999999996,3226.7200000000003,161336,15532710.0,150454.2857142857,33.63821,-112.27751
Cottonwood Arizona Branch,0.0221096,2210.96,110548,15526860.0,99822.42857142857,34.72873,-112.01017
Nogales-Mariposa Branch,0.076817,7681.7,384085,15540205.0,298463.4285714286,31.36699,-110.93569
Mccormick Ranch Branch,0.0316918,3169.1800000000003,158459,15529128.0,138221.14285714287,33.54473,-111.90515
Peoria and 30th Avenue Branch,0.024647,2464.7000000000003,123235,15529295.0,115928.57142857143,33.58202,-112.12271
Sedona-Southwest Drive Branch,0.026101799999999998,2610.18,130509,15535372.0,107709.14285714286,34.86269,-111.78369
Southern and 48th Street Branch,0.010387799999999999,1038.78,51939,15526351.0,47964.42857142857,33.39277,-111.97548
River Road-Campbell Avenue Branch,0.0276922,2769.2200000000003,138461,15532892.0,128504.57142857143,32.28639,-110.94314
Power and Main Branch,0.026508399999999998,2650.84,132542,15528438.0,122082.14285714286,33.41566,-111.68093
Camino Seco-Broadway Branch,0.025585399999999998,2558.54,127927,15531833.0,111001.42857142857,32.221,-110.80637
Tanque Verde & Sabino Canyon Branch,0.0389086,3890.86,194543,15539095.0,145967.0,32.25072,-110.84144
Apache Junction Branch,0.023321599999999998,2332.16,116608,15522477.0,110592.14285714286,33.41533,-111.55878
Thomas and 59th Avenue Branch,0.015746,1574.6000000000001,78730,15529213.0,65738.14285714286,33.48052,-112.18344
Casa Grande Branch,0.03691,3691.0,184550,15557248.0,148118.7142857143,32.87955,-111.73523
Bell and 19th Avenue Branch,0.0220126,2201.26,110063,15549486.0,80782.14285714286,33.64001,-112.09682
Chandler-West Branch,0.0247536,2475.36,123768,15539917.0,98765.14285714286,33.30611,-111.86129
Sierra Vista-Buena Branch,0.038162999999999996,3816.3,190815,15525320.0,133601.14285714287,31.55454,-110.25807
Magee-Oracle Branch,0.022899,2289.9,114495,15526176.0,106273.71428571429,32.3512,-110.97493
Cactus and 32nd Street Branch,0.025668,2566.8,128340,15527279.0,110239.42857142857,33.59592,-112.01317
Ahwatukee Branch,0.03998,3998.0,199900,15551270.0,151879.57142857142,33.34894,-111.98094
Sun City West Branch,0.051125199999999996,5112.52,255626,15529776.0,234137.7142857143,33.65662,-112.35136
Swan-Sunrise Drive Branch,0.0404178,4041.78,202089,15534703.0,177666.7142857143,32.30829,-110.89349
Parker Branch,0.0093672,936.72,46836,15525647.0,39268.71428571428,34.15302,-114.28265
Continental Plaza Branch,0.0211386,2113.86,105693,15531985.0,84511.71428571429,31.8515,-110.99649
Northern and 35th Avenue Branch,0.0212438,2124.38,106219,15527930.0,97153.0,33.55361,-112.13425
Harrison-Golf Links Branch,0.016048,1604.8,80240,15527572.0,70833.0,32.19167,-110.7894
Dobson Ranch Branch,0.0226226,2262.26,113113,15530680.0,94539.42857142857,33.37853,-111.87275
Bell Road and 35th Avenue Branch,0.0317996,3179.96,158998,15531462.0,129305.28571428571,33.63966,-112.1349
Pinnacle Peak Branch,0.0515278,5152.78,257639,15536175.0,234104.42857142858,33.69862,-111.89199
Ina-Thornydale Branch,0.0331244,3312.44,165622,15548530.0,133712.7142857143,32.33699,-111.04701
Cactus-Tatum Branch,0.0462546,4625.46,231273,15546054.0,194970.7142857143,33.59818,-111.98075
Pinetop Branch,0.0114518,1145.18,57259,15529049.0,49014.71428571428,34.14315,-109.95612
Gilbert Branch,0.028343999999999998,2834.4,141720,15530788.0,122766.28571428571,33.36498,-111.78993
Thunderbird and 43rd Avenue Branch,0.0259648,2596.48,129824,15532921.0,105791.14285714286,33.61081,-112.1507
Kingman-Stockton Hill Road Branch,0.0264078,2640.78,132039,15529726.0,117977.42857142857,35.23176,-114.03699
Mohave Valley Branch,0.013448199999999999,1344.82,67241,15528557.0,58674.0,34.86597,-114.59782
Prescott Valley Branch,0.018772999999999998,1877.3,93865,15532266.0,80678.85714285714,34.60922,-112.3132
Village Of Oak Creek Branch,0.025039199999999998,2503.92,125196,15528218.0,101628.0,34.77799,-111.76307
Chino Valley Branch,0.013241999999999999,1324.2,66210,15524951.0,54945.71428571428,34.81794,-112.39584
Cardinal-Valencia Branch,0.0097398,973.98,48699,15526805.0,41738.42857142857,32.13386,-111.02968
Hilton Village Branch,0.06599139999999999,6599.14,329957,15547795.0,329597.0,33.52691,-111.92568
Main and Greenfield Branch,0.0264328,2643.28,132164,15527064.0,113434.57142857143,33.4154,-111.73698
Grant-Silverbell Branch,0.019524,1952.4,97620,15533464.0,81735.71428571429,32.25068,-111.01299
Gilbert-Mckellips Branch,0.039735,3973.5,198675,15552717.0,150468.14285714287,33.45176,-111.78691
Alma School-Warner Branch,0.025882199999999998,2588.2200000000003,129411,15550289.0,96362.14285714286,33.33469,-111.85914
Seventh Street - Bell Road Branch,0.028073599999999997,2807.36,140368,15546531.0,110244.28571428571,33.64022,-112.06501
Shea Boulevard and 90th St Branch,0.0535632,5356.32,267816,15552242.0,206709.85714285713,33.58241,-111.88626
Bell Road and 77th Avenue Branch,0.0320502,3205.02,160251,15532725.0,136546.2857142857,33.63801,-112.2241
Camp Verde Branch,0.011564,1156.4,57820,15528851.0,52574.0,34.56576,-111.86139
Peoria and 67th Avenue Branch,0.0180828,1808.28,90414,15524835.0,88824.42857142857,33.58159,-112.20134
Rancho Vistoso Branch,0.016727,1672.7,83635,15532251.0,70051.71428571429,32.44084,-110.93403
Chandler and 40th Street Branch,0.0522778,5227.78,261389,15547046.0,196897.2857142857,33.30534,-111.99665
Tatum and Bell Branch,0.038088,3808.8,190440,15531090.0,160603.57142857142,33.64062,-111.97421
Superstition Spring Branch,0.043912599999999996,4391.26,219563,15528801.0,174060.14285714287,33.38321,-111.68566
Lake Havasu North Branch,0.0138658,1386.58,69329,15546095.0,48484.142857142855,34.50294,-114.34798
Alvernon and 22nd Frys Branch,0.0025506,255.06,12753,15524794.0,12307.714285714286,32.20693,-110.9042
Oro Valley Frys Branch,0.004719999999999999,472.0,23600,15527063.0,18766.285714285714,32.39948,-110.95618
Ray and Ranch Circle Frys Branch,0.006572199999999999,657.22,32861,15527212.0,25378.714285714286,33.31555,-112.00523
Thunderbird and 7th Branch,0.029496599999999998,2949.66,147483,15542109.0,125784.71428571429,33.61067,-112.06552
Thunderbird and 57th Frys Branch,0.0040488,404.88,20244,15526247.0,15684.57142857143,33.6107,-112.18371
Alvernon and Grant Frys Branch,0.0030742,307.42,15371,15524434.0,13611.857142857143,32.25063,-110.90911
Speedway and Pantano Frys Branch,0.0032898,328.98,16449,15525776.0,14239.714285714286,32.23547,-110.82564
Harrison and 22nd Frys Branch,0.0040728,407.28000000000003,20364,15523244.0,19827.14285714286,32.20632,-110.79156
Bethany Home and 43rd Av Frys Branch,0.0027132,271.32,13566,15525473.0,11086.142857142857,33.52393,-112.15309
Golf Links and Kolb Branch,0.0030437999999999997,304.38,15219,15524368.0,12909.714285714286,32.19188,-110.84351
Ray and Dobson Frys Branch,0.007503999999999999,750.4,37520,15527925.0,27852.428571428572,33.32063,-111.87482
Cactus and 75th Ave Frys Branch,0.0041636,416.36,20818,15525714.0,15820.857142857143,33.59589,-112.21887
Thomas and 30th Frys Branch,0.002865,286.5,14325,15524291.0,11576.285714285714,33.48045,-112.01657
Bethany Home and 67th Av Frys Branch,0.002574,257.4,12870,15524472.0,10282.285714285714,33.52387,-112.20422
Warner Cooper Frys Branch,0.0084888,848.88,42444,15525187.0,32685.0,33.33529,-111.80829
Pima & Frank Lloyd Bkng. Ctr. Branch,0.031741,3174.1,158705,15522959.0,139659.7142857143,33.61002,-111.89234
Broadway & Wilmont Branch,0.023944399999999998,2394.44,119722,15527344.0,121662.57142857143,32.2214,-110.8583
Tatum & Bell Frys Branch,0.0049932,499.32,24966,15526332.0,19552.85714285714,33.64064,-111.97628
Thomas and 44th Street Branch,0.0299142,2991.42,149571,15533505.0,131949.57142857142,33.47925,-111.98693
Campbell/Irvington Branch,0.002051,205.1,10255,15525297.0,8123.714285714285,32.16329,-110.94183
Baseline and Vineyard Frys Branch,0.0027565999999999997,275.66,13783,15525144.0,10964.714285714286,33.37884,-111.84345
Warner and Val Vista Frys Branch,0.005776,577.6,28880,15526880.0,21862.571428571428,33.33697,-111.75575
Litchfield/Mcdowell Banking Branch,0.0347648,3476.48,173824,15539378.0,148431.42857142858,,
Beardsley and 59th Ave Frys Branch,0.0056262,562.62,28131,15524034.0,26706.0,33.66983,-112.18682
Sun City Grand Branch,0.029384999999999998,2938.5,146925,15535295.0,127157.71428571429,33.6549,-112.40448
Via Linda/Frank Lloyd Wright Branch,0.034572599999999995,3457.26,172863,15550799.0,124105.42857142857,33.58879,-111.83681
East Flagstaff Branch,0.0156942,1569.42,78471,15525761.0,69175.0,35.22549,-111.58151
Fashion Place Branch,0.0259906,2599.06,129953,15559558.0,82989.42857142857,40.63501,-111.88914
Glendale Redwood Branch,0.0111846,1118.46,55923,15519408.0,53997.142857142855,40.74082,-111.93886
Olympus Branch,0.0223738,2237.38,111869,15534424.0,70775.28571428571,40.69993,-111.81109
Cottonwood Highland Branch,0.0226938,2269.38,113469,15542300.0,95457.85714285714,40.63706,-111.83426
West Valley City Branch,0.018581399999999998,1858.14,92907,15539052.0,61470.42857142857,40.69661,-111.98807
East Murray Branch,0.0149828,1498.28,74914,15529519.0,69641.0,40.65029,-111.86593
Highland Drive Branch,0.016460799999999998,1646.08,82304,15535251.0,47653.57142857143,40.70518,-111.85265
Redwood Road Branch,0.005823399999999999,582.34,29117,15525171.0,25330.0,40.69822,-111.93895
One Utah Branch,1.8277468,182774.68,9138734,15584664.0,4080612.285714286,40.76495,-111.89093
East 39th South Branch,0.0134276,1342.76,67138,15536253.0,50423.857142857145,40.68709,-111.85459
West Jordan Branch,0.020668,2066.8,103340,15540617.0,71348.14285714286,40.58593,-111.93864
Foothill Branch,0.015749199999999998,1574.92,78746,15536932.0,56882.142857142855,40.74178,-111.8307
Alta View Branch,0.0110602,1106.02,55301,15525171.0,46763.42857142857,40.59524,-111.85322
Taylorsville Branch,0.0075114,751.14,37557,15526361.0,34964.57142857143,40.66794,-111.95799
Fort Union Branch,0.010204,1020.4,51020,15545660.0,27583.285714285714,40.62329,-111.86236
South Salt Lake Branch,0.0384092,3840.92,192046,15507365.0,181014.2857142857,40.71402,-111.88833
Spanish Fork Branch,0.0061476,614.76,30738,15527403.0,23141.571428571428,40.12316,-111.65466
Bountiful Branch,0.023954399999999997,2395.44,119772,15548557.0,96476.0,40.88413,-111.88571
Ogden Branch,0.014290599999999999,1429.06,71453,15533341.0,52662.28571428572,41.21206,-111.97059
Sandy South Towne Branch,0.0156796,1567.96,78398,15531175.0,60940.28571428572,40.55833,-111.89084
Park City Branch,0.0305676,3056.76,152838,15547546.0,110058.85714285714,40.65707,-111.50675
East Bay Branch,0.0107206,1072.06,53603,15527098.0,36488.857142857145,40.2181,-111.65887
Alma School and Queen Creek Branch,0.0303284,3032.84,151642,15545891.0,120475.57142857143,33.26181,-111.85917
Highland Village Branch Center,0.023295,2329.5,116475,15534388.0,87293.28571428571,33.07283,-97.06245
Detroit Main Branch,3.8999004,389990.04,19499502,16168108.0,14355200.42857143,42.33072,-83.04635
Belleville Branch,0.024172,2417.2000000000003,120860,15531755.0,102416.0,42.20885,-83.49158
West Maple-Inkster Road Branch,0.0241952,2419.52,120976,15538543.0,96407.57142857143,42.54393,-83.32032
Groesbeck-Metropolitan Branch,0.0175116,1751.16,87558,15528585.0,69008.42857142857,42.56965,-82.91046
Ford Road-Outer Drive Branch,0.037759,3775.9,188795,15539402.0,142313.57142857142,42.32703,-83.26276
Warren-Silvery Lane Branch,0.019488,1948.8,97440,15531940.0,87417.71428571429,42.34127,-83.2826
Trumbull-Porter Branch,0.0055125999999999994,551.26,27563,15521964.0,25358.85714285714,42.32845,-83.06471
Dequindre-Eight Mile Branch,0.0052629999999999994,526.3,26315,15525128.0,26312.0,42.44568,-83.08334
Fort Junction Branch,0.007097399999999999,709.74,35487,15527189.0,31505.714285714286,42.31025,-83.09489
Grand River-Fenkell Branch,0.0113204,1132.04,56602,15524713.0,33124.142857142855,42.40102,-83.21973
West Eight Mile Road-Lindsay Branch,0.0047983999999999995,479.84000000000003,23992,15525713.0,24249.85714285714,42.44431,-83.21408
Gratiot-Warren Branch,0.0034649999999999998,346.5,17325,15524795.0,16420.571428571428,42.37512,-83.01712
Eastern Market Branch,0.0038076,380.76,19038,15524534.0,16233.57142857143,42.34894,-83.04216
Harbortown Branch,0.007953,795.3000000000001,39765,15529345.0,33603.0,42.34189,-83.01407
Southfield-Warren Branch,0.0070328,703.28,35164,15527267.0,34200.71428571428,42.34337,-83.21538
Uptown Detroit Branch,0.014452999999999999,1445.3,72265,15530956.0,67617.57142857143,42.36943,-83.0752
Van Dyke-Eight Mile Branch,0.0067724,677.24,33862,15526423.0,30264.714285714286,42.44734,-83.02471
Vernor-Springwells Branch,0.0147532,1475.32,73766,15529400.0,58631.28571428572,42.3112,-83.12764
Seven Mile Winthrop Branch,0.011585,1158.5,57925,15524899.0,33947.57142857143,42.43034,-83.20138
Woodward-Englewood Branch,0.002538,253.8,12690,15524119.0,11802.857142857143,42.39197,-83.08781
Cultural Center Branch,0.0255242,2552.42,127621,15537459.0,102636.42857142857,42.35786,-83.06495
Farmington Branch,0.0480064,4800.64,240032,15541193.0,197032.0,42.46267,-83.37634
Twelve Mile-Farmington Road Branch,0.0374728,3747.28,187364,15534846.0,153478.14285714287,42.49873,-83.37581
Middle Belt-Eleven Mile Road Branch,0.0179362,1793.6200000000001,89681,15529235.0,73997.57142857143,42.48556,-83.33842
Garden City Ford Road Branch,0.0208004,2080.04,104002,15533082.0,94005.14285714286,42.32584,-83.32022
Grosse Pointe Branch,0.0273722,2737.2200000000003,136861,15535258.0,116038.14285714286,42.38471,-82.90592
Kercheval-St. Clair Branch,0.1385178,13851.78,692589,16031771.0,282650.71428571426,42.39134,-82.91632
Mack-Moross Road Branch,0.0281248,2812.48,140624,15528836.0,110068.28571428571,42.41674,-82.90957
Vernier-Harper Branch,0.033963,3396.3,169815,15530461.0,138161.85714285713,42.44638,-82.91818
Woodward-Salem Branch,0.043272399999999996,4327.24,216362,15548176.0,165741.7142857143,42.48568,-83.15547
Coolidge-Vernon Brach,0.023816399999999998,2381.64,119082,15530710.0,103797.14285714286,42.48098,-83.18289
Inkster Branch,0.0058709999999999995,587.1,29355,15525543.0,28935.285714285714,42.29424,-83.31056
Southfield-Eleven Mile Branch,0.026522399999999998,2652.2400000000002,132612,15538357.0,107476.57142857143,42.488,-83.2222
Plymouth-Deering Branch,0.014858199999999998,1485.82,74291,15524041.0,69526.0,42.36954,-83.31866
Plymouth-Cranston Branch,0.024357999999999998,2435.8,121790,15532330.0,98625.0,42.36843,-83.36119
Metro Parkways + Mound Road Branch,0.031431,3143.1,157155,15538199.0,121370.0,42.56522,-83.05069
Novi Branch,0.0518956,5189.56,259478,15567134.0,186867.57142857142,42.48002,-83.47205
Orchard Lake-Pontiac Trail Branch,0.0357916,3579.16,178958,15544410.0,132762.14285714287,42.57793,-83.36237
Cherry Hill Merriman Branch,0.012486599999999999,1248.66,62433,15528375.0,57030.0,42.31083,-83.34823
Wayne Road-Cowan Branch,0.027777,2777.7000000000003,138885,15528909.0,111865.42857142857,42.34493,-83.38531
Harvey Branch,0.0182158,1821.58,91079,15526196.0,79809.42857142857,42.35869,-83.47169
West Chicago-Telegraph Road Branch,0.0080146,801.46,40073,15525699.0,39495.857142857145,42.36477,-83.27523
Six Mile-Inkster Branch,0.028775199999999997,2877.52,143876,15579467.0,92854.14285714286,42.41323,-83.31526
Rochester Branch,0.0299262,2992.62,149631,15552466.0,111987.14285714286,42.68052,-83.13378
24 Mile-Shelby Road Branch,0.0265128,2651.28,132564,15539697.0,110588.28571428571,42.68317,-83.06726
Northwestern - Twelve Mile Branch,0.039769,3976.9,198845,15541445.0,163005.14285714287,42.49886,-83.30413
Van Dyke-Plum Brook Branch,0.018816199999999998,1881.6200000000001,94081,15529863.0,74585.57142857143,42.58724,-83.03038
Utica Branch,0.020815,2081.5,104075,15526021.0,93820.28571428571,42.62848,-83.0325
Van Dyke-Twelve Mile Branch,0.048385199999999996,4838.52,241926,15527210.0,205988.42857142858,42.51239,-83.02859
Wayne Branch,0.017419999999999998,1742.0,87100,15530800.0,81273.14285714286,42.28232,-83.3843
N. Territorial Sheldon Branch,0.0590374,5903.74,295187,15548707.0,234153.14285714287,42.37385,-83.48043
Schoenherr-14 Mile Branch,0.0279576,2795.76,139788,15533284.0,128065.85714285714,42.53877,-82.98915
Lakeside Circle Branch,0.022021199999999998,2202.12,110106,15536078.0,93090.85714285714,42.62543,-82.98681
Walton-Livernois Branch,0.0410064,4100.64,205032,15542327.0,152787.42857142858,42.68172,-83.15212
Metropolitan Airport Branch,0.0106054,1060.54,53027,15524391.0,45681.71428571428,42.22895,-83.32738
Van Dyke 23 Mile Road Branch,0.017372,1737.2,86860,15535080.0,71834.14285714286,42.64695,-83.05355
West Eight Mile-Haggerty Branch,0.0371864,3718.64,185932,15542311.0,139879.85714285713,42.43551,-83.52602
W. Seven Mile-Northville Road Branch,0.028498,2849.8,142490,15543001.0,104218.0,42.42415,-83.47068
Barclay Circle Branch,0.037312399999999996,3731.2400000000002,186562,15540873.0,132224.0,42.64264,-83.13141
Garfield-19 Mile Branch,0.035330799999999996,3533.08,176654,15529706.0,149693.7142857143,42.61341,-82.95297
Harper-Metropolitan Parkway Branch,0.015423999999999998,1542.4,77120,15527295.0,70842.42857142857,42.57215,-82.87154
Ford Road-Canton Center Branch,0.057203199999999996,5720.32,286016,15552751.0,200725.2857142857,42.32199,-83.48624
Lakewood Rawsonville Branch,0.0082312,823.12,41156,15526203.0,34422.71428571428,42.21776,-83.5434
Dexter-Glendale Branch,0.0081548,815.48,40774,15524312.0,61436.142857142855,42.38746,-83.12934
West Long Lake + Telegraph Branch,0.06911579999999999,6911.58,345579,15543296.0,281378.71428571426,42.58127,-83.28228
Renaissance Center Lobby Branch,0.010204999999999999,1020.5,51025,15527696.0,42520.142857142855,42.32987,-83.04119
Allen-King Branch,0.0249134,2491.34,124567,15538440.0,95175.71428571429,42.15596,-83.22668
Orchard Lake-Maple Road Branch,0.059312199999999995,5931.22,296561,15572339.0,214693.85714285713,42.5367,-83.36054
John R-14 Mile Road Branch,0.0270808,2708.08,135404,15542830.0,89994.71428571429,42.53488,-83.10689
Walton-Adams Branch,0.0480868,4808.68,240434,15565620.0,173458.85714285713,42.68192,-83.19408
Long Lake - Rochester Branch,0.029578,2957.8,147890,15542972.0,115611.28571428571,42.59201,-83.12769
Monroe Beech Branch,0.0284074,2840.7400000000002,142037,15542805.0,94239.71428571429,42.30291,-83.24263
Ford-Steadman Branch,0.0192032,1920.32,96016,15532408.0,72960.0,42.32924,-83.18956
Auburn Hills Branch,0.0361446,3614.46,180723,15545696.0,133409.0,42.63369,-83.21972
Drayton Plains Branch,0.0229614,2296.14,114807,15537323.0,91360.14285714286,42.6879,-83.38278
East Highland Branch,0.0172498,1724.98,86249,15532585.0,72012.71428571429,42.65381,-83.57496
Town Square Bloomfield Branch,0.012010999999999999,1201.1000000000001,60055,15525175.0,48312.57142857143,42.60623,-83.29612
Baldwin Branch,0.012381999999999999,1238.2,61910,15527801.0,47052.142857142855,42.67231,-83.30052
Opdyke Walton Branch,0.0212392,2123.92,106196,15534932.0,82218.71428571429,42.67776,-83.24595
M-59 Branch,0.016631,1663.1000000000001,83155,15527244.0,72368.85714285714,42.65938,-83.42612
West Huron Branch,0.0216032,2160.32,108016,15528445.0,87240.14285714286,42.63782,-83.34968
Union Commerce Branch,0.029795,2979.5,148975,15516033.0,122859.28571428571,42.59443,-83.44606
Pine Knob Banking Center Branch,0.021366,2136.6,106830,15529933.0,89808.28571428571,42.71918,-83.37901
Oxford Lapeer Branch,0.0201306,2013.06,100653,15527317.0,79724.57142857143,42.8111,-83.25251
Walled Lake Branch,0.023111,2311.1,115555,15544550.0,83652.57142857143,42.55063,-83.45911
Dixie-Maybee Branch,0.033961,3396.1,169805,15542501.0,128329.57142857143,42.71817,-83.41578
Biddle Eureka Branch,0.0157962,1579.6200000000001,78981,15523332.0,75532.14285714286,42.201,-83.15033
Van Born Road Branch,0.0134618,1346.18,67309,15532038.0,56855.57142857143,42.26932,-83.26042
Fort-Northline Branch,0.021052599999999998,2105.26,105263,15520481.0,87291.71428571429,42.21457,-83.18068
Northline Allen Branch,0.0120436,1204.3600000000001,60218,15526672.0,48322.857142857145,42.21294,-83.23717
Fort Street Branch,0.0272508,2725.08,136254,15519793.0,178337.57142857142,42.98044,-82.42204
Pine Grove Garfield Branch,0.012440999999999999,1244.1000000000001,62205,15525561.0,58745.142857142855,43.00421,-82.44002
Port Huron 24th Street Branch,0.0081064,810.64,40532,15525308.0,45133.0,42.97113,-82.45255
Gratiot Branch,0.0136492,1364.92,68246,15524656.0,64376.42857142857,42.91492,-82.48801
Kimball Branch,0.011646799999999999,1164.68,58234,15526398.0,50882.28571428572,42.98195,-82.50338
Busha Highway Branch,0.0120634,1206.34,60317,15506121.0,58910.42857142857,42.90379,-82.47987
Fort Gratiot Branch,0.0248372,2483.7200000000003,124186,15538182.0,100520.28571428571,43.03985,-82.45671
Main Washington Branch,0.047700799999999995,4770.08,238504,15550122.0,228247.57142857142,42.28118,-83.74842
Westgate Ann Arbor Branch,0.0291068,2910.68,145534,15543751.0,110320.57142857143,42.27923,-83.78011
Packard Branch,0.0269178,2691.78,134589,15538849.0,100184.42857142857,42.26079,-83.72981
Milan Branch,0.0107758,1077.58,53879,15527272.0,45352.857142857145,42.08456,-83.68336
Plymouth Green Branch,0.0584646,5846.46,292323,15558402.0,198783.0,42.30519,-83.69223
Briarwood Branch,0.0409358,4093.58,204679,15550965.0,128786.14285714286,42.24274,-83.74889
Huron River Drive Branch,0.013423599999999999,1342.3600000000001,67118,15526097.0,52965.142857142855,42.2596,-83.66115
West Saginaw Branch,0.012474599999999999,1247.46,62373,15532497.0,50392.0,42.741,-84.61472
Frandor Branch,0.015880599999999998,1588.06,79403,15532377.0,54968.0,42.74081,-84.50833
South Pennsylvania Branch,0.0082796,827.96,41398,15531422.0,32428.571428571428,42.67082,-84.53809
Okemos Branch,0.0151598,1515.98,75799,15528204.0,56391.142857142855,42.71835,-84.41197
Fowlerville Branch,0.007234,723.4,36170,15525783.0,28355.285714285714,42.66059,-84.0729
Howell Grand River Branch,0.019471,1947.1000000000001,97355,15526510.0,77602.14285714286,42.61563,-83.96277
6 Mile/Newburgh Branch,0.0447478,4474.78,223739,15535532.0,181525.2857142857,42.41097,-83.41434
Fort Williamsburg Branch,0.011242799999999999,1124.28,56214,15530556.0,45264.28571428572,42.17912,-83.18961
Allen Park Branch,0.012235999999999999,1223.6000000000001,61180,15519535.0,46093.857142857145,42.2565,-83.19854
First St Beach Branch,0.025969,2596.9,129845,15532817.0,74748.57142857143,43.01301,-83.68686
Beecher Heights Branch,0.007644,764.4,38220,15526127.0,24375.85714285714,43.07837,-83.69417
Burton Heights Branch,0.009730599999999999,973.0600000000001,48653,15525011.0,47336.71428571428,42.97894,-83.69284
Byron Branch,0.0047624,476.24,23812,15527199.0,19836.714285714286,42.8235,-83.94445
Bentley Branch,0.010888799999999999,1088.88,54444,15524302.0,46957.71428571428,43.01285,-83.59516
Davison Donegal Branch,0.012382599999999999,1238.26,61913,15529133.0,54406.0,43.03313,-83.62955
Dye Corunna Branch,0.0253584,2535.84,126792,15522699.0,112924.57142857143,43.0019,-83.78348
Flushing Branch,0.0102954,1029.54,51477,15527656.0,46598.0,43.06241,-83.85431
Flushing Point Branch,0.019514399999999998,1951.44,97572,15533171.0,81331.71428571429,43.06018,-83.81072
Genesee Branch,0.0064274,642.74,32137,15527053.0,26709.85714285714,43.11213,-83.61819
Goodrich Branch,0.0070084,700.84,35042,15526587.0,28327.428571428572,42.9222,-83.50185
Grand Blanc Point Branch,0.024022599999999998,2402.26,120113,15533855.0,91602.14285714286,42.94532,-83.65154
Ortonville Branch,0.013060599999999999,1306.06,65303,15530255.0,50719.0,42.84,-83.44767
Swartz Creek Branch,0.0165732,1657.32,82866,15533718.0,69510.85714285714,42.94157,-83.82524
Vernon Branch,0.0055433999999999995,554.34,27717,15528471.0,21594.285714285714,42.93928,-84.03278
Davison South Branch,0.022859599999999997,2285.96,114298,15587267.0,52442.71428571428,43.01672,-83.51758
Diplomat Plaza Branch,0.0095512,955.12,47756,15524809.0,28336.428571428572,43.03027,-83.74944
Fenton Branch,0.012022999999999999,1202.3,60115,15531751.0,47789.0,42.82155,-83.7065
Lapeer Branch,0.0241626,2416.26,120813,15529736.0,92100.57142857143,43.06912,-83.31858
Clio Branch,0.0103688,1036.88,51844,15529326.0,40005.0,43.17742,-83.75888
Court Street Saginaw Branch,0.008343399999999999,834.34,41717,15522281.0,31707.714285714286,43.41946,-83.96701
Hemlock Branch,0.004922,492.2,24610,15526668.0,22301.14285714286,43.4147,-84.22558
Vassar Branch,0.004837,483.7,24185,15524859.0,23568.0,43.37127,-83.58375
Bay Mccarty Branch,0.0096512,965.12,48256,15528621.0,33262.142857142855,43.46753,-83.97545
Brockway-Center Branch,0.0196958,1969.5800000000002,98479,15541309.0,73140.85714285714,43.42887,-84.01471
West Park Branch,0.009894,989.4,49470,15524066.0,49746.857142857145,43.42098,-82.84635
Marlette Branch,0.0075286,752.86,37643,15526432.0,32703.571428571428,43.32663,-83.07991
Battle Creek Branch,0.0062848,628.48,31424,15527916.0,22314.0,42.33783,-85.2759
Riverview Branch,0.0128664,1286.64,64332,15487979.0,66138.28571428571,42.11072,-86.46574
Bridgman Branch,0.0060788,607.88,30394,15523816.0,30332.714285714286,41.94298,-86.55616
Fairplain Plaza Branch,0.0060374,603.74,30187,15524381.0,25753.714285714286,42.08699,-86.4325
Stevensville Branch,0.0082646,826.46,41323,15523582.0,35662.0,42.01472,-86.51952
Hilltop Branch,0.013566,1356.6000000000001,67830,15529678.0,53475.71428571428,42.07985,-86.48533
Roscommon Branch,0.011751,1175.1000000000001,58755,15530658.0,51976.28571428572,44.4985,-84.59237
Houghton Lake Branch,0.009521,952.1,47605,15528062.0,38888.42857142857,44.30632,-84.75575
Prudenville Branch,0.0091354,913.54,45677,15523866.0,42031.142857142855,44.29848,-84.65464
St. Helen Road Branch,0.00376,376.0,18800,15525652.0,17858.714285714286,44.36436,-84.41029
Grand Haven Main Branch,0.010909199999999999,1090.92,54546,15527888.0,47307.71428571428,43.06347,-86.22939
Robbins Road Branch,0.010684599999999999,1068.46,53423,15529120.0,42832.142857142855,43.04461,-86.21805
Spring Lake Branch,0.0144894,1448.94,72447,15527841.0,61975.28571428572,43.07679,-86.19717
Grand Rapids Plaza Branch,0.0696116,6961.16,348058,15522616.0,316793.0,42.96735,-85.67
Ada Branch,0.0141836,1418.3600000000001,70918,15534497.0,48565.142857142855,42.95536,-85.48496
Cedar Springs Branch,0.0087672,876.72,43836,15526380.0,34519.42857142857,43.22621,-85.52439
Alger Heights Branch,0.0053422,534.22,26711,15525604.0,23642.14285714286,42.91949,-85.64747
Michigan-Fuller Branch,0.0085904,859.04,42952,15525988.0,37761.857142857145,42.96995,-85.64215
Plainfield Four-Mile Branch,0.007968,796.8000000000001,39840,15526777.0,34882.857142857145,43.02804,-85.63174
Leonard Fuller Branch,0.0074008,740.08,37004,15525100.0,33887.142857142855,42.98451,-85.6372
Division 44th Branch,0.0209354,2093.54,104677,15522856.0,81090.14285714286,42.8732,-85.62637
Rockford Branch,0.016483599999999998,1648.3600000000001,82418,15546176.0,58881.57142857143,43.1188,-85.5596
Leonard Walker Branch,0.008711,871.1,43555,15522982.0,43742.142857142855,42.98601,-85.7089
Chicago Drive Branch,0.005827199999999999,582.72,29136,15524654.0,26129.714285714286,42.93553,-85.6932
Clocktower Branch,0.0322164,3221.64,161082,15500195.0,140352.14285714287,42.85029,-85.62483
Northland Drive Branch,0.0093482,934.82,46741,15530847.0,37563.142857142855,43.0606,-85.57974
Forest Hills Cascade Branch,0.0163408,1634.08,81704,15535726.0,60111.57142857143,42.94599,-85.55296
Breton-Burton Branch,0.0139318,1393.18,69659,15532488.0,56387.0,42.92806,-85.60931
Lake Michigan Drive Branch,0.007245199999999999,724.52,36226,15526608.0,32352.714285714286,42.97181,-85.73523
Thornapple Branch,0.015125,1512.5,75625,15528462.0,57550.57142857143,42.9132,-85.51113
Alpine Lamoreaux Branch,0.0109604,1096.04,54802,15527431.0,42179.57142857143,43.04302,-85.6895
Breton Meadows Branch,0.0098186,981.86,49093,15521801.0,44886.28571428572,42.88436,-85.60657
Grandville Branch,0.0193762,1937.6200000000001,96881,15543564.0,74192.28571428571,42.90771,-85.76301
Jenison Branch,0.014721999999999999,1472.2,73610,15530045.0,53415.42857142857,42.90721,-85.79684
Holland 8th St Branch,0.013077,1307.7,65385,15531857.0,43244.57142857143,42.79048,-86.08002
Burlingame 44th Branch,0.0113218,1132.18,56609,15468161.0,48226.28571428572,42.88464,-85.70836
Petoskey Downtown Branch,0.0270896,2708.96,135448,15533848.0,111472.71428571429,45.37475,-84.95569
East Bay View Branch,0.0057304,573.04,28652,15527436.0,23984.428571428572,45.38246,-84.94216
Boyne City Branch,0.0093052,930.52,46526,15535692.0,32516.571428571428,45.20471,-84.98794
Harbor Springs Branch,0.008620599999999999,862.0600000000001,43103,15527632.0,37141.0,45.44118,-84.99051
Downtown Kalamazoo Branch,0.0095662,956.62,47831,15526686.0,37546.142857142855,42.29174,-85.58227
Portage Branch,0.017296,1729.6000000000001,86480,15526013.0,57194.142857142855,42.20103,-85.61456
Traverse City Main Branch,0.042019799999999996,4201.9800000000005,210099,15541265.0,179756.14285714287,44.76401,-85.61957
Acme Branch,0.0076022,760.22,38011,15522568.0,35577.0,44.77004,-85.50317
Chums Corners Branch,0.0087016,870.16,43508,15528627.0,30952.14285714286,44.73004,-85.72485
Cherryland Branch,0.0149506,1495.06,74753,15542886.0,52960.71428571428,44.73332,-85.59491
Kalkaska Branch,0.0071392,713.92,35696,15524604.0,32228.571428571428,44.73345,-85.17608
Cedar Branch,0.0044063999999999996,440.64,22032,15523666.0,17742.285714285714,44.8481,-85.79442
Bridgeport Dixie Highway Branch,0.0042255999999999995,422.56,21128,15524996.0,20670.85714285714,43.35458,-83.87305
12 Mile-Country Club Drive Branch,0.0336604,3366.04,168302,15527177.0,127910.57142857143,42.49721,-83.42809
Hill - U.S. 23 Branch,0.021487199999999998,2148.7200000000003,107436,15543170.0,77690.28571428571,42.94393,-83.72731
Roosevelt Park Branch,0.009511799999999999,951.1800000000001,47559,15504527.0,30830.0,43.19986,-86.26326
Brighton Grand River Branch,0.0397914,3979.14,198957,15546821.0,154068.85714285713,42.52251,-83.7664
Gratiot and 23 Mile Branch,0.0153776,1537.76,76888,15534716.0,58055.57142857143,42.67485,-82.83657
Somerset Branch,0.0668112,6681.12,334056,15589637.0,237707.2857142857,42.56138,-83.177
North Center Road Branch,0.0129004,1290.04,64502,15530167.0,44270.71428571428,43.45849,-84.01507
Washington Square Lansing Branch,0.0392306,3923.06,196153,15524994.0,169923.42857142858,42.73261,-84.55218
Groesbeck-13 Mile Branch,0.016903599999999998,1690.3600000000001,84518,15528699.0,72553.14285714286,42.5212,-82.94866
Warren-Wyoming Branch,0.0109304,1093.04,54652,15527692.0,32041.285714285714,42.34552,-83.15733
Wixom Branch,0.0085042,850.4200000000001,42521,15528374.0,34161.57142857143,42.51041,-83.53688
Colony Lakes Branch,0.0243268,2432.68,121634,15545048.0,81628.71428571429,29.56435,-95.5633
Downtown Main Milwaukee Branch,0.7252888,72528.88,3626444,15163759.0,3332083.1428571427,43.03863,-87.90934
Paradise Branch,0.008404,840.4,42020,15530432.0,29992.714285714286,43.3978,-88.18436
West Bend Main Office Branch,0.0128136,1281.3600000000001,64068,15528400.0,53246.57142857143,43.42683,-88.18689
North Port Branch,0.0306314,3063.14,153157,15535556.0,148527.2857142857,43.17555,-87.91286
Brown Deer Branch,0.006136,613.6,30680,15526187.0,26093.714285714286,43.1779,-88.02077
2nd and Capitol Branch,0.011393799999999999,1139.38,56969,15530252.0,46094.57142857143,43.0894,-87.91278
Greenfield & 16th Branch,0.0095594,955.94,47797,15526984.0,41454.0,43.01748,-87.93312
Cudahy Branch,0.0205904,2059.04,102952,15525361.0,94564.57142857143,42.9589,-87.86009
Wauwatosa Branch,0.022782999999999998,2278.3,113915,15537944.0,86104.57142857143,43.04897,-88.00614
Mequon Branch,0.0212808,2128.08,106404,15538691.0,77828.14285714286,43.22144,-87.98368
Delafield Branch,0.0162128,1621.28,81064,15523768.0,69227.57142857143,43.05972,-88.4042
Eagle Branch,0.005279799999999999,527.98,26399,15526834.0,21053.571428571428,42.87899,-88.4747
Wales Branch,0.0075128,751.28,37564,15531137.0,28003.571428571428,43.0121,-88.38314
Germantown Branch,0.021235399999999998,2123.54,106177,15541160.0,75296.71428571429,43.22155,-88.10321
Brookfield Branch,0.0290108,2901.08,145054,15531944.0,123006.28571428571,43.08993,-88.09778
Pewaukee Branch,0.017199199999999998,1719.92,85996,15536412.0,64741.42857142857,43.08273,-88.26185
Waukesha Branch,0.0163412,1634.1200000000001,81706,15532734.0,73989.0,43.00971,-88.22681
East Waukesha Branch,0.0252306,2523.06,126153,15537911.0,91708.42857142857,43.03257,-88.17751
Elmbrook Branch,0.0326362,3263.62,163181,15544590.0,118042.71428571429,43.06048,-88.12621
New Berlin Branch,0.026909199999999998,2690.92,134546,15535633.0,110411.57142857143,42.97671,-88.1077
Oconomowoc Branch,0.012581799999999999,1258.18,62909,15528902.0,55117.28571428572,43.11096,-88.49825
Butler Branch,0.011805999999999999,1180.6000000000001,59030,15527537.0,52461.57142857143,43.1046,-88.06956
Muskego Branch,0.012631199999999999,1263.1200000000001,63156,15532149.0,43055.57142857143,42.88293,-88.1263
Fox Run Branch,0.0098364,983.64,49182,15526112.0,39187.71428571428,42.99111,-88.26498
Franklin 76th Street Branch,0.0234312,2343.12,117156,15536421.0,84078.14285714286,42.91604,-88.00898
76th & Morgan Branch,0.0172224,1722.24,86112,15539122.0,61399.857142857145,42.98113,-88.00801
27th and Loomis Branch,0.014593199999999999,1459.32,72966,15529164.0,57465.0,42.97902,-87.94859
Fond Du Lac Main Office Branch,0.0142204,1422.04,71102,15530113.0,48501.857142857145,43.77853,-88.44696
Oshkosh Main Branch,0.0102922,1029.22,51461,15524886.0,47378.0,44.01719,-88.53751
Oshkosh West Branch,0.0058848,588.48,29424,15526273.0,24091.0,43.9959,-88.56311
Racine Downtown Branch,0.007672,767.2,38360,15527102.0,34784.142857142855,42.72763,-87.78409
Mount Pleasant Branch,0.0145606,1456.06,72803,15527965.0,56741.142857142855,42.7189,-87.85084
Racine North Branch,0.008019799999999999,801.98,40099,15530593.0,31943.285714285714,42.78372,-87.80867
Kenosha Main Branch,0.0494308,4943.08,247154,15559584.0,182278.0,42.58539,-87.81866
Pleasant Prairie Branch,0.013825599999999999,1382.56,69128,15535630.0,51311.142857142855,42.52995,-87.8541
Bristol Branch,0.0155514,1555.14,77757,15538301.0,55481.142857142855,42.55594,-88.04628
Kenosha South Branch,0.0209738,2097.38,104869,15532841.0,84878.28571428571,42.55893,-87.85218
Kenosha North Branch,0.0150152,1501.52,75076,15528849.0,59562.71428571428,42.60264,-87.84507
Stevens Point Main Office Branch,0.023220599999999997,2322.06,116103,15525412.0,117021.28571428571,44.52338,-89.58671
Antigo Main Branch,0.008411199999999999,841.12,42056,15522645.0,44502.71428571428,45.14054,-89.15228
Appleton Main Branch,0.06384279999999999,6384.28,319214,15442721.0,297671.14285714284,44.26185,-88.40756
Valley Fair Branch,0.0069673999999999995,696.74,34837,15527751.0,29958.14285714286,44.24289,-88.41572
Waupaca Branch,0.0056108,561.08,28054,15526260.0,22804.14285714286,44.35715,-89.08478
Fox River Mall Branch,0.0079026,790.26,39513,15529800.0,28931.714285714286,44.27294,-88.47176
Northland and Ballard Branch,0.008513399999999999,851.34,42567,15529693.0,31263.85714285714,44.28746,-88.37299
Neenah Branch,0.012392799999999999,1239.28,61964,15530015.0,51140.57142857143,44.18631,-88.46138
Larsen Branch,0.0034324,343.24,17162,15525673.0,15933.142857142857,44.19156,-88.62404
Beaver Dam Main Office Branch,0.012376,1237.6000000000001,61880,15528830.0,55162.28571428572,43.45703,-88.83687
Watertown Branch,0.009382,938.2,46910,15518876.0,50694.57142857143,43.19386,-88.72018
Elkhorn Main Office Branch,0.0181114,1811.14,90557,15524765.0,78149.14285714286,42.67252,-88.54237
Burlington Chestnut Branch,0.0106296,1062.96,53148,15524729.0,43923.0,42.68,-88.27652
Lake Geneva Branch,0.0114408,1144.08,57204,15528723.0,42347.0,42.59448,-88.43353
Green Bay Main Office Branch,0.0284986,2849.86,142493,15525969.0,119481.85714285714,44.51204,-88.01589
De Pere Branch,0.0074838,748.38,37419,15527566.0,29750.714285714286,44.44765,-88.07172
Allouez Branch,0.0094812,948.12,47406,15527632.0,41593.857142857145,44.47052,-88.02109
New Franken Branch,0.0047732,477.32,23866,15525395.0,22506.14285714286,44.53491,-87.82585
Green Bay West Branch,0.0123048,1230.48,61524,15528883.0,51339.71428571428,44.52577,-88.09906
Freedom Branch,0.0028512,285.12,14256,15524532.0,12586.714285714286,44.38205,-88.29302
Seymour Branch,0.006492599999999999,649.26,32463,15523631.0,31661.85714285714,44.5113,-88.33021
Ashwaubenon Branch,0.0092344,923.44,46172,15525861.0,37892.71428571428,44.48356,-88.07242
Janesville Main Office Branch,0.0155286,1552.8600000000001,77643,15527310.0,73412.71428571429,42.68296,-89.02247
Edgerton Branch,0.010269,1026.9,51345,15527665.0,44394.857142857145,42.83439,-89.06865
Westside Branch,0.0056381999999999995,563.82,28191,15524637.0,26164.14285714286,42.67948,-89.04494
Eastside Branch,0.008541,854.1,42705,15529746.0,32139.0,42.69874,-88.97353
East Towne Branch,0.013873799999999999,1387.38,69369,15528576.0,53649.57142857143,43.12472,-89.30976
Milwaukee Street Branch,0.0874664,8746.64,437332,15557532.0,194057.57142857142,43.09876,-89.30502
Monona Branch,0.0097156,971.5600000000001,48578,15529584.0,37854.28571428572,43.04732,-89.33727
Sauk Creek Branch,0.0390762,3907.62,195381,15561875.0,124525.57142857143,43.07385,-89.51876
Capitol Branch,0.0314722,3147.2200000000003,157361,15568107.0,83977.71428571429,43.07582,-89.385
Oak Creek Branch,0.027513,2751.3,137565,15531391.0,116127.71428571429,42.89976,-87.9115
Circle Branch,1.0328134,103281.34,5164067,15418796.0,4420737.142857143,39.76876,-86.15743
Arlington Avenue Branch,0.012023599999999999,1202.3600000000001,60118,15527418.0,58775.142857142855,39.78453,-86.0642
Broad Ripple Branch,0.022138599999999998,2213.86,110693,15538803.0,87782.71428571429,39.86974,-86.14541
Southeastern Avenue Branch,0.0044448,444.48,22224,15525795.0,20630.85714285714,39.7593,-86.11287
West Michigan Street Branch,0.0050094,500.94,25047,15526480.0,23046.0,39.77462,-86.20411
North Meridian Street Branch,0.0113972,1139.72,56986,15554498.0,31573.714285714286,39.80732,-86.15667
Keystone Avenue Branch,0.009663,966.3000000000001,48315,15527124.0,41823.28571428572,39.8482,-86.12217
East Side Branch,0.0093372,933.72,46686,15528764.0,39789.57142857143,39.78148,-86.08964
Pierson and W 16th Street Branch,0.012395399999999999,1239.54,61977,15534984.0,45730.857142857145,39.78839,-86.15855
Lawrence Franklin Branch,0.0112984,1129.84,56492,15529062.0,49002.28571428572,39.83347,-86.02705
Nora Branch,0.037712999999999997,3771.3,188565,15539239.0,153997.14285714287,39.9126,-86.14513
Southport Branch,0.011665799999999999,1166.58,58329,15526450.0,52525.142857142855,39.66462,-86.12684
Speedway & Lynnhurst Branch,0.013342,1334.2,66710,15524895.0,65707.28571428571,39.78727,-86.25046
Wanamaker Branch,0.0133268,1332.68,66634,15529539.0,56153.142857142855,39.70455,-86.00987
Post and 21 Street Branch,0.0085162,851.62,42581,15522426.0,39827.28571428572,39.79667,-86.01107
Rockville Road Banking Center Branch,0.0161588,1615.88,80794,15531853.0,68830.71428571429,39.76433,-86.29009
Greenbriar Banking Center Branch,0.027021,2702.1,135105,15540020.0,112655.0,39.9122,-86.18206
State Office Building Branch,0.0074192,741.92,37096,15527907.0,31193.714285714286,39.76698,-86.1519
Beech Grove Banking Center Branch,0.010395,1039.5,51975,15528109.0,43104.71428571428,39.71681,-86.09123
Marwood Banking Center Branch,0.009308199999999999,930.82,46541,15527994.0,39383.142857142855,39.71489,-86.23693
Keystone and 96th Branch,0.0157876,1578.76,78938,15534465.0,83258.57142857143,39.9258,-86.11355
Augusta Branch,0.007677,767.7,38385,15526274.0,35168.142857142855,39.88,-86.20744
Eagle Highlands Banking Ctr. Branch,0.0259072,2590.7200000000003,129536,15533462.0,112769.42857142857,39.82343,-86.28193
Shelbyville Main Branch,0.010307,1030.7,51535,15528070.0,45395.0,39.52409,-85.77687
Noble Jackson Branch,0.0001186,11.86,593,15523934.0,701.2857142857143,39.52423,-85.7728
Shadeland and 75th Branch,0.0166472,1664.72,83236,15534068.0,63990.28571428572,39.89019,-86.0461
College Park Branch,0.0250728,2507.28,125364,15538110.0,98191.85714285714,39.91312,-86.22323
Carmel Branch,0.0433182,4331.82,216591,15553128.0,162174.42857142858,39.96198,-86.1313
Georgetown and 56th Branch,0.0111606,1116.06,55803,15524482.0,46156.57142857143,39.85325,-86.24363
The Geist Banking Center Branch,0.022800599999999997,2280.06,114003,15548279.0,72806.42857142857,39.90249,-85.95776
Meridian and 146th Branch,0.026239199999999997,2623.92,131196,15540197.0,98817.57142857143,40.00341,-86.12692
White River Branch,0.025709199999999998,2570.92,128546,15538029.0,97681.85714285714,39.60728,-86.15858
Franklin Morton Branch,0.013879599999999999,1387.96,69398,15535312.0,52862.28571428572,39.49447,-86.06517
Valle Vista Banking Center Branch,0.0123238,1232.38,61619,15529640.0,47424.142857142855,39.6156,-86.07806
Fishers Banking Center Branch,0.016273799999999998,1627.38,81369,15528957.0,66233.28571428571,39.95473,-86.04071
Lafayette Road Banking Center Branch,0.0111624,1116.24,55812,15530774.0,45205.71428571428,39.81868,-86.22973
Brownsburg Branch,0.0161246,1612.46,80623,15528566.0,67847.85714285714,39.83733,-86.38174
Stafford Pointe Branch,0.0276992,2769.92,138496,15530482.0,116994.14285714286,39.69699,-86.37301
Avon Branch,0.015856,1585.6000000000001,79280,15529696.0,62094.857142857145,39.76245,-86.39944
Lantern Road and 96th Branch,0.0278204,2782.04,139102,15534476.0,112211.71428571429,39.9277,-86.01369
Bloomington In Main Branch,0.048014999999999995,4801.5,240075,15541583.0,187973.14285714287,39.16656,-86.53496
Eastland Third Street Branch,0.044120799999999995,4412.08,220604,15559795.0,146998.0,39.16419,-86.50023
Walnut Station Branch,0.0168208,1682.08,84104,15524691.0,74432.42857142857,39.13591,-86.53117
Ellettsville Branch,0.005115799999999999,511.58,25579,15525124.0,21829.428571428572,39.21227,-86.58792
Bedford I Street Branch,0.013840199999999999,1384.02,69201,15529046.0,62748.28571428572,38.86099,-86.48267
Crawfordsville Main Branch,0.023913999999999998,2391.4,119570,15519930.0,119447.0,40.04054,-86.90134
Lafayette Main Branch,0.021719199999999998,2171.92,108596,15529051.0,114877.0,40.41907,-86.89467
Sagamore Branch,0.016992399999999998,1699.24,84962,15529483.0,67121.85714285714,40.41767,-86.85633
Jefferson Square Branch,0.0108714,1087.14,54357,15529192.0,45402.0,40.39545,-86.88
Chauncey Village Branch,0.0527358,5273.58,263679,15583601.0,153182.7142857143,40.42346,-86.90706
Wabash Village Branch,0.0287872,2878.7200000000003,143936,15511150.0,126298.0,40.45273,-86.90898
Lake Station Branch,0.0097308,973.08,48654,15524966.0,42373.71428571428,41.57357,-87.24613
Whiting Branch,0.0077106,771.0600000000001,38553,15525886.0,33677.142857142855,41.67943,-87.49401
St. John Branch,0.020747599999999998,2074.76,103738,15537064.0,74347.14285714286,41.44393,-87.47021
Cedar Lake Branch,0.0090762,907.62,45381,15527918.0,38193.0,41.37721,-87.45156
Highland Drive-Up Branch,0.0134354,1343.54,67177,15529561.0,51209.57142857143,41.53921,-87.43249
Richmond Main Branch,0.0126176,1261.76,63088,15518042.0,68169.57142857143,39.82905,-84.89316
West Side Branch,0.0050342,503.42,25171,15524726.0,25800.0,39.82942,-84.92694
Gateway Branch,0.0051516,515.16,25758,15522796.0,24352.285714285714,39.83118,-84.84206
Richmond Motor Bank Branch,0.0002082,20.82,1041,15524266.0,1172.5714285714287,39.83026,-84.89275
Chester Boulevard Branch,0.0063625999999999995,636.26,31813,15527657.0,24730.85714285714,39.86138,-84.88858
So. Crawfordsville Bkg. Ctr. Branch,0.003751,375.1,18755,15524476.0,15702.285714285714,40.02414,-86.90244
Tower Banking Center Branch,0.020465399999999998,2046.54,102327,15530106.0,83716.71428571429,39.76878,-86.15745
Elkhart Main Branch,0.100738,10073.800000000001,503690,15583485.0,368823.71428571426,41.68406,-85.97226
Indiana and Sr 19 Branch,0.006503,650.3000000000001,32515,15527447.0,27614.85714285714,41.67435,-86.00317
Nappanee Branch,0.005100599999999999,510.06,25503,15526768.0,22713.85714285714,41.44261,-86.00516
Greenleaf Branch,0.009586599999999999,958.66,47933,15530623.0,36906.142857142855,41.70254,-85.94849
Concord Mall Branch,0.0072331999999999995,723.32,36166,15524210.0,30832.85714285714,41.64409,-85.93647
Simonton Lake Branch,0.013987399999999999,1398.74,69937,15537210.0,47500.0,41.73791,-85.97377
Bristol Branch,0.0042482,424.82,21241,15527933.0,16511.285714285714,41.72156,-85.81735
Goshen Main Branch,0.0130592,1305.92,65296,15532893.0,39812.57142857143,41.58234,-85.83436
Bashor Road Branch,0.004758,475.8,23790,15526779.0,19047.85714285714,41.59377,-85.85731
Ironwood and 23 Branch,0.0189178,1891.78,94589,15567358.0,47292.71428571428,41.69837,-86.21967
East New York Street Branch,0.0028644,286.44,14322,15526021.0,13039.285714285714,39.77188,-86.11262
Shelby Street Branch,0.0050798,507.98,25399,15521890.0,24176.285714285714,39.7345,-86.1397
Illinois & Westfield Branch,0.0187042,1870.42,93521,15529172.0,77726.28571428571,39.85523,-86.15951
Allisonville Road and 62nd Branch,0.016479999999999998,1648.0,82400,15529738.0,68029.0,39.86895,-86.09692
Shadeland Avenue Branch,0.0041128,411.28000000000003,20564,15523164.0,19378.85714285714,39.81198,-86.04572
West Washington Street Branch,0.0145776,1457.76,72888,15526637.0,65774.42857142857,39.75412,-86.24606
Eastgate Branch,0.0121534,1215.34,60767,15525146.0,58373.0,39.77799,-86.04537
Southern Branch,0.0153976,1539.76,76988,15526311.0,131723.42857142858,39.71193,-86.14896
County Line South Branch,0.0224602,2246.02,112301,15530097.0,97176.57142857143,39.6621,-86.12581
Graham and 71st Branch,0.0243968,2439.68,121984,15529509.0,105012.42857142857,39.88337,-86.07038
South Meridian Branch,0.021443,2144.3,107215,15531005.0,93721.0,39.6489,-86.15848
Speedway Banking Branch,0.0122896,1228.96,61448,15528537.0,52038.71428571428,39.79802,-86.26503
Keystone & Carson Branch,0.0078636,786.36,39318,15526451.0,34526.42857142857,39.70704,-86.12054
Washington-Mitthoefer Rd. Branch,0.0212748,2127.48,106374,15536836.0,90228.85714285714,39.77477,-85.99058
Keystone At The Crossing Branch,0.017324799999999998,1732.48,86624,15533444.0,68764.57142857143,39.91258,-86.10971
Zionsville Branch,0.0281446,2814.46,140723,15540000.0,106950.14285714286,39.94996,-86.27966
Noblesville Banking Center Branch,0.0198156,1981.56,99078,15533203.0,81065.28571428571,40.04924,-86.02412
Gary Main Branch,0.00496,496.0,24800,15524154.0,25431.285714285714,41.60191,-87.33959
Dyer Branch,0.014789199999999999,1478.92,73946,15531327.0,57291.0,41.4929,-87.50748
Glen Park Branch,0.0082206,822.0600000000001,41103,15524805.0,41808.142857142855,41.55163,-87.33663
Miller Branch,0.005880799999999999,588.08,29404,15524990.0,27441.285714285714,41.59898,-87.26674
Tolleston Branch,0.0047114,471.14,23557,15524569.0,22770.571428571428,41.59143,-87.364
Hobart Branch,0.020691599999999997,2069.16,103458,15531293.0,91795.14285714286,41.53432,-87.25603
Merrillville Branch,0.0158114,1581.14,79057,15527903.0,84700.57142857143,41.49367,-87.33606
White Oak Branch,0.0281328,2813.28,140664,15548968.0,100431.42857142857,41.5376,-87.49024
Ridge Griffith Branch,0.0070722,707.22,35361,15527200.0,29247.14285714286,41.54962,-87.41429
Broadway Center Branch,0.0720754,7207.54,360377,15502969.0,417592.28571428574,41.4623,-87.33553
Crown Point Branch,0.0173796,1737.96,86898,15530422.0,76167.85714285714,41.41539,-87.36544
Independence Hill Branch,0.0094684,946.84,47342,15525735.0,43227.42857142857,41.47329,-87.36492
Harrison Park Branch,0.0032326,323.26,16163,15525428.0,13693.0,41.60582,-87.52198
Northside Branch,0.0119996,1199.96,59998,15527155.0,49710.71428571428,41.63732,-87.50874
Hessville Branch,0.0119302,1193.02,59651,15530813.0,45971.57142857143,41.58824,-87.46281
Ridge Munster Branch,0.013152599999999999,1315.26,65763,15530000.0,51207.71428571428,41.56202,-87.51439
Lincolnway Branch,0.0101484,1014.84,50742,15527478.0,43868.42857142857,41.46786,-87.05967
Kouts Branch,0.006658,665.8000000000001,33290,15525943.0,28377.428571428572,41.31649,-87.02576
Calumet Branch,0.0289064,2890.64,144532,15537274.0,108205.42857142857,41.48917,-87.0487
Heritage Valley Branch,0.014020399999999999,1402.04,70102,15529002.0,56654.57142857143,41.44909,-87.08513
Portage Central Branch,0.012064,1206.4,60320,15526838.0,52505.28571428572,41.57594,-87.17539
Willowcreek Branch,0.0148956,1489.56,74478,15528786.0,59923.142857142855,41.55368,-87.18261
Strongbow Centre Branch,0.008648399999999999,864.84,43242,15529901.0,31691.428571428572,41.45988,-87.03634
Lake Park Branch,0.012180199999999999,1218.02,60901,15530107.0,44183.142857142855,41.68141,-86.89405
Yorktown Branch,0.0050234,502.34000000000003,25117,15525016.0,21115.85714285714,40.17323,-85.49505
Northwest Plaza Branch,0.0217124,2171.2400000000002,108562,15526387.0,49411.57142857143,40.21889,-85.40511
Southway Plaza Branch,0.0069552,695.52,34776,15524978.0,26211.714285714286,40.16354,-85.38168
Tillotson Square Branch,0.0104158,1041.58,52079,15528065.0,42261.142857142855,40.18665,-85.41904
Summit Square Branch,0.045176999999999995,4517.7,225885,15564801.0,193533.0,41.07736,-85.1383
Waynedale Branch,0.0107644,1076.44,53822,15526262.0,50745.0,41.02027,-85.17242
Southgate Pettit Branch,0.011146399999999999,1114.64,55732,15525497.0,45672.142857142855,41.03654,-85.13515
Times Corners Branch,0.018742599999999998,1874.26,93713,15528333.0,79637.57142857143,41.06004,-85.21702
East State Boulevard Branch,0.0103336,1033.3600000000001,51668,15526860.0,47062.857142857145,41.09731,-85.09978
White Swan Branch,0.008548199999999999,854.82,42741,15527012.0,36076.57142857143,41.16437,-85.16581
Northwood Branch,0.0160218,1602.18,80109,15528921.0,66509.14285714286,41.12265,-85.06175
New Haven Branch,0.0078046,780.46,39023,15528228.0,35183.28571428572,41.06998,-85.03412
Georgetown Branch,0.0109684,1096.84,54842,15528551.0,46233.28571428572,41.10304,-85.05627
Washington Square Fort Wayne Branch,0.0137436,1374.3600000000001,68718,15541902.0,47657.57142857143,41.13638,-85.11976
St. Marys Avenue Branch,0.0132058,1320.58,66029,15557477.0,34879.42857142857,41.09478,-85.15613
Kendallville Branch,0.0073824,738.24,36912,15527764.0,31273.285714285714,41.45297,-85.27014
Village At Coventry Branch,0.017997,1799.7,89985,15536472.0,62169.57142857143,41.03163,-85.25969
Pine Valley Branch,0.029442399999999997,2944.2400000000002,147212,15533552.0,110161.57142857143,41.17527,-85.13085
Chesterton Branch,0.0193242,1932.42,96621,15533467.0,79256.0,41.61072,-87.05237
Tippecanoe Mall Branch,0.009261,926.1,46305,15527764.0,38488.57142857143,40.3936,-86.85475
Lowell Branch,0.014346999999999999,1434.7,71735,15530878.0,60806.0,41.29137,-87.41942
Crown Point Drive-Up Branch,0.0106086,1060.8600000000001,53043,15524667.0,39128.71428571428,41.42588,-87.36433
Schererville Branch,0.0157858,1578.58,78929,15535739.0,56640.28571428572,41.48986,-87.46116
Meadows Drive Branch,0.0013878,138.78,6939,15524403.0,7146.0,39.82729,-86.11435
Southport Emerson Branch,0.0170676,1706.76,85338,15533854.0,65565.28571428571,39.66432,-86.08148
Greentree Branch,0.0095522,955.22,47761,15520247.0,42592.42857142857,38.31446,-85.76148
Denver Bank One Branch,0.6461376,64613.76,3230688,15707694.0,3807954.714285714,39.74923,-104.99499
Englewood Hampden Branch,0.031262,3126.2000000000003,156310,15535763.0,125653.71428571429,39.65331,-104.99245
University Hills Branch,0.06401459999999999,6401.46,320073,15553127.0,261423.0,39.66876,-104.94062
Westminster Branch,0.0388642,3886.42,194321,15531454.0,175445.2857142857,39.82864,-105.02504
Littleton Branch,0.0414808,4148.08,207404,15544300.0,154232.57142857142,39.61298,-105.0162
Alameda Branch,0.021391,2139.1,106955,15533404.0,84231.0,39.71119,-105.05744
Northeast Branch,0.008195599999999999,819.5600000000001,40978,15530570.0,25677.714285714286,39.76317,-104.94051
County Line Branch,0.0278546,2785.46,139273,15546302.0,103111.85714285714,39.56679,-104.90444
Table Mesa Branch,0.043445199999999996,4344.52,217226,15548640.0,171347.57142857142,39.98536,-105.2499
Louisville Colorado Branch,0.0133744,1337.44,66872,15526654.0,56114.0,39.97843,-105.13215
Lafayette Branch,0.028083399999999998,2808.34,140417,15526738.0,106094.85714285714,39.99952,-105.09047
Arapahoe Branch,0.045348,4534.8,226740,15551349.0,164077.42857142858,40.01456,-105.26151
Gunbarrel Branch,0.031693599999999995,3169.36,158468,15589523.0,82029.0,40.07072,-105.20543
Uptown Colorado Springs Branch,0.0712894,7128.9400000000005,356447,15435198.0,404568.28571428574,38.83965,-104.82445
Austin Bluffs Branch,0.015714199999999998,1571.42,78571,15532470.0,64119.142857142855,38.8926,-104.75318
Manitou Springs Convenience Branch,0.0070554,705.54,35277,15525387.0,30114.0,38.85754,-104.91017
Loveland Branch,0.0359452,3594.52,179726,15539486.0,137377.7142857143,40.39853,-105.07444
Westlake Loveland Branch,0.015839,1583.9,79195,15529512.0,62545.857142857145,40.40737,-105.10401
Fort Collins Branch,0.0233694,2336.94,116847,15536888.0,88283.85714285714,40.5615,-105.07686
Greeley Downtown Branch,0.015224399999999999,1522.44,76122,15520535.0,68626.0,40.42584,-104.69201
West Greeley Branch,0.0122686,1226.8600000000001,61343,15528722.0,44755.28571428572,40.42285,-104.72282
Mccaslin Branch,0.0314792,3147.92,157396,15545631.0,109675.28571428571,39.96219,-105.16399
Broadway & Alameda Albertson Branch,0.006225199999999999,622.52,31126,15528263.0,22637.14285714286,39.71071,-104.98766
Garden Of The Gods Albertsons Branch,0.0043434,434.34000000000003,21717,15527795.0,15730.857142857143,38.89497,-104.85124
Washington and 12oth Albertsons Brh,0.003606,360.6,18030,15525722.0,14104.142857142857,39.91404,-104.98071
Denver Tech Center Branch,0.026448199999999998,2644.82,132241,15530906.0,89572.14285714286,39.62496,-104.88511
Ken Caryl Branch,0.012421,1242.1000000000001,62105,15532105.0,46404.0,39.5647,-105.10803
Alamo Heights Branch,0.0130234,1302.34,65117,15529231.0,51381.42857142857,29.4811,-98.46516
Fossil Creek Branch,0.012654799999999999,1265.48,63274,15526298.0,49993.142857142855,32.87231,-97.29059
Stassney Branch,0.0110656,1106.56,55328,15531651.0,37738.0,30.20086,-97.76897
South Carrier Parkway Branch,0.007426599999999999,742.66,37133,15518871.0,31409.428571428572,32.67225,-97.0065
Twelve Mile Campbell Farmer Jack Br,0.005312,531.2,26560,15528306.0,17574.571428571428,42.50847,-83.12515
Shoenherr 23 Mile Branch,0.025486599999999998,2548.66,127433,15540133.0,90047.14285714286,42.67014,-82.99638
LA Salle St North Branch,0.0620188,6201.88,310094,15579208.0,230292.57142857142,41.88232,-87.63236
Cme Branch,0.0638506,6385.06,319253,15535341.0,265478.85714285716,41.88153,-87.63709
Springfield Main Branch,0.0790154,7901.54,395077,15535058.0,434124.0,39.80024,-89.64861
North Bank Branch,0.0072569999999999996,725.7,36285,15526397.0,31245.85714285714,39.8161,-89.65593
Springfield West Branch,0.026503199999999998,2650.32,132516,15538764.0,96367.71428571429,39.77565,-89.70833
East Branch,0.0082664,826.64,41332,15527303.0,34125.57142857143,39.80151,-89.60579
Mulford Branch,0.0649252,6492.52,324626,15539756.0,351399.0,42.26704,-88.99898
Harrison Branch,0.0115918,1159.18,57959,15527921.0,48954.28571428572,42.23812,-89.03018
Rockford Downtown Branch,0.0125002,1250.02,62501,15517625.0,62682.42857142857,42.26823,-89.08879
Rockford North Main Branch,0.011112799999999999,1111.28,55564,15525962.0,47877.42857142857,42.3157,-89.07714
Roscoe Branch,0.0175734,1757.3400000000001,87867,15530388.0,73254.42857142857,42.42624,-89.01273
Loves Park Branch,0.010251999999999999,1025.2,51260,15528009.0,43830.71428571428,42.33938,-89.02871
Knoxville Branch,0.0202718,2027.18,101359,15536644.0,71901.71428571429,40.78089,-89.60258
Sterling Plaza-Krogers Branch,0.0033366,333.66,16683,15526016.0,12037.142857142857,40.72711,-89.63207
Champaign Main Branch,0.0576838,5768.38,288419,15573997.0,198016.42857142858,40.11627,-88.24522
Urbana Downtown Branch,0.025501,2550.1,127505,15544701.0,75004.42857142857,40.115,-88.20757
County Fair Branch,0.0311842,3118.42,155921,15541743.0,114728.42857142857,40.11409,-88.27695
Bloomington Il Main Branch,0.0410088,4100.88,205044,15544371.0,165071.42857142858,40.47372,-88.95638
Bloomington Downtown Branch,0.0053574,535.74,26787,15528034.0,17976.428571428572,40.47962,-88.98981
West Market Bloomington Branch,0.0035378,353.78000000000003,17689,15525624.0,14448.857142857143,40.48354,-89.01793
Evergreen Square Krogers Branch,0.0034092,340.92,17046,15526014.0,12051.42857142857,40.73955,-89.60441
City Line Branch,0.005681599999999999,568.16,28408,15527167.0,23580.0,41.49335,-90.53587
Moline Main Branch,0.011527599999999999,1152.76,57638,15531597.0,45618.0,41.50603,-90.51614
Preston and Warren Branch,0.015293999999999999,1529.4,76470,15531320.0,55515.42857142857,33.10733,-96.80559
Zeeb Road Banking Branch,0.018653,1865.3,93265,15533494.0,61763.57142857143,42.28643,-83.83853
Boulder Downtown Banking Branch,0.1185678,11856.78,592839,15606856.0,418800.85714285716,40.01633,-105.27731
Orem Banking Branch,0.044209599999999995,4420.96,221048,15540960.0,155868.0,40.27661,-111.67604
Pearland Branch,0.016489,1648.9,82445,15537648.0,54168.71428571428,29.5559,-95.38432
Briargate Albertons Branch,0.0042146,421.46000000000004,21073,15526496.0,15866.285714285714,38.95859,-104.76437
Grand Parkway Branch,0.0378414,3784.14,189207,15556553.0,114644.71428571429,29.71473,-95.77534
Odessa Westside Branch,0.0091804,918.04,45902,15523649.0,35890.57142857143,31.74541,-102.5709
Springs Ranch Branch,0.008698,869.8000000000001,43490,15529085.0,32087.85714285714,38.88573,-104.71706
Louisville Main Branch,0.37472279999999997,37472.28,1873614,15384937.0,1795663.5714285714,38.25391,-85.75742
Auburndale Branch,0.0120682,1206.82,60341,15525394.0,54841.857142857145,38.14566,-85.77538
Indian Trail Branch,0.0054854,548.54,27427,15525099.0,25552.0,38.16565,-85.70328
St. Matthews Branch,0.026119,2611.9,130595,15536251.0,101565.71428571429,38.25221,-85.64698
Jeffersontown Branch,0.012581199999999999,1258.1200000000001,62906,15529795.0,52404.28571428572,38.19326,-85.56715
Highland Deerwood Branch,0.0127824,1278.24,63912,15526995.0,49057.0,38.22955,-85.70287
Shelby Branch,0.006215399999999999,621.54,31077,15523904.0,21153.714285714286,38.23273,-85.74165
Lyndon Branch,0.009718,971.8000000000001,48590,15529144.0,40990.142857142855,38.25758,-85.60213
Middletown Branch,0.031631,3163.1,158155,15539705.0,125856.71428571429,38.24871,-85.53204
Holiday Manor Branch,0.0229958,2299.58,114979,15534515.0,93593.14285714286,38.2839,-85.63238
Piccadilly Branch,0.0093452,934.52,46726,15524951.0,38771.857142857145,38.16788,-85.60356
Poplar Level Road Branch,0.008521599999999999,852.16,42608,15528061.0,36005.0,38.20091,-85.7094
Pleasure Ridge Branch,0.008834999999999999,883.5,44175,15527193.0,36516.71428571428,38.144,-85.83934
Bashford Manor Lane Branch,0.0104494,1044.94,52247,15529148.0,44577.857142857145,38.20011,-85.66226
Westport Plaza Branch,0.010445,1044.5,52225,15527268.0,47716.28571428572,38.2867,-85.57466
Hurstbourne Branch,0.015495,1549.5,77475,15530879.0,59811.0,38.22873,-85.578
Highland Baxter Branch,0.0078662,786.62,39331,15530752.0,29775.14285714286,38.24038,-85.72445
Okolona Branch,0.0082762,827.62,41381,15526260.0,38180.857142857145,38.13765,-85.68614
Medical Banking Center Branch,0.0058556,585.5600000000001,29278,15528701.0,22676.285714285714,38.24798,-85.74913
Chenoweth Lane Banking Center Branch,0.0128378,1283.78,64189,15531409.0,50275.57142857143,38.26556,-85.66662
Owensboro Main Branch,0.005782799999999999,578.28,28914,15521472.0,30262.14285714286,37.77386,-87.10936
Frederica Street Branch,0.0246388,2463.88,123194,15535893.0,90385.42857142857,37.74605,-87.11486
Carter Road Branch,0.007157999999999999,715.8000000000001,35790,15527968.0,37576.57142857143,37.75978,-87.1464
Villa Point Branch,0.0098878,988.78,49439,15528464.0,43458.142857142855,37.75432,-87.06189
Elizabethtown Main Branch,0.0146698,1466.98,73349,15529862.0,60359.42857142857,37.71788,-85.87916
Radcliff Branch,0.0068084,680.84,34042,15525983.0,29331.85714285714,37.83755,-85.94565
Hi Point Branch,0.0079948,799.48,39974,15524147.0,32938.142857142855,38.21336,-85.20421
Spring Street Branch,0.009616399999999999,961.64,48082,15525819.0,39528.57142857143,38.28551,-85.82488
Scottsburg Branch,0.0065206,652.0600000000001,32603,15528152.0,28305.0,38.68556,-85.78104
North Corydon Branch,0.0056892,568.92,28446,15526840.0,22507.285714285714,38.21205,-86.12638
North Harrison Branch,0.0052066,520.66,26033,15525615.0,23496.14285714286,38.31667,-86.09672
North Corydon Branch,0.0077735999999999994,777.36,38868,15522085.0,39871.57142857143,38.23019,-86.13205
Charlestown Branch,0.008762599999999999,876.26,43813,15523526.0,41190.0,38.44337,-85.66114
Mulberry Elizabethtown Branch,0.0056324,563.24,28162,15530422.0,17855.714285714286,37.7094,-85.83786
Lexington Main Branch,0.0654188,6541.88,327094,15508937.0,360231.71428571426,38.04513,-84.49551
Leestown Road Branch,0.0078584,785.84,39292,15528266.0,31332.285714285714,38.06387,-84.52025
Zandale Branch,0.016113,1611.3,80565,15531216.0,66066.0,38.00717,-84.518
Richmond Downtown Branch,0.0109914,1099.14,54957,15527846.0,48598.857142857145,37.74745,-84.29454
Eastern By Pass Branch,0.013304799999999999,1330.48,66524,15527929.0,55571.71428571428,37.73666,-84.30773
Gardenside Branch,0.0120442,1204.42,60221,15525838.0,54515.28571428572,38.03842,-84.55256
Chevy Chase Branch,0.012137,1213.7,60685,15531512.0,45630.857142857145,38.03069,-84.49174
Eastland Winchester Branch,0.0096104,961.04,48052,15526225.0,41400.0,38.04279,-84.45808
Northland Branch,0.007664,766.4,38320,15525286.0,36590.71428571428,38.06279,-84.48009
Lansdowne Branch,0.0158416,1584.16,79208,15523106.0,73672.42857142857,37.99569,-84.49543
Richmond Road Branch,0.0181606,1816.06,90803,15529429.0,73007.0,38.01048,-84.45643
Melbourne Park Branch,0.0072532,725.32,36266,15527276.0,27702.85714285714,38.07811,-84.50581
Picadome Branch,0.0129906,1299.06,64953,15526709.0,55947.42857142857,38.02935,-84.52922
The Romany Road Branch,0.010803799999999999,1080.38,54019,15542553.0,31189.14285714286,38.01903,-84.48634
Tates Creek Centre Branch,0.0214412,2144.12,107206,15535466.0,82372.71428571429,37.96867,-84.50148
Palomar Branch,0.0325136,3251.36,162568,15534471.0,130607.71428571429,38.00451,-84.56792
Danville Downtown Branch,0.009094399999999999,909.44,45472,15525485.0,41420.71428571428,37.64582,-84.77144
Jessamine County Branch,0.0051594,515.94,25797,15526912.0,20960.428571428572,37.86735,-84.57939
Crestwood Station Branch,0.0066584,665.84,33292,15527044.0,26389.14285714286,38.33895,-85.469
Clarksvlle Branch,0.0052806,528.0600000000001,26403,15525460.0,24307.428571428572,38.30225,-85.76297
Hunter Station Branch,0.0151512,1515.1200000000001,75756,15534515.0,59599.57142857143,38.38258,-85.77187
Allison Lane Branch,0.0108004,1080.04,54002,15529671.0,46922.28571428572,38.31841,-85.70901
Jeffersonville Main Branch,0.0146956,1469.56,73478,15529106.0,68166.57142857143,38.27383,-85.74194
Springdale Branch,0.006973399999999999,697.34,34867,15524305.0,32697.714285714286,38.29861,-85.72573
Highlander Point Branch,0.00893,893.0,44650,15529409.0,33239.42857142857,38.32027,-85.90534
Grantline Road Branch,0.008591999999999999,859.2,42960,15526576.0,36785.57142857143,38.32636,-85.8193
Shively Banking Center Branch,0.0107998,1079.98,53999,15527045.0,51475.857142857145,38.19456,-85.80368
Bowling Green Branch,0.0081698,816.98,40849,15530570.0,27599.571428571428,36.98352,-86.43991
Nichols Park Branch,0.0045552,455.52,22776,15527584.0,16267.285714285714,37.97784,-84.53396
Norman Main Branch,0.0099092,990.9200000000001,49546,15525774.0,42612.28571428572,35.22084,-97.44146
Brookhaven Branch,0.0155766,1557.66,77883,15530134.0,58623.57142857143,35.23282,-97.49495
Western and 22nd Branch,0.030075599999999997,3007.56,150378,15532410.0,131851.2857142857,35.49121,-97.52985
North May and 122nd Branch,0.013013199999999999,1301.32,65066,15532442.0,53011.57142857143,35.59501,-97.5671
Rockwell and 122nd Branch,0.0157892,1578.92,78946,15523236.0,65618.14285714286,35.59366,-97.6385
Broadway and 15th Branch,0.0148496,1484.96,74248,15527886.0,59784.71428571428,35.63832,-97.48227
Choctaw Branch,0.0090168,901.6800000000001,45084,15525337.0,42565.0,35.44079,-97.2754
Air Depot and 15th Branch,0.0062044,620.44,31022,15526965.0,25790.714285714286,35.4497,-97.40507
Bryant and 2nd Branch,0.0312044,3120.44,156022,15537146.0,123974.57142857143,35.65136,-97.46046
Edmond Rd and Santa Fe Branch,0.019587399999999998,1958.74,97937,15532666.0,72091.14285714286,35.65302,-97.51458
Central Midwest City Branch,0.0060326,603.26,30163,15525916.0,27063.14285714286,35.4668,-97.38857
Nichols Hills Branch,0.017296199999999998,1729.6200000000001,86481,15537715.0,66047.0,35.53685,-97.53396
May Avenue and 37th Branch,0.0096478,964.78,48239,15527697.0,41121.57142857143,35.50855,-97.56566
NW Expressway and Portland Branch,0.0269602,2696.02,134801,15553174.0,94584.28571428571,35.53511,-97.58344
Penn and I 240 Branch,0.0268296,2682.96,134148,15537155.0,113216.71428571429,35.39324,-97.54786
Walker and I 240 Branch,0.0112366,1123.66,56183,15526357.0,49026.857142857145,35.39216,-97.52124
South Western and 119th Branch,0.013266199999999999,1326.6200000000001,66331,15528529.0,52917.0,35.34915,-97.52995
Boston and 4th Branch,0.0751844,7518.4400000000005,375922,15549609.0,353246.28571428574,36.15179,-95.98916
Sheridan and 66th Branch,0.0102662,1026.6200000000001,51331,15526985.0,43224.57142857143,36.06708,-95.90433
Utica Square Branch,0.0156066,1560.66,78033,15536652.0,57949.857142857145,36.13193,-95.96432
Lewis and 61st Branch,0.0080312,803.12,40156,15525372.0,36966.0,36.07428,-95.95795
Yale and 41st Branch,0.015186199999999999,1518.6200000000001,75931,15527128.0,64622.0,36.10443,-95.91646
Apache Branch,0.0027481999999999997,274.82,13741,15524638.0,13413.42857142857,36.19145,-95.98604
Garnett and 41st Branch,0.008137,813.7,40685,15526727.0,33239.42857142857,36.10439,-95.85098
Memorial and 91st Branch,0.013500199999999999,1350.02,67501,15532483.0,46576.57142857143,36.03183,-95.88779
Broken Arrow Branch,0.0082962,829.62,41481,15527343.0,36887.857142857145,36.01735,-95.79745
Jenks Branch,0.009701399999999999,970.14,48507,15526832.0,39571.71428571428,36.02263,-95.97728
May & Memorial Banking Center Branch,0.008879999999999999,888.0,44400,15527110.0,33979.142857142855,35.61075,-97.56725
Woodmen Valley Banking Center Branch,0.0085204,852.04,42602,15525988.0,32465.285714285714,38.93683,-104.79806
Tatum & Dynamite Banking Center Branch,0.0176868,1768.68,88434,15531172.0,57308.142857142855,33.74235,-111.97826
Milford Road & I-96 Banking Center Branch,0.0145192,1451.92,72596,15530771.0,54602.857142857145,42.51624,-83.61441
Higley and Guadalupe Banking Center Branch,0.013157199999999999,1315.72,65786,15532434.0,42313.28571428572,33.36704,-111.72202
Happy Valley and 67th Av Frys Branch,0.0048525999999999994,485.26,24263,15528018.0,18352.85714285714,33.71222,-112.20133
Beardsley and 83rd Ave Branch,0.0115576,1155.76,57788,15527698.0,45729.57142857143,33.6708,-112.23913
Scottsdale Grayhawk Branch,0.0316068,3160.6800000000003,158034,15556283.0,109447.14285714286,33.68172,-111.92533
Arvada Branch,0.012086,1208.6000000000001,60430,15530180.0,43400.857142857145,39.84272,-105.11019
Highlands Ranch Branch,0.0281732,2817.32,140866,15542453.0,95287.42857142857,39.54579,-104.94358
Saddle Rock Branch,0.0154516,1545.16,77258,15542553.0,49489.57142857143,39.60111,-104.72194
Piney Creek Branch,0.013396799999999999,1339.68,66984,15533875.0,46278.71428571428,39.6121,-104.81236
Longmont Branch,0.015171599999999999,1517.16,75858,15528808.0,55950.71428571428,40.14572,-105.13084
Broomfield Branch,0.0115008,1150.08,57504,15528090.0,45346.142857142855,39.92859,-105.01478
Hamburg Place Branch,0.0184294,1842.94,92147,15538255.0,63121.71428571428,38.01806,-84.42013
Flower Mound Branch,0.0428072,4280.72,214036,15548893.0,154841.2857142857,33.01316,-97.07092
Preston and Spring Creek Branch,0.0207252,2072.52,103626,15555098.0,59845.71428571428,33.05439,-96.79452
North Woods Branch,0.0045956,459.56,22978,15527102.0,18271.571428571428,29.60815,-98.46631
Cave Creek and Hatcher Frys Bking Ctr Branch,0.0025834,258.34000000000003,12917,15525572.0,9855.714285714286,33.57137,-112.06135
Woodlands North Banking Center Branch,0.015978,1597.8,79890,15534604.0,53744.0,30.20698,-95.46432
Torrey Chase Branch,0.0214406,2144.06,107203,15527643.0,91903.14285714286,29.99112,-95.49249
Skokie Touhy Branch,0.0222582,2225.82,111291,15532001.0,85617.57142857143,42.01203,-87.76621
Cheyenne Banking Center Branch,0.010948,1094.8,54740,15530452.0,29813.571428571428,38.79432,-104.80086
Ft. Collins South Banking Center Branch,0.0225182,2251.82,112591,15541915.0,73720.42857142857,40.51502,-105.06218
Lacanada and Lambert Banking Center Branch,0.0125122,1251.22,62561,15535106.0,48302.142857142855,32.39297,-110.99562
Bronzeville Banking Center Branch,0.0080474,804.74,40237,15527897.0,29159.571428571428,41.8311,-87.61737
The Summit Branch,0.0182754,1827.54,91377,15542007.0,59349.857142857145,38.30724,-85.57578
Rockwall Banking Center Branch,0.0131224,1312.24,65612,15537511.0,42743.142857142855,32.89863,-96.46605
Lakeline Banking Center Branch,0.0115388,1153.88,57694,15535174.0,39324.857142857145,30.48265,-97.83196
Bucktown Banking Center Branch,0.0224866,2248.66,112433,15541829.0,76594.28571428571,41.91054,-87.67466
Power and Queen Creek Banking Center Branch,0.0079616,796.16,39808,15529626.0,31846.571428571428,33.26424,-111.68609
Columbia City Banking Center Branch,0.0106134,1061.34,53067,15529468.0,40843.42857142857,41.17123,-85.48382
Eldorado and 75 Branch,0.007238,723.8000000000001,36190,15528562.0,29664.285714285714,33.17213,-96.64298
South Riverside Banking Center Branch,0.018315599999999998,1831.56,91578,15535946.0,63523.857142857145,41.87801,-87.63828
LA Frontera Banking Center Branch,0.0069412,694.12,34706,15522083.0,26614.428571428572,30.48155,-97.68572
Spencer Highway Banking Center Branch,0.0036362,363.62,18181,15525811.0,13815.42857142857,29.66473,-95.21137
Cedar Hill Banking Center Branch,0.0130792,1307.92,65396,15535311.0,49397.28571428572,32.59187,-96.94485
I-10 East Banking Center Branch,0.0101012,1010.12,50506,15532076.0,34098.42857142857,29.7702,-95.1808
Six Corners Banking Center Branch,0.0100694,1006.94,50347,15529191.0,38664.142857142855,41.95348,-87.74872
Gilbert and Riggs Banking Center Branch,0.013649,1364.9,68245,15531916.0,46861.42857142857,33.2255,-111.78928
Huntley Banking Center Branch,0.0222098,2220.98,111049,15538343.0,81797.42857142857,42.15203,-88.43432
Knapp and Beltline Banking Center Branch,0.012667,1266.7,63335,15536530.0,36876.142857142855,42.99873,-85.58926
Hyde Park Banking Center Branch,0.0250546,2505.46,125273,15541078.0,82343.57142857143,41.79954,-87.59649
South Loop Banking Center Branch,0.013185599999999999,1318.56,65928,15535487.0,44915.28571428572,41.87117,-87.62599
Whitehall Bloomington Branch,0.0096318,963.1800000000001,48159,15530828.0,35755.71428571428,39.17052,-86.57235
Back Of The Yards Banking Center Branch,0.0040482,404.82,20241,15527301.0,13266.0,41.80664,-87.66476
Irving and Kedzie Branch,0.015574,1557.4,77870,15531223.0,47781.57142857143,41.95385,-87.71858
Galewood Plaza Branch,0.0064068,640.6800000000001,32034,15527635.0,24607.14285714286,41.90921,-87.79024
Jordan Landing Banking Center Branch,0.010959799999999999,1095.98,54799,15546290.0,29804.85714285714,40.61647,-111.97941
North Wrigleyville Banking Center Branch,0.0342794,3427.94,171397,15547428.0,106829.85714285714,41.9494,-87.64857
Preston Banking Center Branch,0.0055206,552.0600000000001,27603,15527181.0,22252.14285714286,38.09148,-85.67021
Yukon Banking Center Branch,0.0091992,919.9200000000001,45996,15521714.0,32931.0,35.4791,-97.76009
Addison Banking Center Branch,0.011755,1175.5,58775,15529907.0,43683.71428571428,41.94837,-88.02658
Allen East Banking Center Branch,0.0150926,1509.26,75463,15539682.0,55877.42857142857,33.08475,-96.64599
Naperville Downtown Branch,0.018254,1825.4,91270,15520608.0,70196.28571428571,41.77457,-88.14954
Chandler and Desert Foothills Banking Center Branch,0.0163402,1634.02,81701,15532043.0,67821.57142857143,33.30439,-112.05664
Riverwoods Banking Center Branch,0.0263422,2634.2200000000003,131711,15549611.0,84200.42857142857,42.16885,-87.92196
Denton Tap Banking Center Branch,0.0203724,2037.24,101862,15536489.0,75474.71428571429,32.98421,-96.99329
Goliad Banking Center Branch,0.0079388,793.88,39694,15534230.0,33604.57142857143,29.37643,-98.44917
Gonzales Banking Center Branch,0.0170886,1708.8600000000001,85443,15534048.0,61500.857142857145,30.23552,-90.91128
Youree South Banking Center Branch,0.0158056,1580.56,79028,15534971.0,55127.57142857143,32.4433,-93.71586
Marrero Banking Center Branch,0.013826999999999999,1382.7,69135,15527947.0,58951.857142857145,29.82429,-90.1284
Temple Banking Center Branch,0.016481799999999998,1648.18,82409,15532515.0,64094.42857142857,31.07712,-97.37968
Logan Square Banking Center Branch,0.0195274,1952.74,97637,15540208.0,65019.42857142857,41.92177,-87.69533
Frankfort Banking Center Branch,0.0315552,3155.52,157776,15545912.0,93880.14285714286,41.51239,-87.84952
Calumet and Interstate 441 Banking Center Branch,0.005706,570.6,28530,15525087.0,21798.0,44.24374,-88.35398
Vernon Hills Banking Center Branch,0.014058399999999999,1405.84,70292,15531406.0,49130.142857142855,42.23371,-87.94309
Stonegate Banking Center Branch,0.014057199999999999,1405.72,70286,15535298.0,52838.42857142857,39.5355,-104.79353
Niles Dempster Banking Center Branch,0.0189036,1890.3600000000001,94518,15533312.0,70177.14285714286,42.04072,-87.80191
Woodlands West Banking Center Branch,0.0326498,3264.98,163249,15530993.0,107777.28571428571,30.1787,-95.53521
Lincoln Park Central Banking Center Branch,0.0345296,3452.96,172648,15544566.0,118692.14285714286,41.92796,-87.64188
Norwood Banking Center Branch,0.0099162,991.62,49581,15529270.0,33264.142857142855,38.93952,-104.72929
Castleton Banking Center Branch,0.0128416,1284.16,64208,15534303.0,46345.0,39.9154,-86.07086
Tomball Banking Center Branch,0.018424799999999998,1842.48,92124,15538998.0,58300.28571428572,30.08944,-95.63753
Thomas and 75th Avenue Branch,0.007295599999999999,729.5600000000001,36478,15525217.0,23423.14285714286,33.48061,-112.22048
Hazel Crest Banking Center Branch,0.005037,503.7,25185,15525992.0,18903.285714285714,41.55728,-87.70111
290 and Spring Cypress Banking Center Branch,0.0185444,1854.44,92722,15533166.0,63576.57142857143,29.97233,-95.69468
Cumberland and Lawrence Banking Center Branch,0.0358406,3584.06,179203,15542540.0,107349.42857142857,41.97196,-87.83667
Lake In The Hills Banking Center Branch,0.024526799999999998,2452.68,122634,15534232.0,96878.57142857143,42.18494,-88.33533
Berry Plaza Banking Center Branch,0.006907,690.7,34535,15527132.0,25537.0,41.93656,-87.72703
Bolingbrook/Weber Banking Center Branch,0.0168112,1681.1200000000001,84056,15533148.0,58849.57142857143,41.69108,-88.12536
Sycamore School and Mccart Banking Center Branch,0.006078,607.8000000000001,30390,15527500.0,23224.14285714286,32.63241,-97.37001
2920 and Spring Cypress Banking Center Branch,0.0124006,1240.06,62003,15532180.0,43495.57142857143,30.07027,-95.44834
Midway Square Banking Center Branch,0.0123752,1237.52,61876,15531113.0,42307.57142857143,41.80007,-87.72319
Draper Banking Center Branch,0.0090954,909.54,45477,15520398.0,40661.142857142855,40.52745,-111.84967
West Aurora Banking Center Branch,0.0147418,1474.18,73709,15534646.0,53031.57142857143,41.78729,-88.37564
Thousand Oaks Banking Center Branch,0.009297399999999999,929.74,46487,15532226.0,33257.42857142857,29.57659,-98.44343
Baseline and 24th Street Branch,0.007188,718.8000000000001,35940,15529201.0,26888.285714285714,33.37789,-112.02825
Cortaro-Arizona Pavilions Banking Center Branch,0.014415599999999999,1441.56,72078,15548261.0,41470.0,32.35557,-111.09424
Hikes Point Banking Center Branch,0.014992,1499.2,74960,15530039.0,63086.0,38.22148,-85.62668
North Halsted Banking Center Branch,0.0210044,2100.44,105022,15553236.0,59325.28571428572,41.92934,-87.64887
Glenmary Banking Center Branch,0.007638799999999999,763.88,38194,15528704.0,27025.285714285714,38.12822,-85.57583
Rolling Meadows Banking Center Branch,0.010804,1080.4,54020,15531589.0,35711.42857142857,42.07718,-88.01329
North Pulaski Banking Center Branch,0.0189614,1896.14,94807,15534168.0,68672.85714285714,41.96873,-87.72816
Grand and Harlem Branch,0.0181478,1814.78,90739,15534426.0,59658.71428571428,41.93941,-87.80676
Mooresville Banking Center Branch,0.0080312,803.12,40156,15529956.0,28825.285714285714,39.54063,-86.37254
Wauconda Branch,0.019407999999999998,1940.8,97040,15540777.0,62379.28571428572,42.25734,-88.15061
Ogden Avenue and Home Banking Center Branch,0.013980399999999999,1398.04,69902,15532144.0,47940.42857142857,41.8258,-87.79695
Clark and West Chicago Banking Center Branch,0.0205264,2052.64,102632,15545992.0,64991.142857142855,41.89661,-87.63054
Baldwin Maybee Banking Center Branch,0.020635999999999998,2063.6,103180,15534913.0,63615.28571428572,42.72859,-83.30763
Lagacy and Lebanon Banking Center Branch,0.0283052,2830.52,141526,15528748.0,86663.0,33.11591,-96.84149
Belmont and Central Banking Center Branch,0.015560599999999999,1556.06,77803,15528717.0,56643.857142857145,41.93863,-87.76712
Andersonville Banking Center Branch,0.0145502,1455.02,72751,15533018.0,48069.71428571428,41.9755,-87.66837
Southport/Waveland/Addison Banking Center Branch,0.012122599999999999,1212.26,60613,15531603.0,45618.857142857145,41.94981,-87.66408
Lawrence and Kedzie Banking Center Branch,0.0101538,1015.38,50769,15529012.0,37182.857142857145,41.96926,-87.70844
Hubbard Woods Banking Center Branch,0.0142796,1427.96,71398,15540086.0,48733.42857142857,42.11952,-87.74585
Riverside Branch,0.022403199999999998,2240.32,112016,15527177.0,95358.71428571429,32.7705,-97.29932
Frankfort Preston Branch,0.028253999999999998,2825.4,141270,15551989.0,95598.85714285714,33.0004,-96.79659
Grapevine Branch,0.0137104,1371.04,68552,15530312.0,53057.71428571428,32.93064,-97.0844
Country Club Albertsons Branch,0.007978599999999999,797.86,39893,15531926.0,25633.14285714286,30.35849,-91.00732
Broussard Albertsons Branch,0.004175,417.5,20875,15523705.0,18442.714285714286,30.1406,-91.95283
Wheaton Trust Branch,0.0008315999999999999,83.16,4158,15034340.0,225838.0,41.86614,-88.10483
Chicago Trust Branch,0.001495,149.5,7475,15512898.0,424513.85714285716,41.88132,-87.67087
Fullerton and Wood Banking Center Branch,0.011451,1145.1000000000001,57255,15537419.0,38095.28571428572,41.92501,-87.67194
Fenton Silver Lake Banking Center Branch,0.018906199999999998,1890.6200000000001,94531,15539462.0,55674.0,42.76035,-83.74285
Culebra Branch,0.0087948,879.48,43974,15532999.0,32414.571428571428,29.49263,-98.70114
State and Archer Banking Center Branch,0.0178776,1787.76,89388,15535080.0,57930.57142857143,41.85614,-87.62723
Cermak Branch,0.007057399999999999,705.74,35287,15535827.0,21087.571428571428,41.85176,-87.70285
Thunderbird and 83rd Avenue Branch,0.009621399999999999,962.14,48107,15529247.0,31236.0,33.61006,-112.23919
Gleannloch Farms Banking Center Branch,0.019037,1903.7,95185,15533985.0,68539.14285714286,30.03123,-95.55665
Sr 37 and 141st Branch,0.0152678,1526.78,76339,15539825.0,51713.28571428572,39.99485,-86.00281
Michigan Road and 106th Branch,0.021037399999999998,2103.7400000000002,105187,15540902.0,70113.28571428571,39.93828,-86.23554
Lincoln Byron Banking Center Branch,0.016164599999999998,1616.46,80823,15529308.0,58481.71428571428,41.95229,-87.67741
North Wells Branch,0.019981199999999998,1998.1200000000001,99906,15540327.0,65404.71428571428,41.91328,-87.63476
Van Dyke and 26 Mile Branch,0.0146888,1468.88,73444,15538380.0,45657.71428571428,42.71393,-83.02937
Uptown Banking Center Branch,0.0101376,1013.76,50688,15538540.0,30835.14285714286,41.969,-87.65802
Lincoln Square Banking Center Branch,0.015421599999999999,1542.16,77108,15534061.0,54515.142857142855,41.9669,-87.68743
Royal Oaks Banking Center Branch,0.0223424,2234.2400000000002,111712,15532189.0,81979.28571428571,29.73669,-95.58228
Beverly Banking Center Branch,0.0080618,806.1800000000001,40309,15527947.0,29407.428571428572,41.7211,-87.68007
Highway 6 and West Airport Banking Center Branch,0.018160799999999998,1816.08,90804,15531275.0,64135.42857142857,29.64791,-95.65133
Murphy & 544 Banking Center Branch,0.0215584,2155.84,107792,15542138.0,62108.57142857143,33.01137,-96.61601
Roanoke Banking Center Branch,0.0131676,1316.76,65838,15529505.0,42684.28571428572,33.01202,-97.2206
Elliot and Kyrene Banking Center Branch,0.0111566,1115.66,55783,15530008.0,37730.28571428572,33.34908,-111.94307
Broad St Downtown Branch,1.62846,162846.0,8142300,16750669.0,6523669.285714285,39.9626,-82.99775
Schaumburg Barrington Road Banking Branch,0.0119546,1195.46,59773,15529886.0,45199.28571428572,42.02307,-88.14443
North Riverside Branch,0.0092134,921.34,46067,15529064.0,34836.42857142857,41.85572,-87.80392
Irving Park & Sheridan Banking Branch,0.011617599999999999,1161.76,58088,15529317.0,41244.0,41.95424,-87.65452
North Logan Square Banking,0.0071633999999999995,716.34,35817,15529142.0,23249.428571428572,41.92975,-87.70853
Matlock & Arbrook Banking Branch,0.017394,1739.4,86970,15555375.0,39313.0,32.68306,-97.11483
Clintonville Banking Center Branch,0.015048599999999999,1504.8600000000001,75243,15529314.0,58120.142857142855,40.0366,-83.01721
Higley & Pecos Banking Center Branch,0.0110456,1104.56,55228,15533436.0,35726.28571428572,33.29242,-111.72027
Coit & Campbell Banking Center Branch,0.024846,2484.6,124230,15540573.0,85450.28571428571,32.98426,-96.76826
Scottsdale & Thunderbird Banking Center Branch,0.009368,936.8000000000001,46840,15525591.0,35924.142857142855,33.61567,-111.92587
Brown & Ellsworth Banking Center Branch,0.0064268,642.6800000000001,32134,15530778.0,21517.285714285714,33.43449,-111.63249
Stewart and 83rd Branch,0.0077767999999999995,777.6800000000001,38884,15528501.0,25420.0,41.7435,-87.63276
Commercial Ave Branch,0.0039936,399.36,19968,15526772.0,13190.857142857143,41.72887,-87.55124
Willow Bend Banking Center Branch,0.013609,1360.9,68045,15532311.0,50664.0,33.02773,-96.83303
Bridgeport Halsted Branch,0.0241496,2414.96,120748,15539511.0,58932.57142857143,41.83078,-87.64577
Fountain Square Banking Center Branch,0.0036002,360.02,18001,15524228.0,20179.428571428572,27.97679,-82.54946
Southlake Mall Banking Center Branch,0.011477999999999999,1147.8,57390,15516723.0,48204.857142857145,41.47341,-87.31313
Greenfield Banking Center Branch,0.013071999999999999,1307.2,65360,15530759.0,48196.71428571428,39.81638,-85.76978
Atascocita Banking Center Branch,0.0249974,2499.7400000000002,124987,15531577.0,95693.14285714286,30.00089,-95.16306
Sheffield & Armitage Banking Center Branch,0.0241148,2411.48,120574,15546828.0,81126.42857142857,41.91812,-87.65239
West Chester Banking Center Branch,0.0195344,1953.44,97672,15530926.0,71677.85714285714,39.35488,-84.36575
Oak Lawn 95th Street Banking Center Branch,0.016982399999999998,1698.24,84912,15532139.0,65245.142857142855,41.71962,-87.76287
Beach & North Tarrant Bnkg Ctr Branh,0.0102946,1029.46,51473,15530124.0,35690.142857142855,32.89461,-97.29082
Milwaukee Ashland Banking Center Branch,0.0141304,1413.04,70652,15535566.0,46569.57142857143,41.90439,-87.66807
Highland Oaks Banking Center Branch,0.004653399999999999,465.34000000000003,23267,15525776.0,17744.571428571428,27.98436,-82.32905
Northwest Highway Harlem Banking Center Branch,0.0110172,1101.72,55086,15532822.0,35439.0,41.99324,-87.80046
Chicago Avenue Banking Center Branch,0.015195,1519.5,75975,15535331.0,48409.28571428572,42.03002,-87.67852
Warner & Lindsay Banking Center Branch,0.015892,1589.2,79460,15530690.0,46990.142857142855,33.33565,-111.77058
Bryn Mawr Banking Center Branch,0.016475999999999998,1647.6000000000001,82380,15532032.0,51259.42857142857,41.98357,-87.65706
Kuykendahl Branch,0.019676799999999998,1967.68,98384,15534808.0,69590.42857142857,30.074,-95.51416
Elmhurst Queens Blvd Branch,0.027475399999999997,2747.54,137377,15545461.0,88189.57142857143,40.73492,-73.8743
Linden Branch,0.0060344,603.44,30172,15521182.0,27862.571428571428,40.63136,-74.25397
Manhasset Branch,0.052610399999999995,5261.04,263052,15545464.0,217454.7142857143,40.79715,-73.69953
Streamwood Route 59 Banking Center Branch,0.0178762,1787.6200000000001,89381,15534776.0,59615.57142857143,42.02309,-88.20283
Litchfield and Waddell Banking Center Branch,0.0167934,1679.3400000000001,83967,15534124.0,50362.71428571428,33.60923,-112.35976
Armitage and Cicero Banking Center Branch,0.016371999999999998,1637.2,81860,15531308.0,58801.71428571428,41.91421,-87.74583
Flower Estates Banking Center Branch,0.0149742,1497.42,74871,15531578.0,57064.28571428572,30.45913,-90.12759
Old Denton/Frankford Banking Center Branch,0.0104946,1049.46,52473,15539371.0,29447.0,32.9979,-96.9099
Easton Employee Center Banking Center Branch,0.0038713999999999997,387.14,19357,15525346.0,14670.142857142857,40.04434,-82.92141
Franklin Square Banking Center Branch,0.015939,1593.9,79695,15532311.0,58581.57142857143,40.70725,-73.67433
Galloway Banking Center Branch,0.0088842,888.4200000000001,44421,15529617.0,33619.57142857143,39.93524,-83.20081
Montvale Banking Center Branch,0.0196454,1964.54,98227,15542885.0,69471.28571428571,41.04818,-74.07057
Oswego-Orchard Road Banking Center Branch,0.0078656,786.5600000000001,39328,15527776.0,37155.142857142855,41.67605,-88.37836
Kearny Banking Center Branch,0.0072248,722.48,36124,15529428.0,25026.428571428572,40.76035,-74.15104
Sugar Creek Banking Center Branch,0.0254934,2549.34,127467,15524806.0,107801.57142857143,29.62007,-95.60261
Church Ranch Banking Center Branch,0.0106394,1063.94,53197,15538055.0,30890.85714285714,39.88653,-105.07449
Tribeca Banking Center Branch,0.032871399999999995,3287.14,164357,15530726.0,123722.14285714286,40.71695,-74.00598
South Pataline Branch,0.0345918,3459.1800000000003,172959,15547797.0,116612.14285714286,42.08664,-88.06342
Prescott Gateway Bkg. Ctr. Branch,0.0076104,761.04,38052,15533331.0,27986.285714285714,34.54941,-112.40391
Fry & Morton Bkg. Ctr. Branch,0.011782599999999999,1178.26,58913,15531472.0,41028.57142857143,29.81431,-95.72068
Chrysler Building Branch,0.06869299999999999,6869.3,343465,15566681.0,244540.42857142858,40.75177,-73.97575
Greeley Commons Banking Ctr. Branch,0.0120494,1204.94,60247,15535067.0,34976.42857142857,40.38894,-104.75646
Cinco Ranch Branch,0.034703399999999995,3470.34,173517,15544796.0,110445.57142857143,29.73373,-95.77518
North Richland Hills Brnch Branch,0.0167076,1670.76,83538,15527939.0,63744.857142857145,32.90403,-97.19256
Custer and Virginia Branch,0.0186894,1868.94,93447,15539779.0,58243.142857142855,33.20373,-96.73285
Plaza Volente Branch,0.011839599999999999,1183.96,59198,15537199.0,38869.28571428572,30.45408,-97.82714
US 249 & Northpointe Branch,0.008055999999999999,805.6,40280,15529867.0,26726.571428571428,30.03555,-95.60444
Dixie Farm & Fm 518 Branch,0.0120786,1207.8600000000001,60393,15536260.0,40186.57142857143,29.5464,-95.22984
Cumberland and 116th Branch,0.0158276,1582.76,79138,15529888.0,58602.857142857145,39.95719,-85.99408
Jeffery Plaza Branch,0.0032746,327.46,16373,15525871.0,13106.42857142857,41.7654,-87.57621
Western & Addison Branch,0.011455799999999999,1145.58,57279,15529361.0,40974.142857142855,41.94551,-87.68804
Lake Bluff Branch,0.0091278,912.78,45639,15528939.0,30449.0,42.2778,-87.87705
South Naperville Branch,0.0240214,2402.14,120107,15537495.0,83803.57142857143,41.70709,-88.19886
Printers Row Branch,0.010559599999999999,1055.96,52798,15530659.0,38247.857142857145,41.87506,-87.62921
Lincoln Wellington Branch,0.0208554,2085.54,104277,15536436.0,76428.57142857143,41.93584,-87.66327
S Archer Avenue Branch,0.0187848,1878.48,93924,15535167.0,64944.142857142855,41.79698,-87.75355
Cherry Lane Northbrook Branch,0.017739599999999998,1773.96,88698,15532074.0,70964.57142857143,42.13131,-87.82694
Damen & Division Branch,0.026516599999999998,2651.66,132583,15539404.0,85526.42857142857,41.90318,-87.67657
Union Hills and 59th Avenue Branch,0.017795,1779.5,88975,15537879.0,61920.0,33.65444,-112.18729
Lower Buckeye and 75th Avenue Branch,0.0048638,486.38,24319,15529263.0,17336.428571428572,33.42288,-112.22173
Guadalupe & Ellsworth Branch,0.00712,712.0,35600,15527851.0,24903.571428571428,33.36445,-111.63577
Union Hills and 91st Avenue Branch,0.0077062,770.62,38531,15529482.0,27832.285714285714,33.65269,-112.25206
Sunrise Kolb Branch,0.0099244,992.44,49622,15528160.0,35986.57142857143,32.30885,-110.84378
West Maple & Cranbrook Branch,0.0616146,6161.46,308073,15555232.0,247436.2857142857,42.5458,-83.24509
Red Bank Branch,0.018842599999999998,1884.26,94213,15532123.0,79709.28571428571,40.351,-74.06542
Westwood Branch,0.028159399999999998,2815.94,140797,15571156.0,86025.14285714286,40.99245,-74.03366
Denver West Banking Center Branch,0.012600799999999999,1260.08,63004,15534038.0,47073.57142857143,39.73282,-105.16311
Jefferson Park Banking Center Branch,0.008853,885.3000000000001,44265,15527802.0,31866.571428571428,41.96605,-87.7592
Arizona Avenue and Pecos Branch,0.0214384,2143.84,107192,15534039.0,88048.0,33.28962,-111.8416
West Meadows Banking Center Branch,0.0107016,1070.16,53508,15530241.0,39163.57142857143,39.61066,-105.147
Main and Douglas Banking Ctr. Branch,0.0141272,1412.72,70636,15541955.0,39562.28571428572,41.70628,-86.18197
Rita Ranch Frys Bkg. Ctr. Branch,0.0054318,543.1800000000001,27159,15526270.0,19376.0,32.10506,-110.77282
Queens Village Banking Center Branch,0.0164804,1648.04,82402,15529805.0,42131.42857142857,40.72137,-73.74188
Lincolnwood Banking Center Branch,0.044265599999999995,4426.56,221328,15550430.0,137863.57142857142,41.99657,-87.71197
Broadway and Houghton Bkg. Ctr. Branch,0.0096384,963.84,48192,15529479.0,35754.0,32.22084,-110.77406
Madison and 48th St Branch,62.737370199999994,6273737.0200000005,313686851,67918354.0,227892693.14285713,40.75565,-73.97525
Plainfield Banking Center Branch,0.0035426,354.26,17713,15526131.0,13014.285714285714,40.61736,-74.42363
Watson and Yuma Banking Center Branch,0.007335599999999999,733.5600000000001,36678,15532173.0,23846.285714285714,33.46248,-112.55663
Laurelton Banking Centger Branch,0.0121814,1218.14,60907,15548836.0,29930.85714285714,40.66968,-73.75083
Cypresswood and State Highway 249 Bkg. Ctr. Branch,0.0097034,970.34,48517,15529384.0,34288.0,29.98187,-95.56733
Georgetown Banking Center Branch,0.0174472,1744.72,87236,15547847.0,48890.142857142855,30.63288,-97.69609
Astor Place Banking Center Branch,0.10665519999999999,10665.52,533276,15589890.0,430949.85714285716,40.72991,-73.99221
Fox Lake Banking Center Branch,0.011962799999999999,1196.28,59814,15531551.0,38240.42857142857,42.38059,-88.17226
Glade and Heritage Banking Center Branch,0.025637399999999998,2563.7400000000002,128187,15544771.0,95519.42857142857,32.88144,-97.10417
Broadway Morris Exchange Branch,0.036731799999999995,3673.1800000000003,183659,15552525.0,126466.14285714286,40.7062,-74.01296
Pioneer Crossing Banking Center Branch,0.0072444,724.44,36222,15527228.0,24261.571428571428,30.532,-97.61458
Hamilton Heights Banking Center Branch,0.0093662,936.62,46831,15530281.0,30864.85714285714,40.82348,-73.94344
West Loop Banking Center Branch,0.031144599999999998,3114.46,155723,15551701.0,78871.85714285714,41.88307,-87.65066
Orland Park Harlem Bkg. Ctr. Branch,0.018396,1839.6000000000001,91980,15532558.0,68955.14285714286,41.60691,-87.79449
Midway Banking Center Branch,0.0081944,819.44,40972,15531352.0,59975.42857142857,31.49082,-97.21393
Gilbert and Germann Bkg. Ctr. Branch,0.0209268,2092.68,104634,15545392.0,65201.142857142855,33.27813,-111.7933
Westfield Banking Center Branch,0.005851599999999999,585.16,29258,15525934.0,21914.714285714286,40.04172,-86.22228
Greenway and 65th Street Branch,0.0190356,1903.56,95178,15548389.0,60910.42857142857,33.62615,-111.94061
Seven Hills Tower Branch,0.0109016,1090.16,54508,15531788.0,36064.142857142855,39.65291,-104.77261
Richmond Hill North Bkg. Ctr. Branch,0.0161042,1610.42,80521,15535387.0,58447.42857142857,40.69636,-73.84031
Bee Cave & Highway 71 Bkg. Ctr. Branch,0.017919,1791.9,89595,15537584.0,56477.71428571428,30.30471,-97.93964
Blanco and 1604 Banking Center Branch,0.014967999999999999,1496.8,74840,15534829.0,49344.42857142857,29.60718,-98.5084
Ninth Avenue & 55th Street Branch,0.029491399999999997,2949.14,147457,15553014.0,91594.71428571429,40.76663,-73.98674
Sixth Avenue and 43rd Street Branch,0.06741799999999999,6741.8,337090,15588265.0,223245.7142857143,40.75551,-73.98354
Hutto Banking Center Branch,0.0032042,320.42,16021,15525661.0,12358.285714285714,30.54154,-97.55532
Fry and West Little York Bkg. Ctr. Branch,0.007370799999999999,737.08,36854,15530321.0,24843.285714285714,29.86143,-95.72052
Goshen Banking Center Branch,0.024777399999999998,2477.7400000000002,123887,15605995.0,48276.57142857143,41.40235,-74.32669
Glen Head Banking Center Branch,0.025672999999999998,2567.3,128365,15534042.0,87447.14285714286,40.83597,-73.61928
Heb Georgetown Banking Ctr. Branch,0.006111999999999999,611.2,30560,15526491.0,22346.714285714286,30.68373,-97.71932
East Norwich Banking Ctr. Branch,0.0258502,2585.02,129251,15544574.0,91394.14285714286,40.84214,-73.53387
Grand Blanc South Bkg. Ctr. Branch,0.0172988,1729.88,86494,15538883.0,54633.857142857145,42.91133,-83.60754
Chandler & Kyrene Bkg. Ctr. Branch,0.012542399999999999,1254.24,62712,15529221.0,40426.28571428572,33.30529,-111.94399
Avenue U At Bedford Bkg. Ctr. Branch,0.0218018,2180.18,109009,15543921.0,69921.0,40.59987,-73.94648
Seventh Ave. and 53rd Street Bkg. Ctr. Branch,0.0626004,6260.04,313002,15573772.0,169490.7142857143,40.7627,-73.98219
Perth Amboy Banking Center Branch,0.007749,774.9,38745,15530647.0,28211.714285714286,40.50867,-74.26828
Holleman and Texas Banking Center Branch,0.03052,3052.0,152600,15549392.0,96212.85714285714,30.61271,-96.31609
Long Branch Banking Center Branch,0.0125122,1251.22,62561,15535715.0,46122.857142857145,40.28473,-73.98907
South Canal Banking Center Branch,0.016697,1669.7,83485,15535212.0,56634.28571428572,41.86871,-87.63934
Park Avenue and 32nd Street Branch,0.041991799999999996,4199.18,209959,15570972.0,133871.42857142858,40.74614,-73.98215
Estrella and Van Buren Bkg. Ctr. Branch,0.009439,943.9,47195,15530445.0,31665.0,33.45772,-112.39231
Waterloo Crossing Banking Ctr. Branch,0.0073862,738.62,36931,15527232.0,27102.0,39.85306,-82.82837
Glenwood-Illinois Banking Ctr. Branch,0.0092946,929.46,46473,15529046.0,32307.14285714286,41.54955,-87.63589
Edison Banking Center Branch,0.0289186,2891.86,144593,15539955.0,95687.28571428571,40.57741,-74.383
Grand Meekman Banking Center Branch,0.0157738,1577.38,78869,15535632.0,66745.0,40.75449,-73.96561
Sayville Plaza Banking Center Branch,0.0046076,460.76,23038,15524429.0,19570.428571428572,40.76359,-73.09115
Custer and Mcdermott Bkg. Ctr. Branch,0.020752,2075.2,103760,15539464.0,70769.57142857143,33.10815,-96.73359
Hamilton Crossing Banking Ctr. Branch,0.014706799999999999,1470.68,73534,15528205.0,53932.857142857145,39.97048,-86.15765
Harper 13 Mile Road Banking Center Branch,0.013142599999999999,1314.26,65713,15529654.0,48005.57142857143,42.52295,-82.89884
Big Beaver and John R Bkg. Ctr. Branch,0.0165044,1650.44,82522,15527670.0,64434.57142857143,42.56358,-83.11248
Tarrytown Station Bkg. Ctr. Branch,0.008407399999999999,840.74,42037,15534978.0,24814.14285714286,41.08005,-73.86398
Slaughter and Mopac Bkg. Ctr. Branch,0.0168652,1686.52,84326,15541061.0,51732.857142857145,30.20124,-97.86795
Washington @ Studemont Bkg. Ctr. Branch,0.0264708,2647.08,132354,15534631.0,91168.71428571429,29.76892,-95.39113
Westheimer & Dunvale Bkg. Ctr. Branch,0.022493199999999998,2249.32,112466,15535053.0,65932.28571428571,29.73761,-95.51395
Fall Creek Branch,0.0108864,1088.64,54432,15528720.0,38205.71428571428,29.93418,-95.25123
Port Authority Banking Center Branch,0.039062599999999996,3906.26,195313,15555876.0,94705.85714285714,40.75588,-73.99086
Hamilton Marketplace Branch,0.0121724,1217.24,60862,15531773.0,42514.857142857145,40.19632,-74.6389
Hopewell Banking Center Branch,0.010807599999999999,1080.76,54038,15528939.0,38484.857142857145,40.30089,-74.77876
Columbus & 76th St. Bkg. Ctr. Branch,0.0250962,2509.62,125481,15532764.0,99503.42857142857,40.77982,-73.97695
Lexington and 69th St. Bkg. Ctr. Branch,0.027053599999999997,2705.36,135268,15521611.0,109710.42857142857,40.76845,-73.96357
Fifth Avenue and 27th Street Branch,0.0432716,4327.16,216358,15561886.0,139515.85714285713,40.74387,-73.9878
Pickerington North Banking Ctr. Branch,0.0069194,691.94,34597,15529075.0,25077.14285714286,39.90762,-82.73621
Carnegie Hall Banking Center Branch,0.038546,3854.6,192730,15531262.0,140796.85714285713,40.76521,-73.97914
Grand and Franklin Bkg. Ctr. Branch,0.0366644,3666.44,183322,15557491.0,103784.28571428571,41.89156,-87.63541
Clinton Banking Center Branch,0.026265,2626.5,131325,15547004.0,80644.14285714286,40.75941,-73.99482
Second Avenue and 43rd Street Branch,0.0275952,2759.52,137976,15545191.0,84948.14285714286,40.75033,-73.97183
Loyola Branch,0.0164856,1648.56,82428,15538791.0,41178.142857142855,41.99891,-87.6605
Queens Plaza Banking Center Branch,0.0175434,1754.3400000000001,87717,15543467.0,54487.71428571428,40.74568,-73.93861
Bay Ridge @ 86th Bkg. Ctr. Branch,0.029573,2957.3,147865,15536524.0,116113.28571428571,40.62202,-74.02569
Park Avenue & 57th Street Bkg. Ctr. Branch,0.0667502,6675.02,333751,15584022.0,271605.28571428574,40.76156,-73.97056
Broadway & 10th Street Bkg. Ctr. Branch,0.022552199999999998,2255.2200000000003,112761,15529498.0,81273.71428571429,40.73176,-73.99152
Strivers Gardens Banking Center Branch,0.0062277999999999995,622.78,31139,15528130.0,22164.85714285714,40.81647,-73.94659
Neptune Banking Center Branch,0.010731,1073.1,53655,15529801.0,35598.28571428572,40.22401,-74.0818
Yonker Station Banking Center Branch,0.0045698,456.98,22849,15526234.0,19283.85714285714,40.93475,-73.90185
Little Elm Banking Center Branch,0.0114942,1149.42,57471,15534351.0,35946.57142857143,33.17883,-96.95102
Farmingdale Banking Center Branch,0.0154168,1541.68,77084,15531416.0,57874.42857142857,40.73133,-73.44561
Old Town Banking Center Branch,0.013167199999999999,1316.72,65836,15536355.0,48503.28571428572,41.90748,-87.6346
Taylor and May Banking Center Branch,0.0168448,1684.48,84224,15538806.0,46561.42857142857,41.86946,-87.65552
Stevens Park Banking Center Branch,0.0067642,676.42,33821,15529511.0,21950.14285714286,32.75864,-96.86363
University and Evans Branch,0.0172182,1721.82,86091,15540211.0,53969.28571428572,39.67922,-104.95941
Mcclintock and Ray Banking Center Branch,0.024545599999999997,2454.56,122728,15532939.0,74232.28571428571,33.32016,-111.91047
Frank Lloyd Wright and 100th St Brh,0.0090108,901.08,45054,15528453.0,37216.142857142855,33.61529,-111.86506
Firewheel Banking Center Branch,0.7529224,75292.24,3764612,18799151.0,662670.1428571428,32.9585,-96.61538
Ralph Avenue and Ave K Branch,0.023749199999999998,2374.92,118746,15533393.0,101589.28571428571,40.62628,-73.91812
Baseline and 51st Avenue Branch,0.009416599999999999,941.66,47083,15529949.0,33056.857142857145,33.37885,-112.16823
Sheridan and 64th Branch,0.0048119999999999994,481.2,24060,15525670.0,17180.0,39.81127,-105.05328
Westchester Banking Center Branch,0.0133008,1330.08,66504,15526930.0,55192.857142857145,41.8481,-87.89983
Maricopa Banking Center Branch,0.0102916,1029.16,51458,15533623.0,34099.57142857143,33.07601,-112.04252
Higley and Chandler Heights Banking Ctr. Branch,0.0097486,974.86,48743,15527107.0,33854.28571428572,33.23546,-111.72048
Sheridan and 80th Branch,0.0160076,1600.76,80038,15578825.0,28602.571428571428,39.84438,-105.05323
Lake Worth Branch Jacksboro Highway,0.0232742,2327.42,116371,15543371.0,85825.85714285714,32.81063,-97.42883
Millburn Banking Center Branch,0.046988999999999996,4698.900000000001,234945,15554505.0,175398.0,40.72446,-74.30278
Shea and Tatum Banking Ctr. Branch,0.018987,1898.7,94935,15540695.0,60480.142857142855,33.58281,-111.97493
Clark and Loop 20 Banking Center Branch,0.008625599999999999,862.5600000000001,43128,15519458.0,40091.42857142857,27.51248,-99.44888
Highlands Ranch Banking Center Branch,0.0198624,1986.24,99312,15542745.0,62500.857142857145,33.07115,-97.08327
Green Mountain Banking Center Branch,0.011141999999999999,1114.2,55710,15522328.0,39698.0,39.69995,-105.14231
Great Southern Banking Center Branch,0.0062502,625.02,31251,15531148.0,20630.428571428572,39.89024,-82.99737
Streetsboro Banking Center Branch,0.0057634,576.34,28817,15526921.0,21117.285714285714,41.24066,-81.34557
Debbie and Matlock Banking Ctr. Branch,0.0107624,1076.24,53812,15528803.0,38652.71428571428,32.57207,-97.13893
Crestway and 78 Branch,0.0044096,440.96000000000004,22048,15527147.0,15177.0,29.49754,-98.32189
Hilliard Darby Banking Center Branch,0.007044399999999999,704.44,35222,15530613.0,23804.0,40.03304,-83.17786
Preston and Eldorado Banking Ctr. Branch,0.0099098,990.98,49549,15528509.0,33683.142857142855,33.17341,-96.80303
The Colony Branch,0.014298799999999999,1429.88,71494,15533113.0,49169.857142857145,33.06841,-96.88442
Tuckahoe Main St Branch,0.006295599999999999,629.5600000000001,31478,15528547.0,25331.285714285714,40.95064,-73.82772
Court Street 1st Place Branch,0.0261724,2617.2400000000002,130862,15555936.0,82297.28571428571,40.68098,-73.99664
North Chelsea Branch,0.031950599999999996,3195.06,159753,15565910.0,92700.28571428571,40.74475,-73.99509
Union & Utopia Branch,0.0200102,2001.02,100051,15541495.0,69900.28571428571,40.72814,-73.79247
Mid Valley Branch,0.006578199999999999,657.82,32891,15524295.0,26347.14285714286,40.64847,-111.93901
Klein Branch,0.016251599999999998,1625.16,81258,15532273.0,61517.142857142855,30.01992,-95.52597
Sharyland Branch,0.0134004,1340.04,67002,15533922.0,44707.42857142857,26.20244,-98.28721
Calumet City Branch,0.011907,1190.7,59535,15531134.0,45092.57142857143,41.60088,-87.56805
Olympia Fields Branch,0.0082752,827.52,41376,15528468.0,29951.85714285714,41.5279,-87.69353
Johnson Ranch Branch,0.0098324,983.24,49162,15528663.0,32453.428571428572,33.16092,-111.56313
Ewing Branch,0.005279,527.9,26395,15529540.0,17742.14285714286,40.25019,-74.77687
Hammond Branch,0.010733,1073.3,53665,15519008.0,43496.71428571428,30.48348,-90.45702
Fairmont Banking Center Branch,0.0212768,2127.68,106384,15536404.0,83979.71428571429,29.64955,-95.16327
Buda Banking Center Branch,0.007238199999999999,723.82,36191,15528316.0,24851.571428571428,30.08842,-97.82407
Caledonia Banking Center Branch,0.0064291999999999995,642.92,32146,15532701.0,20221.714285714286,42.79692,-85.50704
Aurora Farnsworth Bkg. Ctr. Branch,0.0101706,1017.0600000000001,50853,15529354.0,36476.28571428572,41.80322,-88.28198
Bexley Banking Center Branch,0.0107228,1072.28,53614,15532303.0,37297.57142857143,39.957,-82.92738
Crestwood Banking Center Branch,0.0133732,1337.32,66866,15529695.0,48501.57142857143,41.64799,-87.73824
Camelback and 95th Avenue Branch,0.0072946,729.46,36473,15528505.0,23201.0,33.50863,-112.26356
Four Points Bkg. Ctr. Branch,0.0068411999999999995,684.12,34206,15527423.0,25677.14285714286,30.41717,-97.84709
Skokie and Glenview Bkg. Ctr. Branch,0.020268599999999998,2026.8600000000001,101343,15531856.0,71631.0,42.06538,-87.74647
I 25 and 136th Branch,0.014294,1429.4,71470,15542360.0,42034.0,39.94369,-104.99299
Heritage Eagle Bend Bkg. Ctr. Branch,0.009888,988.8000000000001,49440,15529958.0,34770.28571428572,39.58058,-104.72521
Emerson Pointe Banking Ctr. Branch,0.0064084,640.84,32042,15528627.0,22448.14285714286,39.6361,-86.08288
Dequindre 12 Miles Banking Center Branch,0.0102112,1021.12,51056,15532909.0,35481.57142857143,42.50469,-83.08552
Green Valley Ranch Banking Ctr. Branch,0.0097678,976.78,48839,15533434.0,28575.428571428572,39.78345,-104.7723
East Grand Rapids Banking Ctr. Branch,0.0151296,1512.96,75648,15535622.0,49226.142857142855,42.9502,-85.61344
Second Avenue and 62nd St Branch,0.08161739999999999,8161.74,408087,15529809.0,341318.71428571426,40.76271,-73.9628
Carpenter Ellsworth Banking Ctr. Branch,0.0150394,1503.94,75197,15531960.0,47602.142857142855,42.23076,-83.67691
Fifth Avenue and 21st Street Branch,0.0426324,4263.24,213162,15538804.0,151560.2857142857,40.74048,-73.99039
Radio City Branch,0.2316344,23163.44,1158172,15583777.0,1020592.1428571428,40.76085,-73.97966
Park Avenue and 48th St Branch,0.09320339999999999,9320.34,466017,15582550.0,333545.0,40.75575,-73.97489
Third Avenue and 65th Street Branch,0.0393486,3934.86,196743,15524715.0,131704.85714285713,40.76505,-73.96411
Park Avenue and 52nd St Branch,0.0843728,8437.28,421864,15575082.0,297033.14285714284,40.75878,-73.97295
Main Street Branch,0.0318374,3183.7400000000002,159187,15534554.0,127804.42857142857,41.03292,-73.76575
Ardsley Ashford Branch,0.016690399999999998,1669.04,83452,15531388.0,67630.42857142857,41.01164,-73.84697
Brewster Clocktower Commons Branch,0.0185322,1853.22,92661,15532291.0,67370.71428571429,41.39443,-73.6189
Croton-On-Hudson Branch,0.0264684,2646.84,132342,15537357.0,103777.0,41.21359,-73.89799
Dobbs Ferry Branch,0.024163,2416.3,120815,15538048.0,93335.57142857143,41.01555,-73.86858
Elmsford Main St Branch,0.014518999999999999,1451.9,72595,15527463.0,56893.71428571428,41.0546,-73.81912
Halstead and Osborn Branch,0.031591,3159.1,157955,15536096.0,144975.85714285713,40.96822,-73.71414
Hasting Branch,0.0193054,1930.54,96527,15541186.0,67239.57142857143,40.99646,-73.88209
Irvington Branch,0.018876399999999998,1887.64,94382,15536561.0,71541.57142857143,41.0395,-73.87031
Katonah Branch,0.0252528,2525.28,126264,15536476.0,102755.57142857143,41.25772,-73.68401
Mamaroneck Branch,0.039098999999999995,3909.9,195495,15608599.0,102803.14285714286,40.95052,-73.7341
East Boston Post Road Branch,0.014312199999999999,1431.22,71561,15539023.0,49642.28571428572,40.9512,-73.72876
Monticello Branch,0.016346199999999998,1634.6200000000001,81731,15533872.0,54900.42857142857,41.64954,-74.66629
Moger Ave Branch,0.0209756,2097.56,104878,15529467.0,84293.28571428571,41.20961,-73.73047
Mt. Vernon Ave Branch,0.006202999999999999,620.3000000000001,31015,15527036.0,23242.428571428572,40.91328,-73.84968
Ossining Branch,0.008352,835.2,41760,15524545.0,34377.42857142857,41.16044,-73.86358
Peekskill Branch,0.0188646,1886.46,94323,15527706.0,83105.42857142857,41.28994,-73.91881
Pleasantville Branch,0.0114062,1140.6200000000001,57031,15512754.0,55043.857142857145,41.13395,-73.79113
North Main Street Branch,0.015360799999999999,1536.08,76804,15542433.0,54333.42857142857,41.00241,-73.66197
Tarrytown Branch,0.0226756,2267.56,113378,15537698.0,87715.14285714286,41.07957,-73.85765
Thornwood Branch,0.0128312,1283.1200000000001,64156,15526508.0,58592.71428571428,41.12397,-73.782
Maple Avenue Branch,0.0087266,872.66,43633,15527468.0,34743.0,41.02186,-73.77495
Wurtsboro Branch,0.0057266,572.66,28633,15527410.0,22126.285714285714,41.57165,-74.47555
Yonkers Getty Square Branch,0.0075886,758.86,37943,15526581.0,33758.0,40.93225,-73.89905
South Broadway Yonkers Branch,0.0171486,1714.8600000000001,85743,15529268.0,71400.85714285714,40.91928,-73.89626
Saw Mill River Road Branch,0.010330599999999999,1033.06,51653,15527536.0,41890.857142857145,40.94631,-73.87751
Central Park Avenue Branch,0.016914,1691.4,84570,15533944.0,63618.42857142857,40.97224,-73.83527
Shrub Oak Branch,0.0134352,1343.52,67176,15524720.0,57175.0,41.28394,-73.79648
Yorktown Commerce St Branch,0.025385599999999998,2538.56,126928,15533222.0,99729.57142857143,41.28394,-73.79648
Yonkers Kimball Ave Branch,0.009674,967.4,48370,15527080.0,42344.57142857143,40.92827,-73.84909
Chappaqua Branch,0.0262832,2628.32,131416,15544467.0,82135.14285714286,41.15857,-73.76491
Silver Lake Branch,0.018546,1854.6000000000001,92730,15533633.0,70646.42857142857,41.04018,-73.75573
Corporate Park Branch,0.0198642,1986.42,99321,15513185.0,89606.57142857143,41.01886,-73.72483
Nepperhan Avenue Branch,0.0175448,1754.48,87724,15530757.0,69340.57142857143,40.9651,-73.87235
Grasslands Branch,0.0113796,1137.96,56898,15529294.0,41949.28571428572,41.07186,-73.79984
Route 17k Branch,0.0114374,1143.74,57187,15533201.0,37724.0,41.53843,-74.0434
New Rochelle Branch,0.0131018,1310.18,65509,15531132.0,51067.71428571428,40.90584,-73.77393
Mclean Avenue Branch,0.0235546,2355.46,117773,15537915.0,82920.0,40.90161,-73.86278
Rockaway Avenue Branch,0.0097812,978.12,48906,15528807.0,39573.0,40.66101,-73.6998
Bellport Branch,0.0176746,1767.46,88373,15537446.0,61898.42857142857,40.75944,-72.93972
East Hampton Branch,0.0459198,4591.9800000000005,229599,15533463.0,181568.14285714287,40.96252,-72.1863
Broadway and Elmont Branch,0.0080194,801.94,40097,15528686.0,30587.571428571428,40.68743,-73.70358
Alden Manor Branch,0.011497,1149.7,57485,15528244.0,45982.857142857145,40.68984,-73.72292
Greenport Branch,0.0089306,893.0600000000001,44653,15527344.0,32488.85714285714,41.10316,-72.35931
Hewlett and Peninsula Branch,0.0131872,1318.72,65936,15529806.0,49867.42857142857,40.64934,-73.6908
Kings Park Branch,0.0219778,2197.78,109889,15534560.0,79023.57142857143,40.88209,-73.25761
Montauk Branch,0.0134072,1340.72,67036,15533572.0,46557.71428571428,41.0342,-71.94501
Ronkonkoma Branch,0.023428599999999997,2342.86,117143,15533816.0,93816.0,40.82652,-73.1089
Shelter Island Branch,0.009016,901.6,45080,15523354.0,40257.0,41.06247,-72.3348
Central Avenue Branch,0.011401399999999999,1140.14,57007,15529926.0,43719.0,40.67512,-73.70953
Hampton Bays Branch,0.020999999999999998,2100.0,105000,15536368.0,79867.85714285714,40.87758,-72.52525
Island Park Branch,0.009611,961.1,48055,15529619.0,37856.857142857145,40.60306,-73.65572
Forest Hills Branch,0.015865,1586.5,79325,15531267.0,64331.0,40.71087,-73.85373
Lefferts Boulevard Branch,0.027933999999999997,2793.4,139670,15538249.0,107486.85714285714,40.68663,-73.82436
Middletown Branch,0.0092864,928.64,46432,15530278.0,35968.28571428572,41.44974,-74.41783
Cornwall Branch,0.0133012,1330.1200000000001,66506,15532069.0,51114.0,41.43607,-74.03263
Greenwood Lake Branch,0.0089482,894.82,44741,15527457.0,36011.28571428572,41.21825,-74.29775
Pine Bush Branch,0.0088104,881.04,44052,15528030.0,30629.428571428572,41.60951,-74.30107
Port Jervis Branch,0.0097474,974.74,48737,15525526.0,40384.0,41.37445,-74.69243
Warwick Branch,0.0136904,1369.04,68452,15528960.0,50566.857142857145,41.2565,-74.36014
Washingtonville Branch,0.013662599999999999,1366.26,68313,15530750.0,42207.857142857145,41.42763,-74.16713
Beacon Branch,0.0064632,646.32,32316,15526675.0,25789.85714285714,41.50305,-73.96648
Fishkill Branch,0.013573199999999999,1357.32,67866,15534102.0,49556.71428571428,41.53139,-73.90749
Hopewell Junction Branch,0.021393199999999998,2139.32,106966,15539017.0,74622.28571428571,41.55751,-73.79297
Hyde Park Branch,0.0083114,831.14,41557,15525492.0,35265.857142857145,41.80435,-73.88475
Red Oaks Mill Branch,0.0071838,718.38,35919,15525394.0,28201.85714285714,41.65453,-73.87484
West Point Branch,0.0045378,453.78000000000003,22689,15533655.0,12078.142857142857,41.36658,-73.96564
Orange Plaza Branch,0.013605599999999999,1360.56,68028,15532720.0,51033.28571428572,41.44931,-74.46837
Suffern Branch,0.0130966,1309.66,65483,15527797.0,51456.57142857143,41.11541,-74.15134
College Road West Monsey Banking Center Branch,0.0371296,3712.96,185648,15552796.0,121767.0,41.11392,-74.08811
New City New Hempstead Branch,0.0733588,7335.88,366794,15558440.0,316545.28571428574,41.14813,-73.99019
Orangeburg Branch,0.0364248,3642.48,182124,15533283.0,158318.42857142858,41.0452,-73.95487
Pearl River Branch,0.0208824,2088.2400000000002,104412,15525048.0,85565.71428571429,41.05906,-74.02133
Tallman Branch,0.0345762,3457.62,172881,15548776.0,115605.57142857143,41.11132,-74.11438
Tuxedo Branch,0.012726,1272.6000000000001,63630,15534870.0,49201.42857142857,41.20894,-74.22035
Stony Point Branch,0.0173728,1737.28,86864,15533642.0,66988.14285714286,41.23098,-73.98611
Monroe Rt 17m Branch,0.0314462,3144.62,157231,15553133.0,104501.85714285714,41.33445,-74.19206
Port Chester Midland Branch,0.0074258,742.58,37129,15527835.0,33091.71428571428,40.99289,-73.66867
Port Washington Branch,0.0204324,2043.24,102162,15534424.0,73105.85714285714,40.82752,-73.68339
Massapequa Branch,0.0079056,790.5600000000001,39528,15529273.0,32625.285714285714,40.66757,-73.47553
South Freeport Branch,0.0108592,1085.92,54296,15531553.0,41024.71428571428,40.64579,-73.58377
Freeport and Main St Branch,0.0242298,2422.98,121149,15530051.0,115148.57142857143,40.65638,-73.5822
East Garden City Branch,0.014029799999999999,1402.98,70149,15522287.0,83158.28571428571,40.72935,-73.62118
Seventh Street Branch,0.07148739999999999,7148.74,357437,15565962.0,285485.85714285716,40.72409,-73.63925
Great Neck Branch,0.033526,3352.6,167630,15546814.0,121631.0,40.80484,-73.73511
Levittown Parkway Branch,0.0101382,1013.82,50691,15531265.0,37342.0,40.74079,-73.53613
Lindenhurst Branch,0.0401404,4014.04,200702,15528296.0,183868.0,40.68592,-73.37249
West Hempstead Branch,0.013446,1344.6000000000001,67230,15535947.0,44331.28571428572,40.70606,-73.66012
Syosset Branch,0.0310142,3101.42,155071,15538090.0,81042.0,40.81088,-73.49646
South Farmingdale Branch,0.010182199999999999,1018.22,50911,15524890.0,42462.857142857145,40.71411,-73.43297
Stewart Manor Branch,0.0169604,1696.04,84802,15527783.0,67039.42857142857,40.72026,-73.68859
Westbury Post and Maple Branch,0.013613199999999999,1361.32,68066,15530101.0,54890.42857142857,40.75594,-73.58784
Old Westbury Branch,0.0104376,1043.76,52188,15527315.0,34930.42857142857,40.77716,-73.5658
Old Country Road Branch,0.014097,1409.7,70485,15531717.0,52531.857142857145,40.74973,-73.57828
Westhampton Beach Branch,0.0167384,1673.8400000000001,83692,15529606.0,57851.857142857145,40.81009,-72.6416
Smith Haven Branch,0.0301844,3018.44,150922,15536660.0,133985.85714285713,40.8677,-73.13353
Huntington Branch,0.0174822,1748.22,87411,15523370.0,70776.42857142857,40.87278,-73.42577
Farmingville Branch,0.0180326,1803.26,90163,15532173.0,54161.57142857143,40.82984,-73.02126
Hicksville North Broadway Branch,0.0302382,3023.82,151191,15544174.0,110963.85714285714,40.76777,-73.52425
Bethpage Branch,0.0180862,1808.6200000000001,90431,15534999.0,76725.57142857143,40.743,-73.4796
Plainview Branch,0.012986399999999999,1298.64,64932,15527336.0,55281.57142857143,40.78067,-73.50266
Manetto Hill Branch,0.022885799999999998,2288.58,114429,15543144.0,86879.57142857143,40.77648,-73.46687
Nesconset Branch,0.0131816,1318.16,65908,15531513.0,41839.42857142857,40.81819,-73.21205
Maspeth and 48th St Branch,0.0134068,1340.68,67034,15538240.0,41904.28571428572,40.7306,-73.91909
Great Neck Branch,0.0378372,3783.7200000000003,189186,15544941.0,148354.42857142858,40.78547,-73.72856
Setauket Branch,0.0228308,2283.08,114154,15548479.0,87425.28571428571,40.93511,-73.1063
Mill and Garden Branch,0.014987799999999999,1498.78,74939,15526195.0,57034.0,41.70376,-73.92778
Poughkeepsie Plaza Mall Branch,0.015467799999999999,1546.78,77339,15543831.0,51713.57142857143,41.64022,-73.92613
Apple Valley Center Branch,0.0116852,1168.52,58426,15534503.0,40488.857142857145,41.66984,-73.83954
Scarsdale Branch,0.08177659999999999,8177.66,408883,15542902.0,286025.85714285716,40.98933,-73.79275
Hartsdale Branch,0.024223599999999998,2422.36,121118,15531457.0,93221.71428571429,41.01233,-73.79618
Heathcote Branch,0.043869399999999996,4386.9400000000005,219347,15543660.0,173944.57142857142,40.98501,-73.77382
Crestwood Branch,0.0051096,510.96000000000004,25548,15527724.0,20286.85714285714,40.95754,-73.82197
Deer Park Ave Branch,0.0222692,2226.92,111346,15538500.0,85524.42857142857,40.76406,-73.33042
Brightwaters Branch,0.0146372,1463.72,73186,15530228.0,55857.42857142857,40.72083,-73.26575
North Babylon Branch,0.010840599999999999,1084.06,54203,15528679.0,44382.57142857143,40.73794,-73.32156
West Islip Branch,0.021158,2115.8,105790,15537433.0,77982.14285714286,40.70907,-73.30639
Brentwood Bay Shore Branch,0.009025799999999999,902.58,45129,15529912.0,31230.571428571428,40.76013,-73.26196
Nanuet Middletown Branch,0.0210962,2109.62,105481,15535910.0,82331.0,41.08663,-74.01489
Congers Branch,0.012912,1291.2,64560,15526649.0,48936.28571428572,41.15009,-73.93953
Route 59 Branch,0.0145288,1452.88,72644,15532856.0,54083.71428571428,41.0948,-74.00579
Monsey Branch,0.0300208,3002.08,150104,15544785.0,99130.0,41.11462,-74.07967
Chestnut Ridge Branch,0.0160102,1601.02,80051,15531512.0,55407.0,41.10102,-74.04595
Nyack North Broadway Branch,0.026314399999999998,2631.44,131572,15536997.0,98588.42857142857,41.09173,-73.91808
Riverhead Branch,0.0217328,2173.28,108664,15559577.0,73319.71428571429,40.91693,-72.66283
Bay Shore Branch,0.0131416,1314.16,65708,15530829.0,49442.57142857143,40.72637,-73.23572
East Meadow Plaza Branch,0.0230244,2302.44,115122,15529870.0,96944.28571428571,40.72425,-73.56347
Baldwin Atlantic Branch,0.0100538,1005.38,50269,15529564.0,37407.57142857143,40.63964,-73.60826
Greenvale Branch,0.0780222,7802.22,390111,15540641.0,344051.28571428574,40.81131,-73.62297
Broadway and 61st Branch,0.129235,12923.5,646175,15547302.0,566904.4285714285,40.76972,-73.98193
Barclay St Branch,0.0667734,6677.34,333867,15555652.0,236729.0,40.71371,-74.01168
Haverstraw 9w Branch,0.010535,1053.5,52675,15528095.0,43391.28571428572,41.19199,-73.96582
Kingston Plaza Branch,0.0167066,1670.66,83533,15555908.0,44878.0,41.93669,-74.01704
New Paltz Branch,0.010749199999999999,1074.92,53746,15526487.0,39947.142857142855,41.74789,-74.085
New Windsor Branch,0.0088878,888.78,44439,15521845.0,38110.857142857145,41.46119,-74.05317
Pleasant Valley Branch,0.0099214,992.14,49607,15532103.0,32960.71428571428,41.74414,-73.82455
New City South Main Branch,0.0196654,1966.54,98327,15537021.0,69012.14285714286,41.13646,-73.99095
Sparkill Branch,0.013482,1348.2,67410,15527826.0,52136.857142857145,41.02965,-73.92849
New Rochelle Main St Branch,0.0172866,1728.66,86433,15536586.0,72423.85714285714,40.90911,-73.78123
Briarcliff Manor Branch,0.015749,1574.9,78745,15542229.0,53524.28571428572,41.14948,-73.82969
Bronxville Branch,0.042020999999999996,4202.1,210105,15539810.0,161944.42857142858,40.941,-73.83569
Chester Heights Branch,0.006607999999999999,660.8000000000001,33040,15522881.0,26109.14285714286,40.92887,-73.80899
Forest Hills Branch,0.017185799999999998,1718.58,85929,15541985.0,56672.42857142857,40.72667,-73.85363
Bayside Bell Branch,0.059776199999999995,5977.62,298881,15558647.0,220332.85714285713,40.76304,-73.77076
Flushing Main St Branch,0.0433468,4334.68,216734,15571045.0,129286.71428571429,40.76165,-73.83118
East Elmhurst and 31st Ave Branch,0.020659999999999998,2066.0,103300,15539717.0,69885.57142857143,40.7588,-73.89066
Van Wyck Branch,0.012373799999999999,1237.38,61869,15532313.0,44051.28571428572,40.7083,-73.81823
Woodmere Branch,0.0107828,1078.28,53914,15533142.0,36040.42857142857,40.63362,-73.71063
Patchogue Branch,0.011079799999999999,1107.98,55399,15528207.0,44284.42857142857,40.76575,-73.01233
Medford Branch,0.011166599999999999,1116.66,55833,15548467.0,28637.428571428572,40.81463,-73.00056
Rocky Point Branch,0.016511599999999998,1651.16,82558,15535589.0,55740.57142857143,40.94642,-72.93294
Bohemia Branch,0.0288106,2881.06,144053,15530141.0,114868.28571428571,40.78245,-73.09892
Garnerville Branch,0.014428199999999999,1442.82,72141,15530551.0,42004.0,41.1986,-74.00961
White Plains/Gateway Plaza Branch,0.0133996,1339.96,66998,15531364.0,52823.28571428572,41.03233,-73.77252
Glenville Branch,0.011365199999999999,1136.52,56826,15528409.0,45942.857142857145,41.03841,-73.66705
Greenwich Avenue Branch,0.0221786,2217.86,110893,15538379.0,83705.0,41.02771,-73.62612
West Putnam and Valley Branch,0.0194218,1942.18,97109,15522192.0,82103.85714285714,41.0186,-73.6454
Riverside Branch,0.0529038,5290.38,264519,15524271.0,249104.0,41.04109,-73.58244
Banksville Branch,0.0085458,854.58,42729,15517484.0,38222.142857142855,,
Greenwich Branch,0.011962799999999999,1196.28,59814,15521953.0,50694.28571428572,41.02992,-73.56706
Southport Branch,0.0189332,1893.32,94666,15534815.0,76767.57142857143,41.1368,-73.2835
Elmwood Park Branch,0.014326199999999999,1432.6200000000001,71631,15529569.0,60510.28571428572,40.90092,-74.12338
East Rutherford Branch,0.0252194,2521.94,126097,15530937.0,79722.14285714286,40.83304,-74.09461
Fair Lawn Branch,0.012574799999999999,1257.48,62874,15534876.0,46918.42857142857,40.93531,-74.13375
Broadway Fairlawn Branch,0.007735199999999999,773.52,38676,15530606.0,30946.571428571428,40.92341,-74.10853
Radburn Branch,0.024571799999999998,2457.18,122859,15536490.0,74319.0,40.93907,-74.12128
Ridge Branch,0.0210914,2109.14,105457,15537004.0,68799.14285714286,40.80851,-74.11875
North Arlington Branch,0.019674,1967.4,98370,15523817.0,89566.28571428571,40.78255,-74.1379
The Plaza Branch,0.024821,2482.1,124105,15538112.0,91189.42857142857,40.90218,-74.0051
Cedar Lane Branch,0.0166008,1660.08,83004,15529090.0,65766.85714285714,40.88635,-74.01387
Wallington Branch,0.0124088,1240.88,62044,15529560.0,52256.857142857145,40.85493,-74.11415
Godwin Avenue Branch,0.0176148,1761.48,88074,15523028.0,62879.142857142855,40.97879,-74.12363
Midland Park Branch,0.0100156,1001.5600000000001,50078,15529744.0,34551.42857142857,40.98621,-74.13938
Oakland Ramapo Valley Rd Branch,0.0180794,1807.94,90397,15527667.0,72768.14285714286,41.02414,-74.24255
Franklin Branch,0.0105652,1056.52,52826,15527364.0,43587.857142857145,41.11475,-74.58127
Andover Branch,0.0062518,625.1800000000001,31259,15526502.0,23220.285714285714,41.03752,-74.70111
Sussex Branch,0.0047896,478.96000000000004,23948,15526523.0,20480.714285714286,41.21119,-74.60806
Vernon Rt 515 Branch,0.012499,1249.9,62495,15531172.0,51068.857142857145,41.19818,-74.48324
Montague Branch,0.0053142,531.42,26571,15529010.0,18049.85714285714,41.3502,-74.6863
Hampton Rt 206 Branch,0.0118972,1189.72,59486,15529293.0,46676.857142857145,41.09009,-74.73088
Essex Street Branch,0.0138596,1385.96,69298,15535237.0,48539.57142857143,40.88738,-74.06524
Mount Pleasant Branch,0.0133402,1334.02,66701,15528082.0,54266.142857142855,40.84504,-74.10848
Boulevard Branch,0.029819199999999997,2981.92,149096,15544109.0,87001.71428571429,40.82507,-73.99688
Dover Branch,0.0137352,1373.52,68676,15550886.0,43710.42857142857,40.88647,-74.5588
Randolph Rt 10 Branch,0.0096704,967.04,48352,15529119.0,37300.42857142857,40.86151,-74.58859
Riverdale Branch,0.0175068,1750.68,87534,15528151.0,65452.71428571428,40.99872,-74.3001
Mount Freedom Sussex Branch,0.037397799999999995,3739.78,186989,15550486.0,141768.57142857142,40.82662,-74.57361
Boonton Monroe Branch,0.0098548,985.48,49274,15527388.0,38457.857142857145,40.90141,-74.40721
East Hanover Branch,0.024333399999999998,2433.34,121667,15534259.0,88195.71428571429,40.8249,-74.36219
Rockaway Branch,0.015822,1582.2,79110,15530205.0,61381.857142857145,40.91236,-74.50108
Stirling Branch,0.0138132,1381.32,69066,15527098.0,57365.71428571428,40.66773,-74.4945
Harmon Tower Branch,0.0197394,1973.94,98697,15512972.0,78537.71428571429,40.79376,-74.06898
Manasquan Branch,0.0235538,2355.38,117769,15529216.0,89221.28571428571,40.12254,-74.06986
New Bedford Branch,0.0143442,1434.42,71721,15530440.0,58657.57142857143,40.17131,-74.06332
Spring Lake Branch,0.0135382,1353.82,67691,15529593.0,56839.28571428572,40.15357,-74.02788
Harmon Meadow Branch,0.034023399999999995,3402.34,170117,15534865.0,92833.28571428571,40.78096,-74.06598
Wantage Branch,0.0082246,822.46,41123,15527061.0,34006.142857142855,41.19327,-74.58759
Edgewater Branch,0.0173588,1735.88,86794,15520760.0,68083.14285714286,40.82016,-73.97743
Fairfield Passaic Branch,0.0172032,1720.32,86016,15528458.0,66457.0,40.88785,-74.27316
Saddle Brook Branch,0.0117196,1171.96,58598,15531495.0,45624.0,40.89645,-74.09156
Freehold Branch,0.0113408,1134.08,56704,15532427.0,45997.142857142855,40.25805,-74.27723
Bradley Beach Branch,0.0076012,760.12,38006,15528091.0,28965.285714285714,40.20231,-74.01825
Toms River Branch,0.0120644,1206.44,60322,15527207.0,44108.142857142855,39.95239,-74.1984
Raritan Center Edison Branch,0.0191804,1918.04,95902,15564699.0,46695.57142857143,40.51728,-74.34452
Shrewsbury Branch,0.0178034,1780.3400000000001,89017,15531696.0,70334.28571428571,40.31286,-74.06407
Becton Dickinson Corporate Branch,0.0022646,226.46,11323,15525258.0,9432.42857142857,41.01448,-74.2078
Englewood Branch,0.027698,2769.8,138490,15554086.0,92842.42857142857,40.89124,-73.9742
Kearny Ave Branch,0.008765199999999999,876.52,43826,15530419.0,31378.714285714286,40.7528,-74.1573
Metuchen Branch,0.0394654,3946.54,197327,15591746.0,102571.0,40.54337,-74.36263
Lakewood Branch,0.038492399999999996,3849.2400000000002,192462,15576637.0,91386.0,40.10688,-74.21776
Norwood Broadway Branch,0.0161782,1617.82,80891,15529141.0,66946.57142857143,40.99619,-73.95613
Clifton Van Houten Branch,0.022363599999999997,2236.36,111818,15541567.0,77448.14285714286,40.86506,-74.16056
Roxbury Branch,0.0103734,1037.34,51867,15533994.0,33319.57142857143,40.88495,-74.65281
Journal Square Branch,0.028319399999999998,2831.94,141597,15564825.0,78758.42857142857,40.73295,-74.06325
Millburn Driveup Branch,0.0089988,899.88,44994,15523672.0,47359.28571428572,40.7245,-74.30323
Roseland Branch,0.0087422,874.22,43711,15525690.0,37060.142857142855,40.81997,-74.32789
Florham Park Branch,0.006839,683.9,34195,15527910.0,28211.14285714286,40.79504,-74.37597
Union City Branch,0.0173732,1737.32,86866,15559338.0,48743.71428571428,40.77502,-74.03182
Verona Pompton Branch,0.0102392,1023.9200000000001,51196,15527735.0,42164.142857142855,40.82603,-74.2303
Durham Center Branch,0.011647,1164.7,58235,15535438.0,34358.71428571428,40.54065,-74.39684
New Brunswick Branch,0.009075999999999999,907.6,45380,15535274.0,28075.571428571428,40.49379,-74.44156
North Bergen Branch,0.0075574,755.74,37787,15529868.0,26996.714285714286,40.80807,-74.01565
Rutherford Branch,0.0231864,2318.64,115932,15518073.0,84762.85714285714,40.82816,-74.10206
Chester and East Main Street Branch,0.0135246,1352.46,67623,15542603.0,42713.0,40.78477,-74.69655
Wall Street and Williams Branch,0.0638108,6381.08,319054,15504343.0,230215.85714285713,40.70652,-74.00972
Newburgh Branch,0.0086908,869.08,43454,15533753.0,31269.14285714286,41.52196,-74.02133
Floral Park Verbena Branch,0.0229356,2293.56,114678,15536020.0,84828.85714285714,40.72408,-73.70497
Waterton Canyon Banking Ctr. Branch,0.0072515999999999995,725.16,36258,15531411.0,23283.571428571428,39.48396,-105.07321
South Jordan Branch,0.0160338,1603.38,80169,15525580.0,48103.28571428572,40.54351,-111.97957
Chatham Banking Center Branch,0.016786199999999998,1678.6200000000001,83931,15521036.0,69687.57142857143,40.74028,-74.38101
Cedarhurst Banking Center Branch,0.0564432,5644.32,282216,15532503.0,185004.14285714287,40.62047,-73.72552
Riggs & Dobson Banking Center Branch,0.0146442,1464.42,73221,15531217.0,56324.57142857143,33.21812,-111.87719
Homewood Banking Center Branch,0.0142028,1420.28,71014,15534483.0,45802.71428571428,41.55689,-87.6653
Clinton and Adams Banking Center Branch,0.026299799999999998,2629.98,131499,15554816.0,83938.14285714286,41.87932,-87.64143
Gates Banking Center Branch,0.0108852,1088.52,54426,15530333.0,41380.857142857145,43.165,-77.69134
Wadsworth and 88th Branch,0.0111658,1116.58,55829,15537114.0,35497.42857142857,39.85646,-105.08291
Bay Colony Banking Center Branch,0.014044599999999999,1404.46,70223,15536814.0,45185.71428571428,29.46757,-95.08848
Sunset Park Banking Center Branch,0.062997,6299.7,314985,15600499.0,160873.7142857143,40.63871,-74.00611
North Longmont Banking Center Branch,0.0080986,809.86,40493,15531288.0,28113.428571428572,40.20542,-105.10237
Round Lake Banking Center Branch,0.0070408,704.08,35204,15529773.0,23236.285714285714,42.36537,-88.11896
Edgewater Broadway Branch,0.019506199999999998,1950.6200000000001,97531,15534942.0,54246.71428571428,41.98588,-87.66006
New Baltimore Kroger Branch,0.0053184,531.84,26592,15528687.0,17018.571428571428,42.67596,-82.7588
Hazel Dell and 146th Branch,0.012283599999999999,1228.3600000000001,61418,15530672.0,43129.28571428572,40.00289,-86.06955
Sugar Cove Branch,0.0108116,1081.16,54058,15528250.0,37984.42857142857,41.77509,-88.44241
Lower Buckeye and 99th Ave Branch,0.0042008,420.08,21004,15528626.0,12610.714285714286,33.41684,-112.27296
Bayonne 20th St Branch,0.0203692,2036.92,101846,15525951.0,61465.857142857145,40.66199,-74.11997
Birmingham Branch,0.03933,3933.0,196650,15570935.0,110024.57142857143,42.54561,-83.21323
Channahon Branch,0.0076766,767.66,38383,15529148.0,25005.85714285714,41.41943,-88.19133
Walnut Branch,0.0064474,644.74,32237,15524765.0,24242.428571428572,29.68814,-98.12685
Van Dyke Road Branch,0.009654399999999999,965.44,48272,15529611.0,33996.0,42.77193,-83.01849
Woodlands Parkway Banking Center Branch,0.013207199999999999,1320.72,66036,15529400.0,44552.0,30.19723,-95.56364
Spring Mill and 161st Branch,0.009204799999999999,920.48,46024,15530261.0,31556.714285714286,40.02119,-86.16216
Carpentersville Banking Cntr Branch,0.0119674,1196.74,59837,15530065.0,42116.71428571428,42.1075,-88.29346
Lovers Lane & Devonshire Bnk Cntr Br,0.008648,864.8000000000001,43240,15527898.0,33711.857142857145,32.85117,-96.81586
Bergen Park Banking Center Branch,0.018204599999999998,1820.46,91023,15530151.0,65316.71428571428,39.69206,-105.35838
70th & Broadway Banking Cntr Branch,0.0244382,2443.82,122191,15519754.0,93698.0,40.77669,-73.98192
Williston Park Banking Center Branch,0.0365046,3650.46,182523,15541418.0,136172.7142857143,40.75651,-73.64472
North Park Banking Center Branch,0.0085746,857.46,42873,15528910.0,34628.71428571428,39.88526,-105.02673
South Shore Harbor Bnkg Cntr Branch,0.009948,994.8000000000001,49740,15528799.0,33050.71428571428,29.50544,-95.04148
Country Club Hills Bnkg Cntr Branch,0.0048086,480.86,24043,15525229.0,17959.85714285714,41.58608,-87.71407
Katy Fort Bend Banking Center Branch,0.0135984,1359.84,67992,15534494.0,41048.28571428572,29.77368,-95.79849
Leander Banking Center Branch,0.0056142,561.42,28071,15527833.0,19424.0,30.56237,-97.90389
Signal Butte & Baseline Bkg Ctr Branch,0.0108544,1085.44,54272,15529109.0,39535.0,33.37899,-111.6029
Stroh Ranch Banking Center Branch,0.0123038,1230.38,61519,15525371.0,44099.0,39.48232,-104.7796
Richmond Rosenberg Bnkg Cntr Branch,0.011727399999999999,1172.74,58637,15536408.0,33488.28571428572,29.54373,-95.75489
Austin Highway & Harry Wurzback Banking Center,0.0048595999999999995,485.96000000000004,24298,15524822.0,18068.285714285714,29.49183,-98.43754
78 & Foster Banking Center Branch,0.0029038,290.38,14519,15526216.0,10512.0,29.48127,-98.35896
Amboy Montreal Branch,0.014034,1403.4,70170,15532200.0,47969.28571428572,40.56458,-74.13182
Wylie Banking Center Branch,0.0097044,970.44,48522,15539704.0,25606.428571428572,33.00873,-96.54504
North Brunswick Banking Center Branch,0.0133616,1336.16,66808,15532616.0,46588.28571428572,40.46384,-74.45551
Oakland Township Kroger Branch,0.0047798,477.98,23899,15528614.0,16486.0,42.72588,-83.19647
Jackson and Wells Branch,0.0210178,2101.78,105089,15538026.0,75249.42857142857,41.8781,-87.63446
Cobble Hill Banking Center Branch,0.0203768,2037.68,101884,15547431.0,57078.142857142855,40.69096,-73.99168
Cave Creek & Beardsley Banking Center Branch,0.009530199999999999,953.02,47651,15525298.0,33808.57142857143,33.66992,-112.03073
Longview Banking Center Branch,0.020838799999999998,2083.88,104194,15505938.0,106983.71428571429,32.49259,-94.74022
Glen Ellyn Banking Center Branch,0.056268599999999995,5626.86,281343,15539310.0,209958.14285714287,41.85928,-88.05647
Round Lake Beach Banking Center Branch,0.009873,987.3000000000001,49365,15531267.0,30701.14285714286,42.34769,-88.11374
Howard Beach Banking Center Branch,0.0274336,2743.36,137168,15544480.0,97948.85714285714,40.65813,-73.84499
New Albany Banking Center Branch,0.014699799999999999,1469.98,73499,15529334.0,48640.0,40.09319,-82.82304
Northvale Banking Center Branch,0.024710799999999998,2471.08,123554,15534548.0,100418.85714285714,41.01451,-73.94597
Franklin Park Banking Center Branch,0.019422,1942.2,97110,15541486.0,63020.857142857145,40.42912,-74.55733
Shorewood Route 59 Banking Center Branch,0.0143722,1437.22,71861,15534866.0,42756.142857142855,41.54627,-88.19973
Spring Creek & Coit Banking Center Branch,0.011098199999999999,1109.82,55491,15529349.0,39895.71428571428,33.05581,-96.77031
Risinger & Hulen Banking Center Branch,0.0055033999999999994,550.34,27517,15527290.0,21103.85714285714,32.61693,-97.38828
Schertz Banking Center Branch,0.0086538,865.38,43269,15529828.0,29581.85714285714,29.60226,-98.27838
Fishkill and Merritt Blvd Branch,0.0111526,1115.26,55763,15535071.0,39091.28571428572,41.53032,-73.89239
Gm Building Banking Center Branch,0.17966659999999998,17966.66,898333,15577037.0,731973.8571428572,40.76306,-73.97188
Greenwich Deerfield Branch,0.0667852,6678.52,333926,15544091.0,220766.14285714287,41.02782,-73.62979
Oaklawn & Wycliff Banking Center Branch,0.0954862,9548.62,477431,15588302.0,389079.71428571426,32.81966,-96.80275
Gold Canyon Banking Center Branch,0.0127172,1271.72,63586,15526368.0,49693.857142857145,33.36726,-111.47679
Camelback & Dysart Banking Center Branch,0.014185999999999999,1418.6000000000001,70930,15542240.0,37898.142857142855,33.51148,-112.34101
Bell Road & Cotton Lane Banking Center Branch,0.015814599999999998,1581.46,79073,15539519.0,57218.71428571428,33.63874,-112.42612
Industriplex Banking Center Branch,0.0227494,2274.94,113747,15535470.0,87987.42857142857,30.38991,-91.06145
Olio & 116th Banking Center Branch,0.014606399999999999,1460.64,73032,15539667.0,42575.142857142855,39.95814,-85.91869
Pfennig & 685 Banking Center Branch,0.0116438,1164.38,58219,15546386.0,28024.85714285714,30.45103,-97.60542
I 35 & University Banking Center Branch,0.008182199999999999,818.22,40911,15531638.0,23915.714285714286,30.55906,-97.68912
Grayslake Banking Center Branch,0.0152182,1521.82,76091,15533479.0,51520.71428571428,42.33657,-88.03195
Firestone Banking Center,0.0072948,729.48,36474,15526133.0,24098.85714285714,40.16082,-104.94177
Granbury Branch,0.0174412,1744.1200000000001,87206,15536792.0,54880.57142857143,32.43552,-97.77152
Columbus Circle Banking Center Branch,0.1652216,16522.16,826108,15585843.0,681471.0,40.76632,-73.98192
City Hall Banking Center Branch,0.11629239999999999,11629.24,581462,15569855.0,473668.5714285714,40.71325,-74.00707
Powell North Branch,0.007761799999999999,776.1800000000001,38809,15531020.0,24136.428571428572,40.19508,-83.09629
Wynkoop and 16th Branch,0.014622999999999999,1462.3,73115,15533741.0,46988.142857142855,39.75218,-105.0014
Dequindre 18 Mile Rd Branch,0.0161602,1616.02,80801,15596251.0,17132.428571428572,42.59194,-83.08986
Stony Creek and Whittaker Branch,0.006411,641.1,32055,15528453.0,22107.571428571428,42.20933,-83.61833
Beltline and Montfort Branch,0.037915199999999996,3791.52,189576,15552644.0,134292.0,32.95557,-96.81835
Westpark Tollway Branch,0.0073034,730.34,36517,15530148.0,22112.714285714286,29.70946,-95.68772
Camp Wisdom and 360 Branch,0.0184718,1847.18,92359,15537238.0,51316.28571428572,32.6483,-97.06024
Beltline and Westmoreland Branch,0.006866,686.6,34330,15529457.0,21454.85714285714,32.58989,-96.87051
Southlake Blvd and Randol Mill Branch,0.022301599999999998,2230.16,111508,15540201.0,76577.42857142857,32.93747,-97.18611
Forney Branch,0.011623399999999999,1162.34,58117,15537466.0,31547.428571428572,32.74095,-96.45317
Exchange Pkwy and Angel Pkwy Branch,0.0122454,1224.54,61227,15530369.0,38669.857142857145,33.11528,-96.62852
Sr 66 and Dalrock Branch,0.010972599999999999,1097.26,54863,15539745.0,31256.714285714286,32.91968,-96.51768
Power and Ray Branch,0.0072654,726.54,36327,15535452.0,15939.42857142857,33.32114,-111.68695
Linden Plaza Branch,0.0071388,713.88,35694,15526987.0,23505.428571428572,42.41011,-88.03323
Orland Park Southmoor Branch,0.0272424,2724.2400000000002,136212,15552295.0,79087.57142857143,41.65027,-87.85384
Dearborn and Ohio Branch,0.0167062,1670.6200000000001,83531,15536045.0,53668.142857142855,41.89246,-87.62974
Second Ave and 10th St Branch,0.0413904,4139.04,206952,15628348.0,88090.85714285714,40.72961,-73.98691
Francis Lewis Blvd Branch,0.0206642,2066.42,103321,15537624.0,67911.71428571429,40.76041,-73.79635
Madison and 64th St Branch,0.0071798,717.98,35899,15521087.0,35272.42857142857,40.76658,-73.96922
Southlake Branch,0.0589554,5895.54,294777,15533083.0,207793.85714285713,32.94095,-97.12369
Kyle Banking Center Branch,0.007516999999999999,751.7,37585,15528921.0,23191.14285714286,30.01469,-97.86388
Naper & Ogden Banking Center Branch,0.030087199999999998,3008.7200000000003,150436,15551889.0,96438.42857142857,41.74625,-88.11743
York Avenue Hospital Bkg Cntr Branch,0.0189632,1896.32,94816,15534856.0,63088.0,40.76596,-73.95432
Riverton Banking Center Branch,0.0059884,598.84,29942,15528989.0,16860.85714285714,40.50776,-111.98069
Bell & Thompson Peak Bkg Cntr Branch,0.027864399999999998,2786.44,139322,15560855.0,79114.0,33.63927,-111.86126
South Brunswick Banking Cntr Branch,0.026639,2663.9,133195,15478510.0,85388.71428571429,40.3832,-74.57499
Cherry Creek Banking Center Branch,0.0311298,3112.98,155649,15552091.0,97108.28571428571,39.71824,-104.95457
Rye Ridge Branch,0.0493882,4938.82,246941,15528704.0,185279.2857142857,41.00195,-73.68102
Somerstown Center Branch,0.0232354,2323.54,116177,15529494.0,90070.57142857143,41.328,-73.68663
Hillcrest North Main Branch,0.0192896,1928.96,96448,15537760.0,62683.42857142857,41.12934,-74.04076
South Flushing Branch,0.014765599999999999,1476.56,73828,15535949.0,47127.857142857145,40.74579,-73.82605
Garfield Branch,0.021057799999999998,2105.78,105289,15519083.0,59658.0,40.86695,-74.10341
Lake Hopatcong Branch,0.0074329999999999995,743.3000000000001,37165,15527782.0,28475.0,40.96226,-74.59659
Towne Center Branch,0.037472399999999996,3747.2400000000002,187362,15538832.0,151148.85714285713,30.43033,-91.11516
Germann & Power Banking Ctr Branch,0.0058768,587.6800000000001,29384,15524441.0,23454.571428571428,33.26621,-111.68617
Streeterville Banking Center Branch,0.0293526,2935.26,146763,15551515.0,76912.71428571429,41.89098,-87.61881
Main & Taylor Banking Center Branch,0.0031182,311.82,15591,15525561.0,11416.0,39.95579,-82.77349
Potranco & Rousseau Bnkg Ctr Branch,0.0047278,472.78000000000003,23639,15524882.0,14797.0,29.43562,-98.70326
Lockport Farrell Rd Branch,0.0130902,1309.02,65451,15535991.0,37652.0,41.59763,-88.05946
Fox River Grove Branch,0.009881,988.1,49405,15529741.0,29577.14285714286,42.19495,-88.21302
Jay Street & Front St Bnkg Ctr Branc,0.0256546,2565.46,128273,15543031.0,78477.57142857143,40.70238,-73.98711
Second Avenue & 93rd St Bnkg Branch,0.017381,1738.1000000000001,86905,15533862.0,61145.42857142857,40.78265,-73.94828
Oak Forest Illinois Banking Center Branch,0.0124844,1248.44,62422,15529107.0,46635.42857142857,41.60305,-87.75449
Taylor Branch,0.0040354,403.54,20177,15522648.0,15017.285714285714,30.60015,-97.41633
Avery Ranch & Parmer Ln Bnkg Ctr Brh,0.0118262,1182.6200000000001,59131,15534254.0,34485.857142857145,30.49828,-97.77537
Midtown Banking Center Branch,0.0159558,1595.58,79779,15528067.0,54113.142857142855,29.74733,-95.37728
Bay Parkway & 67th Street Banking Center Branch,0.0239944,2399.44,119972,15543400.0,82792.57142857143,40.61248,-73.98282
Union Square Branch,0.17351919999999998,17351.920000000002,867596,15607120.0,664642.0,40.73778,-73.9883
Hamilton Square Banking Ctr Branch,0.0147716,1477.16,73858,15528647.0,40570.142857142855,40.22891,-74.66855
Northlake Banking Center Branch,0.0091926,919.26,45963,15528651.0,31774.285714285714,41.90722,-87.90834
Jones and Cypress N Houston Branch,0.0109894,1098.94,54947,15523748.0,46351.0,29.9511,-95.58488
North Howell Banking Center Branch,0.0075296,752.96,37648,15532113.0,23402.285714285714,40.18264,-74.24717
Anthem Banking Center Branch,0.0101386,1013.86,50693,15522294.0,41300.0,33.83924,-112.10758
Northpoint & Route 120 Bkg Ctr Branc,0.013333,1333.3,66665,15535460.0,39445.857142857145,42.34445,-87.90086
Colorado & 104th Banking Ctr Branch,0.01119,1119.0,55950,15528387.0,41269.57142857143,39.88516,-104.94011
Centennial Banking Center Branch,0.0139102,1391.02,69551,15534138.0,40967.0,39.59518,-104.85813
Locust Valley Banking Center Branch,0.015161399999999998,1516.14,75807,15532938.0,59603.28571428572,40.87564,-73.59896
Michigan & Canton Center Banking Center Branch,0.011383599999999999,1138.3600000000001,56918,15541289.0,29903.85714285714,42.27313,-83.4834
Mesa Ridge & Fountain Mesa Banking Center Branch,0.0043762,437.62,21881,15526928.0,15436.0,38.72017,-104.70076
Arapahoe & 95th Banking Center Branch,0.009262,926.2,46310,15529053.0,33505.28571428572,40.01544,-105.13098
Michigan & Randolph Baning Center Branch,0.039482199999999995,3948.2200000000003,197411,15594656.0,89332.28571428571,41.88431,-87.6246
Hilliard Rome & Trabue Banking Center Branch,0.0116706,1167.06,58353,15529554.0,35912.0,39.98561,-83.15087
St Albans & Linden Blvd Bnkg Branch,0.0076028,760.28,38014,15529669.0,22468.571428571428,40.69583,-73.74703
Rayford Road & Imperial Oaks Banking Center Branch,0.0159664,1596.64,79832,15534659.0,45556.28571428572,30.12341,-95.41001
Highland & Roosevelt Bnkg Ctr Branch,0.022611,2261.1,113055,15540908.0,72830.42857142857,41.8601,-88.01249
Rancho Sahuarita Banking Ctr Branch,0.007168,716.8000000000001,35840,15528238.0,25671.714285714286,31.96073,-110.98342
Walzem & Eaglecrest Bnkg Ctr Branch,0.003854,385.40000000000003,19270,15527790.0,12157.714285714286,29.51068,-98.37084
Levittown Banking Center Branch,0.0143278,1432.78,71639,15533740.0,51283.142857142855,40.72566,-73.49719
Card & 21 Mile Banking Center Branch,0.0098914,989.14,49457,15530632.0,30867.14285714286,42.64359,-82.89947
Lake Conroe Banking Center Branch,0.021041,2104.1,105205,15532416.0,64442.42857142857,30.38242,-95.65199
Sixth Ave & West 28th St Bnkg Branch,0.030864,3086.4,154320,15543588.0,106182.57142857143,40.7398,-73.99514
Bowery & First Banking Center Branch,0.026525999999999997,2652.6,132630,15503126.0,77014.85714285714,40.72498,-73.99219
Weber & Airport Banking Ctr Branch,0.0164546,1645.46,82273,15533473.0,47185.857142857145,41.60982,-88.12307
Lakeshore East Banking Center Branch,0.0193846,1938.46,96923,15549379.0,49217.142857142855,41.8846,-87.61889
Easton Town Center Bnkg Ctr Branch,0.0115038,1150.38,57519,15532759.0,37691.857142857145,40.05203,-82.91978
Frankford & Midway Banking Center Branch,0.0098294,982.94,49147,15533634.0,30901.285714285714,32.99808,-96.84375
Dallas Main Banking Center Branch,5.0829584,508295.84,25414792,13994496.0,22216098.85714286,32.78278,-96.79669
Fm 29 & Barker Cypress Branch,0.012887599999999999,1288.76,64438,15533652.0,43351.42857142857,29.87999,-95.68388
Jamesburg Banking Center Branch,0.0116072,1160.72,58036,15521060.0,39631.42857142857,40.34778,-74.43496
Route 34 & 5th St Bnkg Center Branch,0.022038,2203.8,110190,15541169.0,65640.71428571429,41.6642,-88.32404
Morris Route 6 Branch,0.007782,778.2,38910,15532511.0,23912.714285714286,41.37046,-88.43588
Independence & Hedgcoxe Bnkg Ctr Brh,0.022615,2261.5,113075,15537947.0,75397.0,33.08622,-96.74978
South Holland Branch,0.0065956,659.5600000000001,32978,15529140.0,17683.285714285714,41.60088,-87.60816
New Territory Banking Center Branch,0.0437824,4378.24,218912,15683067.0,68075.85714285714,29.59048,-95.67694
Main & Akard Banking Center Branch,0.007688599999999999,768.86,38443,15534980.0,19691.14285714286,32.78053,-96.79971
Beck & Grand River Bnkg Ctr Branch,0.025671199999999998,2567.12,128356,15534901.0,73592.71428571429,42.48993,-83.51624
Broadway & Elmhurst Bnkg Ctr Branch,0.025462,2546.2000000000003,127310,15545125.0,73911.0,40.74426,-73.88586
Hanover Park Banking Center Branch,0.008551,855.1,42755,15528369.0,29651.285714285714,42.00598,-88.14606
Park Slope West Bnkg Center Branch,0.0158408,1584.08,79204,15537121.0,46953.0,40.67778,-73.97946
Yorkville Banking Center Branch,0.0114186,1141.8600000000001,57093,15534362.0,37265.0,41.65727,-88.43991
Mahwah Banking Center Branch,0.0279326,2793.26,139663,15541289.0,106361.0,41.07697,-74.13888
Colts Neck Banking Center Branch,0.015828,1582.8,79140,15527111.0,61165.28571428572,40.27891,-74.17108
Cranford Banking Center Branch,0.0136308,1363.08,68154,15534609.0,45781.42857142857,40.65397,-74.30908
Beardsley & 99th Ave Bnkg Ctr Branch,0.005812599999999999,581.26,29063,15527479.0,23631.428571428572,33.66889,-112.28009
Boughton & James Bnkg Ctr Branch,0.0095894,958.94,47947,15527892.0,33943.142857142855,41.70158,-88.03869
Towne & 131st Banking Center Branch,0.019462999999999998,1946.3,97315,15554372.0,50557.71428571428,39.97694,-86.205
American Fork Banking Center Branch,0.034810799999999996,3481.08,174054,15589311.0,90493.71428571429,40.38837,-111.82775
Second Ave and 28th St,0.0138046,1380.46,69023,15532521.0,44958.57142857143,40.74128,-73.97842
Third Ave & 19th St Bnkg Ctr Branch,0.025500199999999997,2550.02,127501,15531191.0,89419.42857142857,40.73669,-73.98462
Evans & Stone Oak Banking Ctr Branch,0.012792999999999999,1279.3,63965,15531885.0,40591.57142857143,29.63302,-98.4961
Teaneck Banking Center Branch,0.010306599999999999,1030.66,51533,15532159.0,31086.85714285714,40.89104,-74.02759
Colorado & 136th Banking Ctr Branch,0.0085492,854.9200000000001,42746,15531586.0,23909.285714285714,39.94577,-104.94039
Greenlawn & Pulaski Bnkg Ctr Branch,0.01103,1103.0,55150,15526753.0,48222.57142857143,40.86885,-73.34782
Vista Ridge Branch,0.01724,1724.0,86200,15543302.0,60935.71428571428,30.53185,-97.79178
Carefree & 1-17 Banking Ctr Branch,0.0120106,1201.06,60053,15530579.0,38177.28571428572,33.79971,-112.12945
Lamar & 46th Banking Center Branch,0.018768999999999997,1876.9,93845,15556423.0,42527.0,30.31703,-97.73181
Bee Cave & 360 Banking Center Branch,0.011021399999999999,1102.14,55107,15515572.0,36491.71428571428,30.29725,-97.81293
Woodbridge Shopping Center Branch,0.014605,1460.5,73025,15567786.0,29500.85714285714,40.56963,-74.29123
Johns & 10 Mile Banking Ctr Branch,0.0069736,697.36,34868,15528182.0,21136.85714285714,42.4419,-83.66321
Lincoln Mall Banking Center Branch,0.0118614,1186.14,59307,15529520.0,33833.28571428572,41.50614,-87.72357
Culebra & Tezel Banking Ctr Branch,0.0036842,368.42,18421,15526889.0,13510.42857142857,29.48367,-98.66464
Frederick Douglass Boulevard Branch,0.009338599999999999,933.86,46693,15527635.0,30189.14285714286,40.80599,-73.95431
Gattis School Banking Center Branch,0.0027466,274.66,13733,15526948.0,8737.857142857143,30.49674,-97.62168
Loop 1604 & Bulverde Bnkg Ctr Branch,0.0035445999999999997,354.46,17723,15527814.0,12160.42857142857,29.60159,-98.41834
Lincoln & 32nd St Bnkg Center Branch,0.0059384,593.84,29692,15527595.0,19899.571428571428,33.531,-112.01486
Bulverde & Evans Banking Ctr Branch,0.005408,540.8,27040,15525863.0,16934.571428571428,29.64753,-98.42664
Coal Mine & Kipling Banking Center Branch,0.0092698,926.98,46349,15529182.0,27967.0,39.59771,-105.10912
Shea & Monterey Banking Ctr Branch,0.0083438,834.38,41719,15522897.0,32018.714285714286,33.57041,-111.7111
Fm 2222 & Jester Banking Ctr Branch,0.0143334,1433.34,71667,15533453.0,39220.57142857143,30.37166,-97.80338
Westlake Heb Banking Center Branch,0.009136,913.6,45680,15534912.0,26038.14285714286,30.29266,-97.82818
Mccartney & Pinal Banking Ctr Branch,0.0050288,502.88,25144,15527217.0,15891.0,32.93903,-111.75657
South Plainfield Banking Ctr Branch,0.014365399999999999,1436.54,71827,15536124.0,39401.57142857143,40.54737,-74.42827
Mckinney Redbud Banking Ctr Branch,0.0269024,2690.2400000000002,134512,15532874.0,107482.0,33.21669,-96.63108
Troon Banking Center Branch,0.0094748,947.48,47374,15536610.0,30705.571428571428,33.74456,-111.85896
Yonkers Northeast Banking Ctr Branch,0.0097992,979.9200000000001,48996,15527605.0,39119.857142857145,40.97527,-73.83288
Bethel Library Place Bnkg Ctr Branch,0.007370799999999999,737.08,36854,15528269.0,23745.571428571428,41.37748,-73.41736
Cedar Park Banking Center Branch,0.018631599999999998,1863.16,93158,15534234.0,68286.57142857143,30.52329,-97.83108
Pleasant Run & Bluegrove Banking Center Branch,0.0049924,499.24,24962,15527946.0,17495.285714285714,32.60412,-96.78901
Trenton & Mccoll Banking Ctr Branch,0.0094778,947.78,47389,15531573.0,27646.85714285714,26.26589,-98.20191
Quincy & Buckley Banking Ctr Branch,0.0050358,503.58,25179,15527768.0,16047.57142857143,39.63836,-104.79398
Monroe Applegarth Banking Ctr Branch,0.0126432,1264.32,63216,15533024.0,44685.857142857145,40.31784,-74.47172
Renner and North Star Branch,0.0159054,1590.54,79527,15543689.0,41952.142857142855,33.00072,-96.64518
NW Military and 1604 Branch,0.0045778,457.78000000000003,22889,15528089.0,14627.285714285714,29.6003,-98.56359
Main and Mchard Branch,0.003932,393.2,19660,15525071.0,12984.42857142857,29.57278,-95.28607
Combs and Gantzel Branch,0.0072238,722.38,36119,15530051.0,19816.85714285714,33.21989,-111.56418
Maple Coolidge Kroger Branch,0.0046,460.0,23000,15528472.0,13731.714285714286,42.5424,-83.18616
Port Jefferson Village Branch,0.0073098,730.98,36549,15528569.0,37800.28571428572,40.94581,-73.06857
Bandera and Mainland Branch,0.005843,584.3000000000001,29215,15527742.0,20649.14285714286,29.51621,-98.63503
Beltway and Wallisville Branch,0.014350799999999999,1435.08,71754,15531437.0,48888.71428571428,29.8071,-95.16965
Spring Grove Branch,0.0071914,719.14,35957,15531306.0,22882.428571428572,42.43707,-88.24131
Southport and Bluff Branch,0.0069266,692.66,34633,15529303.0,22365.571428571428,39.66389,-86.18445
Barker Cypress and 290 Branch,0.013827599999999999,1382.76,69138,15527847.0,55485.142857142855,29.95782,-95.67963
College Point Branch,0.0279732,2797.32,139866,15543541.0,93045.71428571429,40.78495,-73.8418
Madison Ave and 38th St Branch,0.0667546,6675.46,333773,15593780.0,214884.0,40.75057,-73.98091
Osage Branch,0.0359718,3597.1800000000003,179859,15541423.0,159351.14285714287,41.16487,-73.84746
Centennial Fillmore Bnkg Ctr Branch,0.0084764,847.64,42382,15532236.0,27509.285714285714,38.8788,-104.82427
Skyline & US Highway 89 Banking Center Branch,0.0107158,1071.58,53579,15550459.0,27479.285714285714,41.15191,-111.9362
East Avon Banking Center Branch,0.0062033999999999995,620.34,31017,15528912.0,19594.85714285714,39.76355,-86.40195
Watchung Branch,0.0099214,992.14,49607,15532655.0,36875.0,40.64346,-74.41269
Uptown Whittier Branch,0.0198792,1987.92,99396,15535035.0,86587.28571428571,33.9791,-118.03593
Temple City Camellia Branch,0.045397599999999996,4539.76,226988,15563413.0,164134.14285714287,34.10693,-118.05921
LA Puente Branch,0.028950399999999998,2895.04,144752,15549714.0,107025.85714285714,34.0364,-117.9501
Riviera Branch,0.0474298,4742.9800000000005,237149,15558268.0,175927.0,33.81972,-118.38504
Montrose Branch,0.0392012,3920.12,196006,15553729.0,138265.42857142858,34.20565,-118.22861
Manhattan Beach Blvd Branch,0.0345434,3454.34,172717,15546390.0,138595.42857142858,33.88478,-118.4106
Azusa Branch,0.0378716,3787.16,189358,15545834.0,131724.85714285713,34.12867,-117.88178
Norwalk Branch,0.0271876,2718.76,135938,15525659.0,118488.14285714286,33.90212,-118.08565
North Torrance Branch,0.0387318,3873.1800000000003,193659,15542920.0,165560.7142857143,33.87427,-118.35236
Hawthorne Main Branch,0.0369482,3694.82,184741,15604488.0,107450.85714285714,33.9174,-118.35269
Wilshire Branch,0.0895956,8959.56,447978,15556252.0,347976.85714285716,34.03684,-118.47654
Montclair Plaza Branch,0.0217254,2172.54,108627,15537804.0,88244.14285714286,34.08836,-117.6895
Lancaster Blvd Branch,0.0182092,1820.92,91046,15526506.0,87041.0,34.69752,-118.14475
Edinger Branch,0.0446236,4462.36,223118,15545159.0,182385.14285714287,33.73012,-117.99203
2209 Via Anacapa Branch,0.018391599999999998,1839.16,91958,15536489.0,71387.42857142857,33.77584,-118.41779
Rancho Park Branch,0.054501799999999996,5450.18,272509,15511325.0,200846.0,34.04172,-118.42515
Lakeshore Branch,0.0244202,2442.02,122101,15538758.0,96705.85714285714,37.81035,-122.24522
Vallejo Branch,0.0194562,1945.6200000000001,97281,15525811.0,96396.57142857143,38.1099,-122.24835
Solano Branch,0.043459,4345.9,217295,15541714.0,185317.0,37.8914,-122.27799
San Pablo Ave Branch,0.0214748,2147.48,107374,15536079.0,90624.0,37.93307,-122.32401
El Cerrito Branch,0.0348374,3483.7400000000002,174187,15543649.0,136961.2857142857,37.89998,-122.30222
San Jose Downtown Branch,0.025572599999999997,2557.26,127863,15534599.0,102030.57142857143,37.3358,-121.89134
Mathilda Branch,0.1145452,11454.52,572726,15591847.0,414181.28571428574,37.37313,-122.0355
North Santa Cruz Branch,0.0439202,4392.02,219601,15548363.0,170261.7142857143,37.22933,-121.98063
Santa Clara Valley Fair Branch,0.055458799999999996,5545.88,277294,15564101.0,209617.14285714287,37.32351,-121.94631
Noriega and 19th Branch,0.6815928,68159.28,3407964,15870944.0,1807007.857142857,37.75393,-122.47646
E 14th Street San Leandro Branch,0.0594144,5941.4400000000005,297072,15576519.0,221450.85714285713,37.72269,-122.1528
E 14th Oakland Branch,0.0160426,1604.26,80213,15534349.0,60363.71428571428,37.77706,-122.22445
Market and Kearny Branch,0.059316799999999996,5931.68,296584,15589823.0,214288.2857142857,37.78755,-122.4036
Polk Branch,0.0363254,3632.54,181627,15536583.0,149592.7142857143,37.79076,-122.42073
Irving and 24th Branch,0.0651766,6517.66,325883,15566589.0,230473.85714285713,37.76332,-122.48298
Geary and 21st Ave Branch,0.0521936,5219.36,260968,15542959.0,217843.85714285713,37.78024,-122.48021
Southgate Branch,0.0344666,3446.66,172333,15541326.0,142346.57142857142,37.69833,-122.48088
Woodside Rd Branch,0.0369006,3690.06,184503,15541989.0,155487.42857142858,37.45556,-122.22825
Southland Branch,0.030638799999999997,3063.88,153194,15538219.0,131187.2857142857,37.65309,-122.10436
East Foothills Branch,0.025424,2542.4,127120,15535528.0,98965.0,37.35253,-121.82471
San Bruno Branch,0.0575858,5758.58,287929,15571215.0,216310.57142857142,37.63737,-122.42153
Mendocino Avenue Branch,0.0153198,1531.98,76599,15529423.0,67067.14285714286,38.46253,-122.71795
Sunrise Branch,0.023406399999999997,2340.64,117032,15532569.0,105388.42857142857,38.67136,-121.27162
Stoneridge Mall Rd Branch,0.027038,2703.8,135190,15543936.0,101899.57142857143,37.69394,-121.93144
Cloverdale Branch,0.0086362,863.62,43181,15527954.0,34129.0,38.80511,-123.01716
Arcata Branch,0.013323399999999999,1332.34,66617,15530640.0,58216.57142857143,40.86749,-124.0872
Crescent City Branch,0.0120688,1206.88,60344,15531730.0,51719.42857142857,41.75217,-124.19779
Eureka Branch,0.011679,1167.9,58395,15527542.0,55095.857142857145,40.8033,-124.16627
Fort Bragg Branch,0.0176856,1768.56,88428,15537260.0,69618.57142857143,39.44299,-123.80555
Grass Valley Church Branch,0.016361,1636.1000000000001,81805,15537072.0,62315.857142857145,39.21758,-121.06398
Lakeport Branch,0.0135788,1357.88,67894,15534713.0,60850.71428571428,39.03512,-122.91568
Mount Shasta Branch,0.0085708,857.08,42854,15528718.0,34154.71428571428,41.31042,-122.3172
Redding Main Branch,0.0298616,2986.16,149308,15541965.0,129663.28571428571,40.58581,-122.35436
Ukiah Branch,0.010935199999999999,1093.52,54676,15528058.0,44984.71428571428,39.14573,-123.20687
Willits Branch,0.0096368,963.6800000000001,48184,15527586.0,38815.0,39.40982,-123.35416
Yreka Branch,0.0076748,767.48,38374,15525378.0,35092.71428571428,41.72561,-122.63855
241 W Main Branch,0.0290646,2906.46,145323,15535009.0,127574.85714285714,37.51713,-120.87914
East F Street Branch,0.020135999999999998,2013.6000000000001,100680,15531659.0,87637.71428571429,37.76652,-120.84732
Florin West Branch,0.0204098,2040.98,102049,15533662.0,89282.28571428571,38.49567,-121.50857
Sacramento Broadway Branch,0.021310199999999998,2131.02,106551,15540157.0,80258.57142857143,38.56137,-121.49151
Century Center Branch,0.024180999999999998,2418.1,120905,15538188.0,94907.42857142857,37.67153,-120.94766
Manteca Branch,0.0162474,1624.74,81237,15528829.0,70933.0,37.79913,-121.21745
Highland and Sterling Branch,0.011554799999999999,1155.48,57774,15531256.0,46583.71428571428,34.13593,-117.2427
985 E Vista Way Branch,0.022782399999999998,2278.2400000000002,113912,15540774.0,93341.14285714286,33.21191,-117.22953
82-462 Highway 111 Branch,0.0134556,1345.56,67278,15530883.0,57711.57142857143,33.71491,-116.22572
West Torrance Branch,0.0333694,3336.94,166847,15546510.0,127544.28571428571,33.85823,-118.3617
Banning Branch,0.0112436,1124.3600000000001,56218,15526636.0,55540.42857142857,33.92542,-116.88892
Cook St Branch,0.0143512,1435.1200000000001,71756,15532684.0,61349.142857142855,34.94941,-120.43594
Seal Beach Pch Branch,0.0321252,3212.52,160626,15538375.0,126256.57142857143,33.7447,-118.10297
Laguna Hills Branch,0.048060399999999996,4806.04,240302,15549278.0,193101.7142857143,33.61273,-117.71343
Laurel Canyon Branch,0.0254956,2549.56,127478,15537922.0,100102.57142857143,34.22175,-118.39658
Katella Branch,0.049233,4923.3,246165,15561706.0,189321.85714285713,33.81027,-117.83576
Boyle Heights Branch,0.0115616,1156.16,57808,15532260.0,45459.0,34.04414,-118.21075
551 Newport Center Drive Branch,0.09555,9555.0,477750,15593937.0,343372.0,33.61675,-117.87246
Tustin Branch,0.0746968,7469.68,373484,15578216.0,262004.85714285713,33.74579,-117.81693
Lakewood Branch,0.0421548,4215.4800000000005,210774,15549525.0,178154.14285714287,33.85011,-118.14264
Calimesa Branch,0.018712,1871.2,93560,15536234.0,76964.85714285714,33.99479,-117.05775
Van Nuys Branch,0.0279342,2793.42,139671,15536994.0,119719.14285714286,34.185,-118.44875
Canoga Park Branch,0.020114399999999998,2011.44,100572,15531196.0,84389.57142857143,34.20102,-118.60467
402 South Brand Blvd Branch,0.023264399999999998,2326.44,116322,15537014.0,98321.71428571429,34.28031,-118.44144
University Northridge Branch,0.0270456,2704.56,135228,15543109.0,104093.0,34.23512,-118.53609
23402 W Lyons Ave Branch,0.0209812,2098.12,104906,15539641.0,81969.28571428571,34.3796,-118.54258
Bishop Branch,0.0162856,1628.56,81428,15528509.0,70717.85714285714,37.36402,-118.39524
Balboa Branch,0.031890999999999996,3189.1,159455,15540977.0,121052.14285714286,34.27314,-118.50213
East Palmdale Blvd Branch,0.0211148,2111.48,105574,15532943.0,92923.57142857143,34.57974,-118.09768
Oakhurst Branch,0.015209799999999999,1520.98,76049,15529910.0,67073.57142857143,37.33142,-119.65616
888 West 7th Street Branch,0.865702,86570.2,4328510,15943543.0,2327898.4285714286,34.04904,-118.26028
San Carlos Branch,0.0479632,4796.32,239816,15581473.0,161331.14285714287,37.50314,-122.25716
First Street Burbank Branch,0.0266324,2663.2400000000002,133162,15541525.0,101699.28571428571,34.1799,-118.31026
Alameda South Shore Branch,0.0593716,5937.16,296858,15555435.0,236569.14285714287,37.75807,-122.24927
Shattuck Branch,0.0582414,5824.14,291207,15558234.0,212973.7142857143,37.87026,-122.2681
Dimond Branch,0.0154808,1548.08,77404,15528102.0,66264.14285714286,37.79989,-122.2163
Oakland 20th St Branch,0.0169136,1691.3600000000001,84568,15526800.0,74375.85714285714,37.80848,-122.26605
Sacramento 21st Street Branch,0.0393668,3936.6800000000003,196834,15634814.0,88482.14285714286,38.57301,-121.4801
Sacramento Southgate Branch,0.0212724,2127.2400000000002,106362,15531585.0,88172.14285714286,38.49601,-121.45208
El Camino Real and Los Padres Branch,0.0596204,5962.04,298102,15559107.0,228712.57142857142,37.35228,-121.96224
El Camino and Butano Branch,0.026341,2634.1,131705,15536399.0,122085.85714285714,38.61042,-121.37887
Millbrae Branch,0.054431799999999995,5443.18,272159,15555548.0,199112.0,37.59895,-122.38773
Chorro Branch,0.039423599999999996,3942.36,197118,15543556.0,172727.2857142857,35.27883,-120.66201
Hancock Park Branch,0.0298766,2987.66,149383,15551480.0,103920.14285714286,34.06181,-118.32254
Crenshaw Branch,0.0303248,3032.48,151624,15532143.0,134249.85714285713,34.0034,-118.33174
Hollywood West Branch,0.0491586,4915.86,245793,15549800.0,189499.42857142858,34.09793,-118.367
Mission Hills Branch,0.023757,2375.7000000000003,118785,15536173.0,95231.71428571429,34.25811,-118.46725
Lincoln Blvd Branch,0.041536,4153.6,207680,15520904.0,139616.14285714287,33.99767,-118.46026
Fairfax Branch,0.0389198,3891.98,194599,15540748.0,167413.14285714287,34.07651,-118.36143
Bellflower Branch,0.03301,3301.0,165050,15538912.0,137747.7142857143,33.88189,-118.12526
Topanga Canyon Branch,0.047560399999999996,4756.04,237802,15542934.0,205431.42857142858,34.19044,-118.60597
Ocean Boulevard Branch,0.0255068,2550.68,127534,15536926.0,106030.28571428571,33.76667,-118.18709
Tarzana Branch,0.06913079999999999,6913.08,345654,15562477.0,263626.5714285714,34.17076,-118.54094
Fourth Street Santa Rosa Branch,0.021279,2127.9,106395,15536979.0,88375.0,38.44246,-122.70961
Sonoma Branch,0.020939799999999998,2093.98,104699,15532558.0,83366.85714285714,38.29192,-122.45797
Hamilton Avenue Branch,0.0570848,5708.4800000000005,285424,15561593.0,186603.14285714287,37.44537,-122.16007
Rockridge Branch,0.0539604,5396.04,269802,15564810.0,190426.85714285713,37.83462,-122.25214
State Street Branch,0.048908799999999995,4890.88,244544,15539882.0,183174.2857142857,34.42448,-119.70589
Taft Branch,0.0067117999999999995,671.1800000000001,33559,15527243.0,29400.571428571428,35.14215,-119.45644
Glendale Ave Branch,0.0564202,5642.02,282101,15557205.0,223351.57142857142,34.15327,-118.24383
Long Beach Plaza Branch,0.047977,4797.7,239885,15538214.0,214061.2857142857,33.81042,-118.10902
Palm Springs Branch,0.0337322,3373.2200000000003,168661,15526941.0,158905.85714285713,33.81625,-116.54677
Mission Valley Branch,0.038270399999999996,3827.04,191352,15547875.0,143791.0,32.76865,-117.15397
Belmont Shore Branch,0.050851799999999996,5085.18,254259,15562299.0,186210.14285714287,33.7602,-118.13487
North Hollywood Branch,0.0290244,2902.44,145122,15539797.0,115876.71428571429,34.18698,-118.39647
Malibu Branch,0.0341256,3412.56,170628,15538603.0,122289.57142857143,34.02072,-118.80945
California Street Branch,0.0424902,4249.02,212451,15543155.0,173352.2857142857,37.79301,-122.40116
Pacific View Mall Branch,0.0264748,2647.48,132374,15543175.0,102883.42857142857,34.27298,-119.24797
Clairemont Branch,0.0396828,3968.28,198414,15549856.0,155509.57142857142,32.82016,-117.17832
Pacific Ave and Benjamin Holt Ave Branch,0.023166799999999998,2316.68,115834,15536833.0,94438.57142857143,38.01045,-121.32048
Los Osos Branch,0.0143456,1434.56,71728,15517767.0,66242.28571428571,35.31102,-120.83148
Fashion Park Branch,0.0891998,8919.98,445999,15596743.0,288720.5714285714,34.13148,-118.05555
Midway Drive Branch,0.019527799999999998,1952.78,97639,15532092.0,79761.85714285714,32.75313,-117.21675
San Rafael Branch,0.039689999999999996,3969.0,198450,15536561.0,159382.42857142858,37.9989,-122.53616
West Manchester Avenue Branch,0.013946199999999999,1394.6200000000001,69731,15529404.0,60660.42857142857,33.96001,-118.29297
Diamond Bar Branch,0.0550456,5504.56,275228,15550888.0,212729.7142857143,34.00309,-117.80984
Gellert Blvd Branch,0.0291568,2915.68,145784,15544705.0,108882.71428571429,37.66723,-122.46877
Hemet Plaza Branch,0.024803,2480.3,124015,15531293.0,117320.85714285714,33.74764,-116.95249
Mchenry Avenue Branch,0.0220326,2203.26,110163,15529375.0,100705.14285714286,37.67897,-120.99416
Riverside Ave Branch,0.034508,3450.8,172540,15539907.0,161113.0,33.95555,-117.38803
Ming Ave Branch,0.018724599999999997,1872.46,93623,15528739.0,84823.85714285714,35.33946,-119.04725
Paseo Padre Branch,0.1021286,10212.86,510643,15576310.0,399978.4285714286,37.55209,-121.9785
Century City Branch,0.0263012,2630.12,131506,15535920.0,107970.85714285714,34.06013,-118.41354
East Thousand Oaks Blvd Branch,0.055104999999999994,5510.5,275525,15563160.0,183555.42857142858,34.16192,-118.82487
Brea Branch,0.039057,3905.7000000000003,195285,15556947.0,142270.2857142857,33.91278,-117.88604
Bayfair Branch,0.031543,3154.3,157715,15540062.0,138791.2857142857,37.70251,-122.12715
Ygnacio Valley Branch,0.0281182,2811.82,140591,15539506.0,112584.85714285714,37.95036,-121.95961
Mcbean Parkway Branch,0.035614799999999995,3561.48,178074,15550203.0,141225.14285714287,34.40255,-118.55143
Solana Beach Branch,0.0178162,1781.6200000000001,89081,15537849.0,65071.28571428572,32.99609,-117.26039
Arizona Ave and 4th Street Branch,0.077911,7791.1,389555,15566574.0,279163.85714285716,34.01705,-118.49589
Mission Viejo Branch,0.0259666,2596.66,129833,15542227.0,105824.42857142857,33.63323,-117.64602
Westwood Village Branch,0.0483524,4835.24,241762,15573522.0,164397.57142857142,34.05877,-118.44396
Delta Fair Blvd Branch,0.0121636,1216.3600000000001,60818,15531362.0,49216.142857142855,38.00242,-121.8393
Concord Downtown Branch,0.015636999999999998,1563.7,78185,15531786.0,60720.71428571428,37.97732,-122.03502
Walnut Ave Branch,0.043114599999999996,4311.46,215573,15582927.0,138688.2857142857,33.68954,-117.77118
Santa Cruz Ave Branch,0.045281999999999996,4528.2,226410,15546615.0,185804.42857142858,37.45241,-122.18396
De Anza Blvd Branch,0.0824394,8243.94,412197,15582359.0,303349.5714285714,37.31965,-122.03219
Los Altos Branch,0.0632066,6320.66,316033,15547202.0,247727.2857142857,37.37892,-122.11555
Main Street Salinas Branch,0.0484268,4842.68,242134,15569601.0,183469.42857142858,36.67163,-121.65462
Saratoga Ave Branch,0.0682618,6826.18,341309,15551091.0,259391.7142857143,37.29113,-121.99284
Watsonville Branch,0.0256236,2562.36,128118,15536456.0,106358.57142857143,36.91369,-121.76021
Dublin Blvd Branch,0.030291799999999997,3029.18,151459,15545752.0,113699.42857142857,37.70403,-121.92946
Castro Valley Branch,0.055568799999999995,5556.88,277844,15550751.0,218202.0,37.69547,-122.07579
Mountain Blvd Branch,0.0354316,3543.16,177158,15546116.0,140312.7142857143,37.82653,-122.20938
Morgan Hill Branch,0.037683799999999996,3768.38,188419,15544547.0,142782.14285714287,37.13032,-121.65454
Burlingame Chapin Branch,0.038673599999999995,3867.36,193368,15543492.0,149678.57142857142,37.57794,-122.35027
Vintage Way Branch,0.02341,2341.0,117050,15535743.0,87528.28571428571,38.08657,-122.55225
Country Club Gate Center Branch,0.014985799999999999,1498.58,74929,15532317.0,59233.71428571428,36.60817,-121.92472
Middlefield Road Branch,0.072324,7232.400000000001,361620,15592788.0,227066.2857142857,37.43254,-122.12794
Petaluma Branch,0.0206052,2060.52,103026,15535668.0,75909.85714285714,38.23371,-122.64113
East Alisal Branch,0.0160052,1600.52,80026,15533168.0,62437.0,36.67314,-121.63044
Corte Madera Branch,0.0500882,5008.82,250441,15554790.0,180348.14285714287,37.92624,-122.51805
Hollister Branch,0.0215436,2154.36,107718,15534962.0,80446.57142857143,36.83945,-121.39365
Harden Plaza Branch,0.0321264,3212.64,160632,15540024.0,130498.14285714286,36.71296,-121.65437
Carmel Rancho Branch,0.0221282,2212.82,110641,15561121.0,75323.85714285714,36.54053,-121.90504
Danville Branch,0.048715999999999995,4871.6,243580,15546127.0,202941.0,37.81421,-121.98874
El Camino Real and Walnut Branch,0.0108392,1083.92,54196,15529952.0,44816.857142857145,36.327,-121.24852
King City Branch,0.01283,1283.0,64150,15530288.0,56324.0,36.21136,-121.12916
Montgomery Village Branch,0.022084799999999998,2208.48,110424,15524737.0,91789.42857142857,38.44448,-122.6876
Pleasant Hill Branch,0.0291202,2912.02,145601,15547228.0,108922.71428571429,37.94977,-122.06009
Rohnert Park Branch,0.0232868,2328.68,116434,15549083.0,87856.0,38.34832,-122.7095
Arroyo Grande Branch,0.0317686,3176.86,158843,15539958.0,130946.28571428571,35.1207,-120.60128
Carmichael Branch,0.0161782,1617.82,80891,15524463.0,66951.28571428571,38.62625,-121.32828
Fourth and Hope Branch,0.0243524,2435.2400000000002,121762,15536488.0,93390.0,34.05191,-118.25399
Palm Desert Branch,0.038048399999999996,3804.84,190242,15536150.0,170894.2857142857,33.7217,-116.39608
Canyon Country Branch,0.0312488,3124.88,156244,15545184.0,116963.42857142857,34.42671,-118.42561
Chico Broadway Branch,0.021239599999999997,2123.96,106198,15531044.0,86200.42857142857,39.72957,-121.84111
Clovis Branch,0.016758,1675.8,83790,15530057.0,69044.42857142857,36.80847,-119.68155
Culver City Branch,0.060939999999999994,6094.0,304700,15565343.0,224248.57142857142,34.02199,-118.39697
Desert Hot Springs Branch,0.0087572,875.72,43786,15526798.0,40297.857142857145,33.95372,-116.50131
Sepulveda and Mariposa Branch,0.020181599999999997,2018.16,100908,15537365.0,81094.14285714286,33.92326,-118.39617
First St Branch,0.0171458,1714.58,85729,15525576.0,71190.42857142857,36.83987,-119.77292
Shaw Branch,0.0213518,2135.18,106759,15538050.0,94012.28571428571,36.80841,-119.81675
North Blackstone Branch,0.008541,854.1,42705,15528278.0,37036.71428571428,36.78471,-119.79064
Hacienda Heights Branch,0.1129124,11291.24,564562,15666557.0,299564.14285714284,33.99069,-117.93349
South Torrance Financial Ctr Branch,0.0311398,3113.98,155699,15543889.0,121310.14285714286,33.80869,-118.34832
Bixby Knolls Branch,0.0363514,3635.14,181757,15550952.0,130257.42857142857,33.82935,-118.18507
East Los Angeles Branch,0.0276082,2760.82,138041,15534822.0,120578.85714285714,34.02006,-118.15569
Marysville East St Branch,0.0212206,2122.06,106103,15537335.0,85622.57142857143,39.14321,-121.59105
National City Branch,0.0177984,1779.8400000000001,88992,15529432.0,75030.57142857143,32.67712,-117.09551
Mission Ave Branch,0.021666599999999998,2166.66,108333,15537875.0,93606.71428571429,33.22473,-117.33235
Paramount Branch,0.0218324,2183.2400000000002,109162,15533418.0,89025.57142857143,33.89321,-118.16017
Rancho Cucamonga Branch,0.0341524,3415.2400000000002,170762,15543828.0,134857.0,34.13262,-117.61511
Reedley Branch,0.012109,1210.9,60545,15527308.0,46660.142857142855,36.59739,-119.45183
Plaza D Street Branch,0.0158394,1583.94,79197,15527373.0,69260.14285714286,34.10512,-117.29188
North Park Branch,0.024330599999999997,2433.06,121653,15523289.0,102821.71428571429,32.74906,-117.13016
Ocean Beach Branch,0.023104,2310.4,115520,15532279.0,92751.42857142857,32.74451,-117.24778
Scripps Ranch Branch,0.028529799999999998,2852.98,142649,15542540.0,109936.71428571429,32.90297,-117.09852
Chestnut Street Branch,0.032015,3201.5,160075,15533018.0,124979.42857142857,37.80047,-122.43892
Tulare Branch,0.014100199999999998,1410.02,70501,15531522.0,57580.857142857145,36.22544,-119.33165
Chinatown Grant Branch,0.056936999999999995,5693.7,284685,15556133.0,228249.85714285713,37.79651,-122.40676
Esplanade Branch,0.0147388,1473.88,73694,15531028.0,56259.71428571428,34.23421,-119.17921
Parkway Branch,0.0626504,6265.04,313252,15592482.0,205136.2857142857,34.15564,-118.64404
Lake Worth Lake Ave Branch,0.013225599999999999,1322.56,66128,15529655.0,55059.71428571428,26.61573,-80.05074
Federal Branch,0.0111676,1116.76,55838,15530058.0,46455.57142857143,26.52006,-80.05817
Lantana Downtown Branch,0.0138334,1383.34,69167,15532743.0,56320.857142857145,26.58717,-80.06594
Pga Blvd Branch,0.0294474,2944.7400000000002,147237,15544703.0,103064.42857142857,26.84467,-80.07574
Lake Worth Road Branch,0.015596599999999999,1559.66,77983,15530494.0,66156.14285714286,26.61912,-80.14526
Lake Worth Main Branch,0.0177652,1776.52,88826,15530795.0,78329.71428571429,26.62831,-80.08164
Polo Branch,0.0096382,963.82,48191,15527473.0,40015.0,26.66377,-80.11249
4470 Northlake Boulevard Branch,0.020543799999999997,2054.38,102719,15539877.0,78439.85714285714,26.8088,-80.10585
Entrada Branch,0.0086388,863.88,43194,15528257.0,36769.0,27.32567,-80.32055
Jupiter Branch,0.027719599999999997,2771.96,138598,15546139.0,87283.85714285714,26.95956,-80.08465
Plantation Branch,0.046314999999999995,4631.5,231575,15545384.0,178234.57142857142,26.11711,-80.26287
Boynton Beach Mall Branch,0.0191262,1912.6200000000001,95631,15530847.0,78135.85714285714,26.53332,-80.09068
Pacific Palasades Branch,0.0438564,4385.64,219282,15533652.0,174739.7142857143,34.0463,-118.52449
Okeechobee Branch,0.013554,1355.4,67770,15527581.0,57535.42857142857,26.70804,-80.14773
Vero Beach 12 Street Branch,0.0183744,1837.44,91872,15533228.0,75066.42857142857,27.62362,-80.38929
Stuart Monterrey Branch,0.0195118,1951.18,97559,15528730.0,80323.85714285714,27.17813,-80.23714
Weston Road Branch,0.03863,3863.0,193150,15512344.0,161116.0,26.10694,-80.36316
Deerfield Military Branch,0.0211196,2111.96,105598,15528762.0,82304.14285714286,26.30377,-80.12999
Terra Nova Branch,0.020127,2012.7,100635,15530826.0,89238.71428571429,32.64122,-117.05069
Rancho Penasquitos Branch,0.0354022,3540.2200000000003,177011,15540539.0,129558.85714285714,32.95894,-117.12657
West Kendall Branch,0.019225,1922.5,96125,15531731.0,75457.42857142857,25.62631,-80.41625
Pompano Beach Branch,0.0182656,1826.56,91328,15527022.0,71510.28571428571,26.2319,-80.09994
Florida Mall Branch,0.015177999999999999,1517.8,75890,15527434.0,62267.857142857145,28.45015,-81.40387
Oviedo Branch,0.020536799999999997,2053.68,102684,15536090.0,73295.57142857143,28.64933,-81.20647
Country Club Hialeah Branch,0.021905599999999997,2190.56,109528,15526642.0,95209.42857142857,25.94186,-80.30682
Pinecrest Branch,0.0449122,4491.22,224561,15544441.0,165676.14285714287,25.67471,-80.31965
Seventh Ave and 58st Branch,0.009981799999999999,998.1800000000001,49909,15525764.0,49679.57142857143,25.82892,-80.20834
Tamiami Branch,0.014813,1481.3,74065,15527071.0,71099.28571428571,25.76552,-80.22684
North Miami 7th Ave Branch,0.0125144,1251.44,62572,15529414.0,58299.857142857145,25.89012,-80.21102
Skylake Branch,0.0230076,2300.76,115038,15538771.0,86561.85714285714,25.95826,-80.17964
Miami Lakes Branch,0.022805799999999998,2280.58,114029,15534235.0,91475.14285714286,25.90143,-80.30829
Miramar Branch,0.0101282,1012.82,50641,15524555.0,47609.57142857143,25.98186,-80.22614
Sunny Isles Beach Branch,0.0789638,7896.38,394819,15559391.0,247517.42857142858,25.94041,-80.12145
Laauderdale Lakes Branch,0.009243399999999999,924.34,46217,15528646.0,41209.142857142855,26.16468,-80.21357
Colonial Plaza Branch,0.016439199999999998,1643.92,82196,15531423.0,60741.42857142857,28.55326,-81.35246
Pine Hills Branch,0.0114798,1147.98,57399,15529224.0,48993.857142857145,28.55369,-81.44965
Casselberry Branch,0.010441599999999999,1044.16,52208,15527740.0,44183.42857142857,28.62917,-81.31782
Union Park Branch,0.0121166,1211.66,60583,15530628.0,47691.71428571428,28.56844,-81.25512
Miami Springs Branch,0.0199002,1990.02,99501,15531909.0,80131.14285714286,25.80837,-80.26968
Alton Road Branch,0.07654799999999999,7654.8,382740,15544489.0,253833.7142857143,25.79414,-80.14127
Titusville Branch,0.0122016,1220.16,61008,15532831.0,49391.142857142855,28.58402,-80.80131
Coral Gables Branch,0.0434404,4344.04,217202,15546335.0,170021.42857142858,25.75197,-80.2619
Merritt Island Branch,0.0207438,2074.38,103719,15536355.0,81316.0,28.35726,-80.68666
E. Hillsboro Boulevard Branch,0.023413399999999997,2341.34,117067,15514330.0,99929.14285714286,26.31637,-80.08851
West Timiami Branch,0.022133999999999997,2213.4,110670,15530753.0,90868.0,25.76186,-80.33417
Boca Raton Del Mar Branch,0.0281636,2816.36,140818,15542017.0,106245.57142857143,26.34694,-80.15393
Surfside Branch,0.0336758,3367.58,168379,15543991.0,111003.71428571429,25.88662,-80.12372
Lyons Branch,0.0285348,2853.48,142674,15522192.0,120991.85714285714,26.36801,-80.18609
Tamarac Branch,0.0202888,2028.88,101444,15525243.0,93097.14285714286,26.19885,-80.25232
Wekiva Springs Branch,0.018480399999999998,1848.04,92402,15537893.0,63980.42857142857,28.68255,-81.41895
South Semoran Branch,0.008865999999999999,886.6,44330,15525807.0,39852.28571428572,28.49755,-81.31034
Kendall Palms Branch,0.0238294,2382.94,119147,15531761.0,96108.28571428571,25.70024,-80.40638
Hammocks Branch,0.018344199999999998,1834.42,91721,15536602.0,70141.0,25.67006,-80.44232
Hialeah Branch,0.0323506,3235.06,161753,15538234.0,133836.7142857143,25.86652,-80.31171
California Club Branch,0.014003199999999999,1400.32,70016,15526117.0,58045.142857142855,25.9624,-80.1863
Pembroke Pines Branch,0.024106,2410.6,120530,15527268.0,106246.28571428571,26.01213,-80.31221
Coconut Creek Branch,0.0212084,2120.84,106042,15530120.0,90569.42857142857,26.24465,-80.19067
Mission Bay Boca Raton Branch,0.0314746,3147.46,157373,15540196.0,122744.0,26.37007,-80.20362
Pinewood Branch,0.02403,2403.0,120150,15534044.0,97299.14285714286,26.58953,-80.14643
Spanish River Branch,0.026310399999999998,2631.04,131552,15538611.0,97000.14285714286,26.3849,-80.07657
Boca Raton Town Branch,0.031128199999999998,3112.82,155641,15529714.0,114246.0,26.36675,-80.13648
Dixie Branch,0.0089232,892.32,44616,15528406.0,36277.57142857143,26.64804,-80.05623
Forest Hill West Palm Beach Branch,0.0092216,922.16,46108,15525582.0,40144.142857142855,26.65161,-80.11467
Coral Square Branch,0.0274054,2740.54,137027,15541933.0,103530.42857142857,26.23883,-80.24819
Wiinter Park Downtown Branch,0.011682399999999999,1168.24,58412,15531264.0,43565.42857142857,28.59562,-81.35276
1870 Aloma Branch,0.011252999999999999,1125.3,56265,15524792.0,45219.857142857145,28.60042,-81.32848
Maitland Branch,0.008992199999999999,899.22,44961,15531055.0,34423.57142857143,28.62756,-81.36232
Altamonte Springs Branch,0.01509,1509.0,75450,15528877.0,61047.857142857145,28.66372,-81.37363
West Los Angeles Branch,0.0334008,3340.08,167004,15557902.0,126711.28571428571,34.02643,-118.43117
Anaheim Hills Branch,0.0497926,4979.26,248963,15540369.0,206334.14285714287,33.85226,-117.78594
Camarillo Branch,0.038355799999999995,3835.58,191779,15543284.0,159744.7142857143,34.22351,-119.03809
Barranca Parkway Branch,0.0739794,7397.9400000000005,369897,15586082.0,254397.0,33.68488,-117.80956
Apopka Branch,0.011840999999999999,1184.1000000000001,59205,15532018.0,42881.142857142855,28.67317,-81.51131
Dixie Village 2710 S Orange Ave Bran,0.0114778,1147.78,57389,15525753.0,51746.0,28.51211,-81.37629
Dover Shores Branch,0.0091852,918.52,45926,15524529.0,41897.142857142855,28.52416,-81.33025
Edgewater Drive Branch,0.012063599999999999,1206.3600000000001,60318,15532149.0,44471.57142857143,28.57368,-81.38948
Longwood Plaza Branch,0.011259,1125.9,56295,15532804.0,41754.28571428572,28.69795,-81.36056
Dr Phillips Blvd Branch,0.0677816,6778.16,338908,15592857.0,211854.2857142857,28.45268,-81.48811
Cocoa Branch,0.007167,716.7,35835,15527039.0,31142.0,28.35321,-80.72621
Indian Harbour Beach Branch,0.015017599999999999,1501.76,75088,15536728.0,53064.42857142857,28.15191,-80.58442
5601 Red Bug Lake Rd Branch,0.0238694,2386.94,119347,15546832.0,85633.28571428571,28.64758,-81.27038
Coral Way and 27th Branch,0.044577399999999996,4457.74,222887,15534643.0,182809.7142857143,25.75025,-80.23922
1400 NW 17th Avenue Branch,0.015174799999999999,1517.48,75874,15529620.0,62754.142857142855,25.78809,-80.22305
North Miami 125 St Branch,0.0157376,1573.76,78688,15531813.0,70892.71428571429,25.89047,-80.18034
Biscayne Branch,0.062075599999999995,6207.56,310378,15526742.0,217420.2857142857,25.94447,-80.14769
Se 2nd Street Branch,0.19398559999999998,19398.56,969928,15711220.0,545159.8571428572,25.77253,-80.191
Palmetto Bay Branch,0.0232168,2321.68,116084,15534056.0,85757.0,25.62995,-80.34049
Oakland Park Branch,0.0216224,2162.2400000000002,108112,15537383.0,80040.85714285714,26.16856,-80.11808
Miami Shores Branch,0.0164816,1648.16,82408,15539591.0,62327.142857142855,25.86391,-80.19351
Normandy Isle Branch,0.0190246,1902.46,95123,15529690.0,73045.14285714286,25.85512,-80.12915
Kendale Lakes Branch,0.0324396,3243.96,162198,15533963.0,132427.2857142857,25.6854,-80.41714
Biscayne Boulevard Branch,0.0537756,5377.56,268878,15537203.0,207505.7142857143,25.95575,-80.14675
Miami 199th St Branch,0.010192399999999999,1019.24,50962,15525734.0,46887.28571428572,25.95729,-80.20478
Dania Branch,0.013429799999999999,1342.98,67149,15523712.0,56932.42857142857,26.05235,-80.13952
Congress Ave Branch,0.011342999999999999,1134.3,56715,15525702.0,42990.857142857145,26.72523,-80.08405
Sunset Drive Miami Branch,0.0336504,3365.04,168252,15551293.0,120049.42857142857,25.70215,-80.33549
N University Drive Branch,0.0153034,1530.3400000000001,76517,15524721.0,70024.14285714286,26.16708,-80.25637
International Mall Branch,0.0413728,4137.28,206864,15540662.0,158268.57142857142,25.78342,-80.36626
Emerald Hills Branch,0.0372194,3721.94,186097,15543845.0,121572.28571428571,26.03246,-80.19995
Pasadena Allen Branch,0.028681199999999997,2868.12,143406,15538489.0,112469.85714285714,34.16914,-118.11267
Slauson Branch,0.0179772,1797.72,89886,15533729.0,70797.14285714286,33.9888,-118.09042
West Magnolia Blvd Branch,0.038895599999999995,3889.56,194478,15544802.0,149662.7142857143,34.16832,-118.34565
Altadena Branch,0.020380199999999998,2038.02,101901,15534196.0,82022.28571428571,34.18617,-118.13149
12335 Venice Blvd Branch,0.0351662,3516.62,175831,15527671.0,135037.7142857143,34.00389,-118.43333
Grand and Madison Branch,0.024447999999999998,2444.8,122240,15534051.0,97693.28571428571,33.16172,-117.34781
Boca Raton Downtown Branch,0.0739992,7399.92,369996,15551776.0,315753.5714285714,26.35047,-80.0829
Boynton Military Branch,0.043272,4327.2,216360,15534998.0,188063.57142857142,26.52797,-80.12227
Port St Lucie Rivergate Branch,0.0095242,952.4200000000001,47621,15528798.0,37722.28571428572,27.27153,-80.31576
Crossings Branch,0.018847,1884.7,94235,15534562.0,74580.28571428571,25.66353,-80.40548
College Center Branch,0.0203186,2031.8600000000001,101593,15532476.0,86691.57142857143,32.76246,-117.06691
Pacific Beach Branch,0.035722199999999996,3572.2200000000003,178611,15550521.0,128185.0,32.79743,-117.25154
H Street Branch,0.029672999999999998,2967.3,148365,15539355.0,132452.7142857143,32.63197,-117.0858
Coronado Branch,0.047370999999999996,4737.1,236855,15558011.0,181867.0,32.68497,-117.17967
Imperial Beach Branch,0.036403,3640.3,182015,15539944.0,94235.28571428571,32.58394,-117.11025
Grossmont Branch,0.0259402,2594.02,129701,15538358.0,98122.57142857143,32.77871,-117.00736
San Juan Capistrano Branch,0.0328422,3284.2200000000003,164211,15542456.0,119636.14285714286,33.49849,-117.6625
Spring Valley Branch,0.012888,1288.8,64440,15529961.0,54279.57142857143,32.7079,-117.01113
Campus Branch,0.0678252,6782.52,339126,15596128.0,217911.14285714287,33.64878,-117.83079
Ramona Branch,0.0355392,3553.92,177696,15541886.0,150808.2857142857,33.03783,-116.87618
Seacliff Branch,0.046737799999999996,4673.78,233689,15553423.0,174268.85714285713,33.68233,-118.01264
Alpine Branch,0.0237876,2378.76,118938,15544082.0,83633.14285714286,32.83811,-116.77827
Kensington Branch,0.0201292,2012.92,100646,15531599.0,81321.57142857143,32.76325,-117.1077
West Hills Branch,0.0502668,5026.68,251334,15551211.0,190342.2857142857,34.18667,-118.64272
Del Norte Branch,0.0219812,2198.12,109906,15522972.0,97234.14285714286,33.14231,-117.0951
San Marcos Branch,0.0222862,2228.62,111431,15544470.0,79356.57142857143,33.13135,-117.1647
Bonita Branch,0.0413102,4131.02,206551,15559688.0,157788.14285714287,32.66164,-117.03057
Santee Branch,0.021025199999999997,2102.52,105126,15526368.0,82913.71428571429,32.83916,-116.98833
Mira Mesa Branch,0.0409234,4092.34,204617,15553284.0,157792.57142857142,32.91274,-117.14599
Palcentia Branch,0.030936599999999998,3093.66,154683,15548195.0,119178.14285714286,33.88821,-117.8672
Ojai Branch,0.016482,1648.2,82410,15532547.0,66756.14285714286,34.44189,-119.26293
Carpinteria Branch,0.0173338,1733.38,86669,15532554.0,62905.0,34.39555,-119.51434
Morro Bay Branch,0.017214999999999998,1721.5,86075,15530360.0,77152.71428571429,35.36605,-120.84668
Vista/Melrose Branch,0.026509599999999998,2650.96,132548,15532105.0,108329.57142857143,33.16601,-117.24675
Yorba Linda Branch,0.059066,5906.6,295330,15568497.0,218443.0,33.89106,-117.77863
Fallbrook Branch,0.034825,3482.5,174125,15539021.0,134191.7142857143,33.37297,-117.25354
Santa Margarita Pkwy Branch,0.0311888,3118.88,155944,15552911.0,115310.71428571429,33.65157,-117.64463
Carmel Mountain Ranch Branch,0.0270542,2705.42,135271,15509309.0,100390.85714285714,32.98271,-117.07624
Lakeside Branch,0.019327,1932.7,96635,15537724.0,74290.42857142857,32.85186,-116.93114
Rancho San Diego East Branch,0.041912399999999995,4191.24,209562,15551002.0,163513.42857142858,32.74395,-116.93209
Temecula Office Branch,0.0296148,2961.48,148074,15540148.0,115868.42857142857,33.50474,-117.14588
Agoura Hills Office Branch,0.045915399999999995,4591.54,229577,15577698.0,150558.14285714287,34.15381,-118.7573
Lancaster Office Branch,0.024399399999999998,2439.94,121997,15534092.0,108704.14285714286,34.6748,-118.1509
Rancho Vista Branch,0.0306804,3068.04,153402,15535629.0,114356.85714285714,34.60194,-118.15348
Port Hueneme Office Branch,0.027924599999999997,2792.46,139623,15534684.0,118310.85714285714,34.15553,-119.19489
NW Federal Highway Branch,0.0132286,1322.8600000000001,66143,15531473.0,48332.0,27.24291,-80.27142
Westchester Miami Branch,0.0325986,3259.86,162993,15533698.0,135036.85714285713,25.74756,-80.33606
7106 Fairway Drive Office Branch,0.0236444,2364.44,118222,15544293.0,92497.42857142857,26.83674,-80.1331
Crosstown Branch,0.0127706,1277.06,63853,15530361.0,49977.71428571428,26.72088,-80.11067
Laguna Niguel Office Branch,0.0365654,3656.54,182827,15552438.0,133978.14285714287,33.55435,-117.68471
Towngate Blvd Branch,0.026607199999999998,2660.7200000000003,133036,15536627.0,109315.0,33.93533,-117.26377
Avenue S Branch,0.009776199999999999,977.62,48881,15527182.0,41881.42857142857,34.55814,-118.08428
Challenger Way Branch,0.0081246,812.46,40623,15524952.0,35878.28571428572,34.68814,-118.11269
Sawgrass Branch,0.028800799999999998,2880.08,144004,15547597.0,100847.42857142857,26.14532,-80.31814
Parkland Branch,0.0260402,2604.02,130201,15543067.0,88204.0,26.3099,-80.20205
Las Americas Branch,0.018511,1851.1000000000001,92555,15535831.0,72272.42857142857,25.74536,-80.39022
Havenhurst Branch,0.0493896,4938.96,246948,15553738.0,168221.14285714287,34.15744,-118.49093
Lake Balboa Branch,0.0259906,2599.06,129953,15530929.0,105812.14285714286,34.20839,-118.50772
Sepulveda and LA Tijera Branch,0.0202454,2024.54,101227,15525078.0,73370.14285714286,33.95573,-118.39625
Gateway Center Drive Branch,0.0071204,712.04,35602,15528925.0,28562.85714285714,32.70406,-117.10143
Chatsworth Branch,0.030773599999999998,3077.36,153868,15553214.0,107231.14285714286,34.25872,-118.57976
Alhambra Valley Blvd Branch,0.1280772,12807.720000000001,640386,15597918.0,468399.71428571426,34.07892,-118.11756
Arcadia Branch,0.065241,6524.1,326205,15592787.0,209972.0,34.14004,-118.02875
Beverly Hills Branch,0.0915428,9154.28,457714,15594121.0,333327.5714285714,34.06707,-118.39364
North San Fernando Blvd Branch,0.056981399999999995,5698.14,284907,15551028.0,232027.0,34.1861,-118.31588
Encino Main Branch,0.0663518,6635.18,331759,15580363.0,258998.2857142857,34.16029,-118.5059
Brand Blvd Branch,0.0681888,6818.88,340944,15569887.0,266951.14285714284,34.15568,-118.25499
North Figueroa St Branch,0.0449988,4499.88,224994,15508093.0,210240.42857142858,34.10973,-118.19253
Hollywood Branch,0.045346399999999995,4534.64,226732,15564853.0,161884.14285714287,34.0999,-118.32695
Huntington Park Branch,0.0261096,2610.96,130548,15537041.0,108607.85714285714,33.97451,-118.22522
Del Amo Branch,0.0397314,3973.14,198657,15532112.0,186417.85714285713,33.84779,-118.14261
Montebello Branch,0.041100199999999996,4110.02,205501,15538218.0,176720.57142857142,34.01746,-118.10738
Pasadena Main Branch,0.0829564,8295.64,414782,15592610.0,311888.4285714286,34.14589,-118.13273
Pico Whittier Branch,0.0245318,2453.18,122659,15542671.0,98699.28571428571,34.00039,-118.08156
Pomona Branch,0.0242626,2426.26,121313,15535476.0,104310.0,34.05783,-117.75076
Studio City Branch,0.0940414,9404.14,470207,15583925.0,348182.85714285716,34.1436,-118.39486
Torrance Branch,0.044790199999999995,4479.02,223951,15543618.0,190485.42857142858,33.83642,-118.32018
West Covina Branch,0.0628514,6285.14,314257,15550788.0,255536.42857142858,34.07054,-117.92666
Whittier Branch,0.068345,6834.5,341725,15552887.0,292773.5714285714,33.94493,-117.9947
Harbor and Lincoln Branch,0.020814199999999998,2081.42,104071,15530795.0,94358.28571428571,33.83374,-117.91943
Buena Park Branch,0.067797,6779.7,338985,15553218.0,299399.85714285716,33.84699,-117.99782
Brookhurst and Chapman Branch,0.051176799999999995,5117.68,255884,15551603.0,209354.14285714287,33.78938,-117.95863
LA Mirada Branch,0.057788,5778.8,288940,15560731.0,225081.2857142857,33.89854,-118.00874
Santa Ana Branch,0.027528,2752.8,137640,15534995.0,116787.0,33.75596,-117.86759
Barstow Branch,0.013996199999999999,1399.6200000000001,69981,15532501.0,67288.57142857143,34.89633,-117.00741
Rialto Branch,0.0289612,2896.12,144806,15535221.0,126583.71428571429,34.10675,-117.3699
West Highland Ave Branch,0.0163694,1636.94,81847,15527000.0,79075.28571428571,34.13596,-117.28997
Victorville Branch,0.0213578,2135.78,106789,15546176.0,84493.14285714286,34.48145,-117.29064
Livermore Branch,0.0504494,5044.9400000000005,252247,15555637.0,192908.0,37.68002,-121.76943
East 18th Branch,0.0184458,1844.58,92229,15538620.0,68067.42857142857,37.79985,-122.25216
Willow Glen Branch,0.051972,5197.2,259860,15544042.0,219011.85714285713,37.30336,-121.89687
Junipero Serra Branch,0.0338786,3387.86,169393,15548406.0,129867.28571428571,37.69006,-122.47099
Fremont Branch,0.06052,6052.0,302600,15567402.0,205645.14285714287,37.54903,-121.98887
Broadway and Hamilton Branch,0.0326798,3267.98,163399,15533543.0,126649.57142857143,37.48645,-122.23061
West Portal Branch,0.0627702,6277.02,313851,15544975.0,252403.14285714287,37.73992,-122.46686
Lombard Branch,0.0286964,2869.64,143482,15540323.0,119835.57142857143,37.80092,-122.42439
Grant Avenue Branch,0.0363074,3630.7400000000002,181537,15546102.0,142895.2857142857,38.10912,-122.57784
San Mateo Branch,0.0666718,6667.18,333359,15547534.0,264491.4285714286,37.55171,-122.31369
Main and Newell Branch,0.0650096,6500.96,325048,15558961.0,252165.57142857142,37.89348,-122.05836
Tiburon Branch,0.0215132,2151.32,107566,15540267.0,84352.71428571429,37.876,-122.46013
749 El Camino Real Branch,0.0983052,9830.52,491526,15602369.0,328638.71428571426,37.38546,-122.0835
Mission Bay Drive Branch,0.024548399999999998,2454.84,122742,15537379.0,95548.71428571429,32.80572,-117.21886
Vermont Ave Branch,0.014588199999999999,1458.82,72941,15531924.0,60813.142857142855,33.98985,-118.29148
Stevens Creek Branch,0.0770154,7701.54,385077,15573159.0,272923.4285714286,37.32297,-122.03462
Rolling Hills Estates Branch,0.0569992,5699.92,284996,15534686.0,237525.85714285713,33.7765,-118.37568
Arden Way Branch,0.0265022,2650.2200000000003,132511,15534452.0,114411.85714285714,38.59659,-121.42126
Santa Cruz Branch,0.041214999999999995,4121.5,206075,15546357.0,186030.0,36.97853,-122.02075
Foothill Blvd Branch,0.0299906,2999.06,149953,15529736.0,135341.42857142858,37.67681,-122.08278
Westlake Village Branch,0.024293799999999997,2429.38,121469,15526617.0,117587.71428571429,34.16436,-118.838
El Sereno Branch,0.0178034,1780.3400000000001,89017,15535977.0,69132.28571428571,34.08658,-118.17752
El Toro Branch,0.024124,2412.4,120620,15530246.0,101999.14285714286,33.61604,-117.70616
Madison Ave Branch,0.017370999999999998,1737.1000000000001,86855,15532001.0,71781.28571428571,38.66102,-121.35347
Yuba City Branch,0.018934,1893.4,94670,15533823.0,84468.28571428571,39.14066,-121.6192
Martinez Branch,0.022302199999999998,2230.2200000000003,111511,15532614.0,91233.14285714286,37.99164,-122.13034
Freeport Blvd Branch,0.0225854,2258.54,112927,15536696.0,100230.42857142857,38.53217,-121.49466
Pittsburg Branch,0.009958,995.8000000000001,49790,15528929.0,44227.57142857143,38.01503,-121.89021
Redlands Branch,0.0421124,4211.24,210562,15542728.0,177809.57142857142,34.05737,-117.18313
Betteravia Branch,0.019158599999999998,1915.8600000000001,95793,15546870.0,71967.42857142857,34.92046,-120.43592
Westminster Mall Branch,0.045659599999999995,4565.96,228298,15540291.0,179117.7142857143,33.74463,-118.00813
California Avenue Branch,0.0136218,1362.18,68109,15527356.0,61067.0,35.36745,-119.04738
College Heights Branch,0.014874799999999999,1487.48,74374,15529810.0,64475.57142857143,35.39586,-118.96761
Valencia Main Branch,0.033151599999999996,3315.16,165758,15542889.0,134349.57142857142,34.41301,-118.55496
Tujunga Branch,0.0303772,3037.7200000000003,151886,15543908.0,117260.57142857143,34.24635,-118.27565
Sycamore Branch,0.0452182,4521.82,226091,15539111.0,203406.0,34.27853,-118.74372
Standiford Ave Branch,0.024673,2467.3,123365,15531130.0,104400.0,37.68521,-121.04899
South Victoria Ave Branch,0.028123199999999998,2812.32,140616,15542656.0,112502.71428571429,34.25505,-119.21033
LA Brea Branch,0.028526,2852.6,142630,15547100.0,110726.28571428571,34.07963,-118.34405
Clayton Road Branch,0.013033999999999999,1303.4,65170,15530105.0,54290.857142857145,37.96373,-121.98988
Downey Firestone Branch,0.050303999999999995,5030.400000000001,251520,15550371.0,212294.85714285713,33.93839,-118.13002
Ventura Blvd and Colbath Branch,0.07359879999999999,7359.88,367994,15532301.0,303721.5714285714,34.14822,-118.43258
Rancho Santa Fe Branch,0.014282,1428.2,71410,15520995.0,56830.28571428572,33.01903,-117.20299
Escondido Branch,0.0303804,3038.04,151902,15524862.0,151489.2857142857,33.11969,-117.08692
Westwood Branch,0.047293999999999996,4729.400000000001,236470,15558516.0,167579.42857142858,34.05295,-118.43972
Tustin and Chapman Branch,0.032285999999999995,3228.6,161430,15540330.0,138099.85714285713,33.78994,-117.83573
South Coast Branch,0.0498382,4983.82,249191,15548015.0,184444.14285714287,33.69965,-117.8856
Fullerton Branch,0.012590599999999999,1259.06,62953,15533432.0,49464.142857142855,33.86047,-117.92436
LA Habra Branch,0.0460874,4608.74,230437,15555781.0,172802.42857142858,33.95966,-117.95107
Fashion Fair Branch,0.0149056,1490.56,74528,15537346.0,55170.0,36.80865,-119.77263
Paradise Clark Rd Branch,0.0198594,1985.94,99297,15524995.0,103405.42857142857,39.77795,-121.59043
Pico-Doheny Branch,0.039386399999999995,3938.64,196932,15552461.0,144908.7142857143,34.05526,-118.38967
Berryessa Branch,0.0646294,6462.9400000000005,323147,15581806.0,228697.42857142858,37.3892,-121.85707
Scotts Valley Branch,0.0206294,2062.94,103147,15538337.0,79727.42857142857,37.04699,-122.03053
Almaden Branch,0.0714214,7142.14,357107,15544957.0,294508.28571428574,37.25295,-121.87574
Seal Beach Branch,0.0419256,4192.56,209628,15543034.0,182214.85714285713,33.762,-118.07773
Mission Viejo/Gateway Center Branch,0.0236092,2360.92,118046,15536305.0,89888.85714285714,33.61414,-117.67953
West Hillcrest Drive Branch,0.040253399999999995,4025.34,201267,15557580.0,162329.85714285713,34.1809,-118.88153
El Cajon Branch,0.0229866,2298.66,114933,15536740.0,96689.0,32.80674,-116.97101
Fountain Valley Branch,0.059058799999999995,5905.88,295294,15545229.0,236154.2857142857,33.68726,-117.95415
Mission Viejo/Crown Valley Branch,0.0220308,2203.08,110154,15532036.0,88425.0,33.56242,-117.66883
Sun City Branch,0.0247608,2476.08,123804,15538701.0,105821.85714285714,33.71529,-117.19309
South Pasadena Branch,0.0622114,6221.14,311057,15566086.0,232864.42857142858,34.11068,-118.15048
Yucca Valley Branch,0.0165302,1653.02,82651,15524956.0,77289.42857142857,34.12327,-116.41377
Trancas St Branch,0.0326514,3265.14,163257,15545787.0,116987.0,38.32475,-122.28823
Lovers and Innwood Branch,0.0114384,1143.84,57192,15530226.0,41696.142857142855,32.85111,-96.82195
Coit/Beltline Branch,0.0377806,3778.06,188903,15548687.0,138619.0,32.95144,-96.76881
Fountain View Branch,0.014613399999999999,1461.34,73067,15532291.0,54019.71428571428,29.73796,-95.48398
Broadway Branch,0.0115874,1158.74,57937,15525292.0,57066.71428571428,29.66585,-95.27704
Center St and Pasadena Branch,0.014440199999999999,1444.02,72201,15527349.0,64237.42857142857,29.67891,-95.12321
Alief Branch,0.0295098,2950.98,147549,15539698.0,109915.85714285714,29.704,-95.57083
Little York Branch,0.010808,1080.8,54040,15527922.0,45892.71428571428,29.8701,-95.3853
Cornerstone Branch,0.027413399999999997,2741.34,137067,15528343.0,115729.14285714286,29.99326,-95.48859
Memorial Dairy Branch,0.0278768,2787.68,139384,15541066.0,104491.57142857143,29.7701,-95.60558
Braeswood Branch,0.0205112,2051.12,102556,15534562.0,85243.57142857143,29.67826,-95.47694
South Loop West Branch,0.009623399999999999,962.34,48117,15527119.0,41399.142857142855,29.6771,-95.42531
West Airport Freeway Branch,0.009887,988.7,49435,15526887.0,42405.142857142855,32.83731,-96.96242
LA Canada/Funtridge Branch,0.047983399999999995,4798.34,239917,15534701.0,186909.42857142858,34.20217,-118.19501
Temple City Branch,0.053768199999999995,5376.82,268841,15565279.0,186555.2857142857,34.10368,-118.07402
Capitola Branch,0.026079599999999998,2607.96,130398,15542809.0,101907.57142857143,36.97819,-121.96479
Monterey Park Branch,0.073166,7316.6,365830,15571544.0,261466.2857142857,34.05668,-118.13459
Yucaipa Branch,0.025661399999999997,2566.14,128307,15541586.0,103509.0,34.03385,-117.05583
Laguna Hills/Leisure World Branch,0.0232514,2325.14,116257,15538581.0,95334.0,33.6107,-117.72409
State St and Hope Ave Branch,0.0403068,4030.6800000000003,201534,15557460.0,148539.42857142858,34.44053,-119.74497
Greenbrae Branch,0.0370842,3708.42,185421,15549310.0,133130.42857142858,37.94644,-122.52271
Airport Fwy N Richland Hills Branch,0.0080822,808.22,40411,15530113.0,35023.857142857145,32.83466,-97.19938
Town & Country Branch,0.032289,3228.9,161445,15542933.0,118320.14285714286,29.77199,-95.55898
Baybrook Square Branch,0.0119262,1192.6200000000001,59631,15528202.0,51351.857142857145,29.53882,-95.14555
Deerbrook Branch,0.016675799999999998,1667.58,83379,15533363.0,67790.57142857143,30.00851,-95.28847
Monrovia Branch,0.0296458,2964.58,148229,15542360.0,112133.28571428571,34.1513,-118.00112
Hesperia Branch,0.020741,2074.1,103705,15532800.0,88946.42857142857,34.41893,-117.28425
San Marino Branch,0.061347,6134.7,306735,15554007.0,228006.7142857143,34.12201,-118.10536
Alicia Parkway Branch,0.0397752,3977.52,198876,15543682.0,160410.42857142858,33.52448,-117.71378
Camden Branch,0.030490999999999997,3049.1,152455,15535589.0,123669.71428571429,37.26161,-121.92116
Coddingtown Branch,0.016065,1606.5,80325,15535543.0,55673.857142857145,38.45847,-122.73338
South Park Victoria Dr Branch,0.0324208,3242.08,162104,15548260.0,115997.85714285714,37.41914,-121.87598
Winchester Branch,0.029469799999999997,2946.98,147349,15540550.0,110242.14285714286,37.2938,-121.94995
San Ramon Branch,0.0448628,4486.28,224314,15553564.0,165672.7142857143,37.74933,-121.96099
Oak Grove Branch,0.0359724,3597.2400000000002,179862,15552208.0,137248.2857142857,37.92984,-122.01695
Bennett Valley Branch,0.012715599999999999,1271.56,63578,15530343.0,50291.42857142857,38.42762,-122.66821
San Lorenzo Branch,0.0161294,1612.94,80647,15530836.0,68322.42857142857,37.67177,-122.12199
Wilshire Center Branch,0.049371,4937.1,246855,15551067.0,199048.85714285713,34.06175,-118.30747
Upland Branch,0.0420764,4207.64,210382,15545845.0,163509.57142857142,34.10706,-117.65183
Clement Street Branch,0.0347136,3471.36,173568,15535604.0,144908.57142857142,37.78305,-122.46243
Corona Hills Branch,0.030813999999999998,3081.4,154070,15539323.0,120709.85714285714,33.88797,-117.5194
Marina Del Rey Branch,0.0438954,4389.54,219477,15548190.0,157468.85714285713,33.98046,-118.44036
Inglewood Branch,0.015104999999999999,1510.5,75525,15530775.0,57884.42857142857,33.94535,-118.33313
Larchmont Village Branch,0.0351808,3518.08,175904,15545307.0,130028.57142857143,34.07316,-118.32363
Baker Street Branch,0.0265504,2655.04,132752,15541655.0,95095.14285714286,33.68007,-117.91801
Ventura Woodland Hills Branch,0.0318108,3181.08,159054,15552275.0,111215.71428571429,34.16851,-118.60616
Pasadena East Branch,0.0171734,1717.3400000000001,85867,15523981.0,80683.28571428571,34.14603,-118.0952
Marsh and Spring Valley Branch,0.0143728,1437.28,71864,15530434.0,53066.42857142857,32.93821,-96.85574
West Parker and Independance Branch,0.0210798,2107.98,105399,15539828.0,76384.71428571429,33.04112,-96.7528
Escondido South Branch,0.0205796,2057.96,102898,15543698.0,74907.85714285714,33.10439,-117.07339
Anaheim Plaza Branch,0.0133488,1334.88,66744,15529627.0,53803.57142857143,33.83927,-117.94158
Westminster/Beach Branch,0.0371516,3715.16,185758,15552059.0,128006.28571428571,33.75897,-117.98975
Cerritos Branch,0.0534336,5343.36,267168,15581333.0,189380.42857142858,33.85874,-118.05005
Lake Elsinore Branch,0.0196302,1963.02,98151,15536517.0,75470.28571428571,33.65613,-117.41648
El Cajon East Branch,0.019473999999999998,1947.4,97370,15538175.0,74637.57142857143,32.81453,-116.91699
Telegraph Canyon Branch,0.01857,1857.0,92850,15536887.0,80692.57142857143,32.62874,-117.04182
Baldwin Park Branch,0.024267999999999998,2426.8,121340,15538903.0,95462.42857142857,34.08707,-117.95835
Vineland Branch,0.0149146,1491.46,74573,15532226.0,58288.57142857143,34.21678,-118.37027
Main St and Ellis Ave Branch,0.0230426,2304.26,115213,15534429.0,90796.71428571429,33.68617,-117.98884
Tweedy Blvd Branch,0.0232104,2321.04,116052,15538732.0,91022.85714285714,33.94324,-118.1968
Bell-Maywood Branch,0.0202356,2023.56,101178,15536671.0,82345.14285714286,33.97813,-118.18806
LA Mesa Branch,0.022224999999999998,2222.5,111125,15535076.0,93969.42857142857,32.76561,-117.02067
Claremont Branch,0.034823799999999995,3482.38,174119,15540257.0,138282.7142857143,34.09771,-117.71931
Sierra Madre Branch,0.028142,2814.2000000000003,140710,15542867.0,102900.28571428571,34.16191,-118.05339
San Clemente North Branch,0.0361832,3618.32,180916,15545687.0,141278.2857142857,33.45888,-117.65118
San Diego Hillcrest Branch,0.031714599999999996,3171.46,158573,15539640.0,131485.2857142857,32.74727,-117.16042
City Heights Branch,0.011741399999999999,1174.14,58707,15534514.0,43127.142857142855,32.74789,-117.09994
LA Jolla Downtown Branch,0.0418486,4184.86,209243,15552051.0,159782.57142857142,32.84483,-117.27393
Rosencrans Branch,0.015618199999999999,1561.82,78091,15524616.0,64411.142857142855,32.72899,-117.22549
College Grove Branch,0.0187546,1875.46,93773,15528252.0,87563.42857142857,32.74414,-117.0534
El Camino Real and Marron Branch,0.030126,3012.6,150630,15545580.0,118485.85714285714,33.17823,-117.32656
University City Branch,0.0427892,4278.92,213946,15542333.0,175965.57142857142,32.85444,-117.20162
Tierrasanta Branch,0.022314,2231.4,111570,15541808.0,83134.28571428571,32.82324,-117.10237
Encinitas Branch,0.0555818,5558.18,277909,15550118.0,222008.7142857143,33.04624,-117.25941
Del Mar Branch,0.0387832,3878.32,193916,15562387.0,136091.0,32.98106,-117.24763
Sanger Branch,0.0079046,790.46,39523,15529121.0,31427.0,36.70745,-119.55895
Visalia Branch,0.0156032,1560.32,78016,15534542.0,59778.142857142855,36.3061,-119.31388
Los Alamitos Branch,0.030191,3019.1,150955,15539952.0,116731.28571428571,33.80303,-118.07152
Poway Branch,0.019099599999999998,1909.96,95498,15542013.0,66314.14285714286,32.95187,-117.06327
Jurupa Valley Branch,0.018324399999999998,1832.44,91622,15533470.0,74213.28571428571,33.97844,-117.4534
LA Costa Branch,0.0231296,2312.96,115648,15539823.0,97062.14285714286,33.10279,-117.26675
Fox Hills Branch,0.0235198,2351.98,117599,15538019.0,101054.42857142857,33.98895,-118.39527
College Bridge Branch,0.015411399999999999,1541.14,77057,15534426.0,60300.71428571428,33.24292,-117.28979
Hwy 6 and Williams Trace Branch,0.027101,2710.1,135505,15548541.0,89644.42857142857,29.61888,-95.60763
Frankford Crossing Branch,0.0113612,1136.1200000000001,56806,15530577.0,42758.857142857145,32.99768,-96.82763
Chino Hills Branch,0.034265,3426.5,171325,15549375.0,123113.14285714286,33.98271,-117.71291
San Clemento Branch,0.030864799999999998,3086.48,154324,15542235.0,116122.28571428571,33.43059,-117.62024
Bakersfield Main Branch,0.023357799999999998,2335.78,116789,15530434.0,104819.71428571429,35.37429,-119.01911
Delano Branch,0.0111862,1118.6200000000001,55931,15528992.0,42631.142857142855,35.76854,-119.24553
Ventura Marina Branch,0.0210576,2105.76,105288,15545012.0,75017.42857142857,34.2631,-119.26732
Bernardo Center Branch,0.0679724,6797.24,339862,15574092.0,248927.7142857143,33.02084,-117.07464
Oceanside Branch,0.010262799999999999,1026.28,51314,15527744.0,47718.28571428572,33.19737,-117.37704
Palomar Airport Branch,0.0235782,2357.82,117891,15533358.0,82384.14285714286,33.12563,-117.27496
Ynez Road Branch,0.033235,3323.5,166175,15548808.0,119789.57142857143,33.52338,-117.15903
Murrieta Branch,0.0343,3430.0,171500,15539049.0,127944.0,33.57246,-117.2036
Saticoy Branch,0.0119698,1196.98,59849,15526507.0,53113.857142857145,34.29208,-119.15838
Hanford Branch,0.01145,1145.0,57250,15531760.0,43209.857142857145,36.3292,-119.64594
Auburn Branch,0.0248472,2484.7200000000003,124236,15534283.0,103314.57142857143,38.93715,-121.09508
Oroville Branch,0.0196112,1961.1200000000001,98056,15535107.0,87110.28571428571,39.50492,-121.54916
Los Banos Branch,0.015319,1531.9,76595,15533019.0,64565.71428571428,37.05918,-120.84962
Madera Branch,0.012176999999999999,1217.7,60885,15528898.0,49345.42857142857,36.96291,-120.05818
Davis Branch,0.0459532,4595.32,229766,15575528.0,147898.0,38.5455,-121.74168
Lighthouse Branch,0.0204346,2043.46,102173,15532887.0,90048.14285714286,36.62086,-121.91745
North Merced Branch,0.0205544,2055.44,102772,15530827.0,85755.71428571429,37.31842,-120.4619
Grass Valley Branch,0.03136,3136.0,156800,15526522.0,131149.57142857142,39.18235,-121.00894
Placerville Branch,0.0142034,1420.34,71017,15533160.0,61882.28571428572,38.71213,-120.84091
Tracy Branch,0.0203672,2036.72,101836,15531884.0,84284.28571428571,37.73972,-121.43575
Elk Grove Branch,0.023645,2364.5,118225,15535912.0,86821.57142857143,38.40902,-121.37987
Gold River Branch,0.026122,2612.2000000000003,130610,15541742.0,101140.28571428571,38.62294,-121.26561
Woodland Branch,0.011814199999999999,1181.42,59071,15528004.0,50680.0,38.66281,-121.76436
White Lane Branch,0.0120568,1205.68,60284,15528485.0,49873.57142857143,35.31773,-119.02619
Northchester Branch,0.0138946,1389.46,69473,15525158.0,66345.0,35.42786,-119.02096
Rosedale Branch,0.0272108,2721.08,136054,15534783.0,111860.0,,
Rosemont Branch,0.013408199999999999,1340.82,67041,15529079.0,56367.42857142857,38.54738,-121.35752
Park West Branch,0.022594799999999998,2259.48,112974,15533920.0,99379.42857142857,32.73193,-117.16024
Kearny Mesa Branch,0.0191776,1917.76,95888,15534729.0,76737.28571428571,32.83186,-117.12666
Mission Gorge Branch,0.0258668,2586.68,129334,15547143.0,96835.71428571429,32.78569,-117.09774
San Carlos Branch,0.047785799999999996,4778.58,238929,15537025.0,202980.42857142858,32.80295,-117.00703
Antelope Branch,0.0125746,1257.46,62873,15530520.0,49595.857142857145,38.71447,-121.36968
Fair Oaks Branch,0.0150496,1504.96,75248,15531438.0,59239.57142857143,38.664,-121.22652
Ventura Road and Doris Branch,0.0164914,1649.14,82457,15528870.0,75256.28571428571,34.21082,-119.19451
Taraval Street and 19th Branch,0.030633999999999998,3063.4,153170,15543550.0,117730.71428571429,37.74304,-122.47629
Mission Street Branch,0.0208508,2085.08,104254,15533125.0,85882.42857142857,37.7503,-122.41826
Noe Valley Branch,0.030958,3095.8,154790,15548947.0,114320.57142857143,37.75145,-122.43162
Market and 8th Branch,0.024909399999999998,2490.94,124547,15545767.0,90030.28571428571,37.77857,-122.41495
Main Street and Division Branch,0.033025599999999995,3302.56,165128,15545422.0,117650.42857142857,37.6614,-121.87536
Blossom Hill Rd Branch,0.0224312,2243.12,112156,15534498.0,89819.71428571429,37.25144,-121.82862
Sepulveda Manhattan Beach Branch,0.0376246,3762.46,188123,15550716.0,145589.42857142858,33.87332,-118.39573
Brentwood 26th St Branch,0.0588768,5887.68,294384,15558376.0,218200.42857142858,34.04769,-118.49111
East Grand Avenue Branch,0.0264674,2646.7400000000002,132337,15528501.0,98541.14285714286,33.91904,-118.41519
Garden Grove Valley View St Branch,0.0269324,2693.2400000000002,134662,15537393.0,107903.0,33.78011,-118.03148
Gilroy Branch,0.030950599999999998,3095.06,154753,15554793.0,115122.14285714286,37.01356,-121.59329
Marina Branch,0.021748999999999998,2174.9,108745,15533946.0,87675.14285714286,36.68567,-121.79579
Carmel Valley Branch,0.016649999999999998,1665.0,83250,15530322.0,64804.71428571428,36.52258,-121.80837
Sixth Street Branch,0.0153444,1534.44,76722,15526817.0,68538.14285714286,36.55565,-121.92182
Ninth and Hill Branch,0.0253192,2531.92,126596,15552079.0,84334.85714285714,34.04321,-118.25691
Panorama City Branch,0.0376716,3767.16,188358,15559942.0,145787.7142857143,34.22425,-118.44863
South Pacific Ave and 10th Branch,0.039881,3988.1,199405,15531323.0,181890.42857142858,33.7348,-118.28794
Citrus & Workman Bking Ctr Branch,0.030126,3012.6,150630,15540635.0,111658.42857142857,34.07527,-117.88686
South Soto Street Branch,0.016125399999999998,1612.54,80627,15529802.0,63077.57142857143,34.02522,-118.21976
Golden Springs Branch,0.0345616,3456.16,172808,15519886.0,142404.42857142858,34.01918,-117.80845
San Gabriel Branch,0.061016799999999996,6101.68,305084,15601822.0,204263.85714285713,34.10268,-118.10048
Hilltop Mall Road Branch,0.0247992,2479.92,123996,15535548.0,106739.14285714286,37.97944,-122.32469
Tice Valley Boulevard Branch,0.0271118,2711.18,135559,15532927.0,123314.28571428571,37.87721,-122.07309
Los Feliz Branch,0.063164,6316.400000000001,315820,15558271.0,245323.85714285713,34.10002,-118.29177
Pico and Roxbury Branch,0.042072,4207.2,210360,15535193.0,164269.7142857143,34.05374,-118.40284
El Monte Branch,0.028852799999999998,2885.28,144264,15538559.0,111192.14285714286,34.07383,-118.0352
Fullerton Downtown Branch,0.030108799999999998,3010.88,150544,15542298.0,117318.71428571429,33.8817,-117.92463
Park Labrea Branch,0.039792799999999996,3979.28,198964,15550408.0,152479.2857142857,34.07047,-118.3539
Devonshire Street Branch,0.025703,2570.3,128515,15534733.0,107670.42857142857,34.25728,-118.53863
Downey Paramount Branch,0.025522399999999997,2552.2400000000002,127612,15539776.0,91412.85714285714,33.95324,-118.13026
5291 Mission Oaks Branch,0.0259904,2599.04,129952,15537622.0,104811.85714285714,34.19371,-119.00713
Universal Branch,0.045132,4513.2,225660,15542376.0,169386.85714285713,34.1521,-118.36689
Reseda Branch,0.0213892,2138.92,106946,15532532.0,93587.0,34.18665,-118.55427
San Dimas Branch,0.0273038,2730.38,136519,15531777.0,101412.14285714286,34.07272,-117.83047
East Glendora Branch,0.034871599999999996,3487.16,174358,15548936.0,132846.57142857142,34.12853,-117.82853
Chatsworth Street Branch,0.0443674,4436.74,221837,15552797.0,172781.42857142858,34.26491,-118.52378
Aptos Branch,0.0220934,2209.34,110467,15538156.0,80959.85714285714,36.97835,-121.90709
Torrance Del Amo Branch,0.07301679999999999,7301.68,365084,15629748.0,247476.85714285713,33.83173,-118.35254
Winnetka Woodland Hills Branch,0.0221002,2210.02,110501,15529685.0,88309.0,34.17129,-118.56989
Foothill Ranch Branch,0.025171,2517.1,125855,15540610.0,96157.71428571429,33.67832,-117.66241
Portola Valley Branch,0.0308598,3085.98,154299,15562040.0,110389.85714285714,37.40121,-122.19261
Watts Branch,0.0097222,972.22,48611,15532259.0,35855.28571428572,33.94407,-118.24629
Northridge Plaza Branch,0.070598,7059.8,352990,15699759.0,186209.85714285713,34.24274,-118.55911
Niblick Road Branch,0.0242658,2426.58,121329,15541370.0,84296.85714285714,35.61501,-120.68309
Cooper City Branch,0.0328524,3285.2400000000002,164262,15533819.0,117573.57142857143,26.0487,-80.31296
Linton and Federal Hwy Branch,0.0206322,2063.2200000000003,103161,15540653.0,66957.71428571429,26.44644,-80.06796
Melbourne Square Branch,0.0163834,1638.3400000000001,81917,15529165.0,63544.857142857145,28.07895,-80.65283
Cutler Ridge Branch,0.021066599999999998,2106.66,105333,15530054.0,74235.28571428571,25.57814,-80.36663
Greenacres City Branch,0.0190718,1907.18,95359,15530680.0,81780.28571428571,26.65109,-80.14855
Clermont Branch,0.015144399999999999,1514.44,75722,15534982.0,52960.71428571428,28.56497,-81.7416
Royal Palm Beach Branch,0.0189236,1892.3600000000001,94618,15533741.0,69689.0,26.70831,-80.22903
Wellington Branch,0.026299399999999997,2629.94,131497,15535964.0,97450.0,26.6602,-80.26756
Hillcroft Fiesta Branch,0.0089026,890.26,44513,15527838.0,32292.571428571428,29.70555,-95.49192
Chico East Branch,0.0178982,1789.82,89491,15534202.0,67851.42857142857,39.76087,-121.84441
Laguna Branch,0.020449,2044.9,102245,15535855.0,81631.0,38.42353,-121.41477
Dickson Hill Branch,0.013204599999999999,1320.46,66023,15532659.0,47549.57142857143,38.2907,-122.03303
Folsom Branch,0.0160376,1603.76,80188,15537494.0,64187.42857142857,38.67088,-121.16827
Hemet Branch,0.025463799999999998,2546.38,127319,15527121.0,112938.28571428571,33.74778,-117.0155
LA Crescenta Branch,0.026849599999999998,2684.96,134248,15538846.0,103103.28571428571,34.22674,-118.24411
Monterey Branch,0.033500999999999996,3350.1,167505,15541587.0,137827.42857142858,36.60098,-121.89395
Soscol Avenue Branch,0.0099102,991.02,49551,15529648.0,35921.857142857145,38.28458,-122.27471
North Coral Springs Branch,0.0269044,2690.44,134522,15552615.0,87607.57142857143,26.28735,-80.2685
Fort Lauderdale Downtown Branch,0.0194406,1944.06,97203,15539766.0,64582.71428571428,26.12244,-80.13531
Red Road Branch,0.0184188,1841.88,92094,15539857.0,67149.57142857143,25.86672,-80.29152
Crown Centre Plaza Branch,0.0121624,1216.24,60812,15532792.0,41265.42857142857,28.91509,-81.29392
Center Point Energy Branch,0.022394,2239.4,111970,15527870.0,99752.85714285714,29.75744,-95.36839
Memorial City Branch,0.014897599999999999,1489.76,74488,15528952.0,60983.28571428572,29.77909,-95.54574
Oak Forest and W43rd St Branch,0.0223818,2238.18,111909,15532523.0,97292.0,29.82819,-95.43417
Uptown Park Branch,0.043938,4393.8,219690,15541355.0,154981.7142857143,29.75027,-95.46252
South Gessner and 59s Branch,0.0168208,1682.08,84104,15528578.0,75093.14285714286,29.69022,-95.53437
Voss Woodway Branch,0.022712,2271.2000000000003,113560,15534778.0,93819.71428571429,29.75303,-95.50107
Memorial Branch,0.018612999999999998,1861.3,93065,15529143.0,76600.0,29.77261,-95.57422
Meyerland Branch,0.0250682,2506.82,125341,15527437.0,112703.71428571429,29.68751,-95.45854
Greens Road Branch,0.008844,884.4,44220,15522896.0,36666.28571428572,29.94893,-95.42117
Fondren Road and Bellport Branch,0.006735199999999999,673.52,33676,15526320.0,30147.571428571428,29.65717,-95.50859
Grogans Mill Branch,0.020081599999999998,2008.16,100408,15528985.0,76261.42857142857,30.1426,-95.46931
Little Road and I 20 Branch,0.0102942,1029.42,51471,15527334.0,40862.142857142855,32.67448,-97.19939
Highway 6 and Longenbaugh Branch,0.017591799999999998,1759.18,87959,15535003.0,71342.42857142857,29.89063,-95.64162
Gold Dome Branch,0.0284446,2844.46,142223,15528123.0,124075.57142857143,29.73065,-95.42605
El Camino Real Branch,0.0236296,2362.96,118148,15534505.0,98695.0,29.55445,-95.12003
Sagemont Branch,0.0181536,1815.3600000000001,90768,15535830.0,67953.71428571429,29.58613,-95.21217
Meadow Central Branch,0.0100238,1002.38,50119,15526648.0,45750.71428571428,32.89036,-96.76997
Redbird Branch,0.0036325999999999997,363.26,18163,15527279.0,13804.714285714286,32.66236,-96.87808
Castle Hills Branch,0.0058324,583.24,29162,15527365.0,26473.571428571428,29.54364,-98.52887
North Josey and Rosemeade Branch,0.0131902,1319.02,65951,15528645.0,52779.28571428572,33.0106,-96.88677
Brown Trail Branch,0.0186318,1863.18,93159,15522675.0,75370.42857142857,32.85325,-97.15992
Preston Forest Branch,0.020745,2074.5,103725,15533543.0,81477.71428571429,32.90671,-96.80423
West 12th Street and S Admas Branch,0.010206999999999999,1020.7,51035,15528874.0,41288.142857142855,32.74126,-96.83057
Ferndale and Northwest Highway Branch,0.0109646,1096.46,54823,15530198.0,46307.142857142855,32.86501,-96.71062
Prestonwood Branch,0.017929999999999998,1793.0,89650,15521742.0,61299.57142857143,32.98345,-96.80373
Kingwood Towne Center Branch,0.035126,3512.6,175630,15533570.0,130507.71428571429,30.04978,-95.18489
1600 N. Plano Rd Branch,0.0099078,990.78,49539,15528280.0,40048.28571428572,32.96808,-96.69969
Central and East 15th St Branch,0.008983399999999999,898.34,44917,15531648.0,31023.571428571428,33.01978,-96.70815
Cross Timbers and Morriss Branch,0.0163692,1636.92,81846,15531097.0,59533.42857142857,33.0344,-97.06262
North Beach Branch,0.010063599999999999,1006.36,50318,15530386.0,35696.42857142857,32.86122,-97.28989
South Carrier Pkwy and I 20 Branch,0.011342399999999999,1134.24,56712,15533141.0,40728.71428571428,32.67714,-97.00698
Montrose Boulevard Branch,0.0226512,2265.12,113256,15533705.0,80503.57142857143,29.73431,-95.39113
River Oaks Branch,0.0270586,2705.86,135293,15536362.0,92548.85714285714,29.75311,-95.40453
Valley Ranch Branch,0.0218122,2181.2200000000003,109061,15541962.0,68884.71428571429,32.92328,-96.95615
South Mason Road Branch,0.029937799999999997,2993.78,149689,15538853.0,108003.85714285714,29.75901,-95.75143
Aliso Branch,0.0423512,4235.12,211756,15554585.0,143947.42857142858,33.57452,-117.7235
Lone Tree Branch,0.014388399999999999,1438.84,71942,15528988.0,63188.71428571428,37.96757,-121.78487
Fairfield Branch,0.0166046,1660.46,83023,15533121.0,62862.0,38.21646,-122.14465
Scripps Poway Branch,0.0297172,2971.7200000000003,148586,15544729.0,106912.57142857143,32.93725,-117.10112
Vacaville Branch,0.013041599999999999,1304.16,65208,15532043.0,51813.71428571428,38.36198,-121.96343
Eighty Sixth St and 19th Branch,0.047397999999999996,4739.8,236990,15542580.0,206800.85714285713,40.60596,-74.00039
Flatbush Branch,0.056409999999999995,5641.0,282050,15559405.0,209922.0,40.62481,-73.96481
Walt Whitman Branch,0.0434088,4340.88,217044,15595976.0,152535.57142857142,40.82528,-73.41217
Miller Place Branch,0.0233846,2338.46,116923,15538747.0,97129.14285714286,40.94163,-72.9887
New City Branch,0.0171214,1712.14,85607,15524166.0,86225.57142857143,41.14384,-73.99008
Huntington Square Mall Branch,0.0340382,3403.82,170191,15536962.0,142869.42857142858,40.84018,-73.31469
Fulton and Bond St Branch,0.0419244,4192.4400000000005,209622,15541571.0,192574.85714285713,40.69006,-73.98312
Franklin Gate Branch,0.027795999999999998,2779.6,138980,15532331.0,132258.57142857142,40.69059,-73.68511
Sunrise Mall Branch,0.0218164,2181.64,109082,15530204.0,107644.28571428571,40.6806,-73.43187
Kings Highway Branch,0.023042999999999998,2304.3,115215,15532687.0,93545.71428571429,40.60907,-73.95769
Fifth Ave and 54th Branch,0.0302814,3028.14,151407,15538222.0,123897.57142857143,40.64326,-74.01214
Thirteenth Ave and 48th St Branch,0.0681122,6811.22,340561,15573299.0,235985.2857142857,40.63604,-73.99117
Old Country Rd and Cherry Ln Branch,0.0192758,1927.58,96379,15530043.0,83908.28571428571,40.74504,-73.60482
Hylan Plaza Branch,0.020119599999999998,2011.96,100598,15525078.0,100382.42857142857,40.56785,-74.11221
Grand St and Graham Branch,0.0241592,2415.92,120796,15531653.0,93267.57142857143,40.7116,-73.94383
Liberty Ave and Drew St Branch,0.029802,2980.2000000000003,149010,15538542.0,117030.57142857143,40.67901,-73.86349
Ralph Ave and Ave N Branch,0.043593,4359.3,217965,15538786.0,183270.42857142858,40.61953,-73.91719
Broadway Hewlett Branch,0.0656988,6569.88,328494,15545919.0,239599.0,40.63938,-73.7005
Carnegie Hill Branch,0.0224414,2244.14,112207,15534498.0,80285.85714285714,40.7833,-73.95479
North Village Ave and Randall Branch,0.0199302,1993.02,99651,15530410.0,85754.28571428571,40.66059,-73.64817
Upper Broadway Branch,0.0444196,4441.96,222098,15554351.0,162500.14285714287,40.79076,-73.97442
Richmond Avenue Branch,0.0273238,2732.38,136619,15544323.0,97502.28571428571,40.57647,-74.16956
Staten Island Mall Branch,0.0289956,2899.56,144978,15535637.0,126700.57142857143,40.58091,-74.16908
Greenlawn Branch,0.0201218,2012.18,100609,15527544.0,96310.42857142857,40.86827,-73.36477
Selden Branch,0.0146466,1464.66,73233,15527224.0,63421.42857142857,40.86779,-73.02613
Merrick Rd and Millang Branch,0.0214406,2144.06,107203,15534889.0,91055.0,40.65713,-73.5479
Sunrise Hwy and Grand Branch,0.010903999999999999,1090.4,54520,15525255.0,49825.28571428572,40.65624,-73.61111
Queens Blvd and 63rd Ave Branch,0.0172374,1723.74,86187,15534623.0,62030.57142857143,40.72639,-73.86148
River Rd and Tower Dr Branch,0.030903399999999998,3090.34,154517,15532415.0,97837.85714285714,40.82737,-73.9733
Hackettstown Branch,0.014300799999999999,1430.08,71504,15531247.0,56398.28571428572,40.84228,-74.82401
Sparta Branch,0.027497599999999997,2749.76,137488,15537237.0,108124.85714285714,41.03682,-74.63806
Bayonne 30th St Branch,0.016283199999999998,1628.32,81416,15532001.0,67565.14285714286,40.66929,-74.11368
Morris Plains Branch,0.0425028,4250.28,212514,15537862.0,136255.7142857143,40.82691,-74.47974
Nutley Center St Branch,0.030014799999999998,3001.48,150074,15549727.0,120754.71428571429,40.8143,-74.16077
Somerset Easton Ave Branch,0.0211638,2116.38,105819,15534041.0,86968.85714285714,40.51317,-74.4861
Deal Branch,0.0157716,1577.16,78858,15528633.0,57167.71428571428,40.23986,-74.00514
Old Bridge Branch,0.0271478,2714.78,135739,15527102.0,113619.14285714286,40.40097,-74.31197
Avenel Branch,0.022549,2254.9,112745,15538140.0,95737.85714285714,40.58445,-74.29272
Piscataway Branch,0.0174014,1740.14,87007,15531333.0,67608.85714285714,40.56727,-74.45653
Spotswood Englishtown Rd Branch,0.014535999999999999,1453.6000000000001,72680,15528930.0,63393.142857142855,40.37446,-74.38876
Wayne Valley Road Branch,0.047788399999999995,4778.84,238942,15546270.0,206520.2857142857,40.95918,-74.22589
Route 4 Elmwood Park Branch,0.0135126,1351.26,67563,15525006.0,67468.85714285714,40.91895,-74.12552
Brighton East Branch,0.0365484,3654.84,182742,15536497.0,154925.85714285713,40.57792,-73.95945
Nostrand Branch,0.021659599999999998,2165.96,108298,15528131.0,96704.71428571429,40.65055,-73.94962
Graham Ave and Broadway Branch,0.019592599999999998,1959.26,97963,15530018.0,83987.57142857143,40.70126,-73.94216
Marlboro Branch,0.038381,3838.1,191905,15544523.0,155276.85714285713,40.59026,-73.97232
Sunnyside Branch,0.0389708,3897.08,194854,15529426.0,169236.85714285713,40.74296,-73.91828
Woodbury Rd and W Gate Branch,0.053355,5335.5,266775,15555445.0,218545.0,40.78346,-73.50219
Maspeth Branch,0.014894999999999999,1489.5,74475,15526895.0,65425.142857142855,40.72681,-73.89396
Canal St and Baxter Branch,0.0550858,5508.58,275429,15568383.0,180093.14285714287,40.71747,-73.99908
Bay Ridge Branch,0.09219279999999999,9219.28,460964,15551744.0,402626.71428571426,40.63007,-74.02232
Park Avenue Branch,0.0262036,2620.36,131018,15543703.0,94974.0,40.76336,-73.96961
Stadium Branch,0.035239599999999996,3523.96,176198,15655978.0,63549.0,40.82777,-73.92498
Green Acres West Branch,0.059409399999999994,5940.9400000000005,297047,15542869.0,278062.0,40.662,-73.70273
Canarsie Branch,0.0206914,2069.14,103457,15533442.0,87983.85714285714,40.63871,-73.89524
Greenwich Village Branch,0.029245399999999998,2924.54,146227,15540824.0,106824.71428571429,40.73182,-74.0008
187-15 Union Turnpike Branch,0.033476599999999995,3347.66,167383,15590452.0,95282.28571428571,40.72916,-73.78148
Paterson Branch,0.008565399999999999,856.54,42827,15526600.0,38881.28571428572,40.89056,-74.15534
Ramsey North Spruce Branch,0.0094856,948.5600000000001,47428,15529861.0,33210.42857142857,41.0582,-74.14027
Woodland Park Branch,0.0162566,1625.66,81283,15528645.0,68490.85714285714,40.89324,-74.20535
Haledon Branch,0.017806,1780.6000000000001,89030,15528678.0,77352.85714285714,40.93752,-74.18164
Totowa Union Blvd Branch,0.0083356,833.5600000000001,41678,15519692.0,40672.28571428572,40.90778,-74.20614
Haworth Branch,0.009481,948.1,47405,15528022.0,37429.42857142857,40.95847,-73.98949
Fairview Branch,0.0059575999999999995,595.76,29788,15525707.0,25621.14285714286,40.81632,-74.00224
Holbrook Branch,0.016977199999999998,1697.72,84886,15536546.0,63387.57142857143,40.80849,-73.07554
Sayville Branch,0.031014,3101.4,155070,15535824.0,112514.71428571429,40.73512,-73.08408
Bayport Branch,0.0206842,2068.42,103421,15529680.0,88306.42857142857,40.74885,-73.04638
Yaphank Branch,0.010671199999999999,1067.1200000000001,53356,15529299.0,45131.857142857145,40.83784,-72.92418
Three Village Branch,0.018838,1883.8,94190,15536758.0,68257.42857142857,40.93536,-73.11077
Port Jefferson Branch,0.012638799999999999,1263.88,63194,15529971.0,53380.857142857145,40.93797,-73.05417
Massapequa Branch,0.0196602,1966.02,98301,15530974.0,94256.42857142857,40.67532,-73.47639
Bellmore Ave and Peach Branch,0.0258286,2582.86,129143,15535787.0,112623.57142857143,40.70522,-73.56841
Copiague Branch,0.027838599999999998,2783.86,139193,15576595.0,90427.14285714286,40.66888,-73.39339
Hempstead Tpke and Randal Branch,0.013169199999999999,1316.92,65846,15528271.0,59811.28571428572,40.72563,-73.47916
Shirley William Floyd Plaza Branch,0.0125416,1254.16,62708,15532001.0,52453.0,40.78061,-72.86508
Hempstead Branch,0.012641399999999999,1264.14,63207,15532627.0,48783.57142857143,40.70716,-73.62683
New Hyde Park Branch,0.024987799999999998,2498.78,124939,15527756.0,104206.71428571429,40.74091,-73.69743
Lindenhurst Branch,0.018750199999999998,1875.02,93751,15529602.0,59383.71428571428,40.70138,-73.38452
Riverhead Branch,0.00928,928.0,46400,15530891.0,38397.71428571428,40.93491,-72.66513
Islandia Branch,0.009883,988.3000000000001,49415,15522384.0,42630.0,40.81213,-73.18877
South Bristol Street Branch,0.0075287999999999996,752.88,37644,15531408.0,23710.571428571428,33.71456,-117.88527
First and Broadway Branch,0.027259199999999997,2725.92,136296,15535543.0,105822.85714285714,32.71563,-117.16426
Whitney Ranch Branch,0.0092332,923.32,46166,15528673.0,39162.42857142857,36.06648,-115.04627
Buffalo Branch,0.0112316,1123.16,56158,15530430.0,42295.71428571428,36.11703,-115.26106
Boulder Hwy and Lake Mead Branch,0.011283999999999999,1128.4,56420,15529996.0,36132.71428571428,36.0424,-114.97797
Maryland and Sahara Branch,0.0096662,966.62,48331,15532202.0,35049.28571428572,36.14204,-115.13701
Hialeah Branch,0.0157946,1579.46,78973,15534561.0,53767.0,25.89519,-80.35098
Tropicana and Eastern Branch,0.009801599999999999,980.16,49008,15529223.0,43076.28571428572,36.0999,-115.11936
South Shores Center Branch,0.016632,1663.2,83160,15530245.0,63447.857142857145,36.1989,-115.28062
Royal Oaks Miami Lakes Branch,0.0227086,2270.86,113543,15532160.0,86169.85714285714,25.91365,-80.32805
Sweetwater Branch,0.0267756,2677.56,133878,15540752.0,84399.14285714286,29.58721,-95.63299
Kendall Park Plaza Branch,0.012728999999999999,1272.9,63645,15529240.0,48007.857142857145,25.68421,-80.45539
Lithia Springs Village @ Westfork Br,0.005834,583.4,29170,15525558.0,20124.85714285714,33.78868,-84.62126
Haynes Bridge and Old Alabama Branch,0.0107428,1074.28,53714,15527360.0,36334.857142857145,34.02138,-84.26863
Atlanta - Buckhead Branch,0.0378492,3784.92,189246,15536247.0,106072.28571428571,33.84665,-84.37284
Midtown Piedmont Ave Branch,0.021997,2199.7000000000003,109985,15550717.0,61120.142857142855,33.77356,-84.37645
Roswell - Mansell - Branch,0.011286,1128.6000000000001,56430,15541036.0,28607.0,34.04283,-84.33303
Lilburn - Beaver Ruin Village Branch,0.0059916,599.16,29958,15530360.0,19318.571428571428,33.90335,-84.12064
Avondale Westwind Plaza Branch,0.011467399999999999,1146.74,57337,15543531.0,24889.571428571428,33.49364,-112.28819
Avondale Palmilla Center Branch,0.0078814,788.14,39407,15529789.0,28816.285714285714,33.46139,-112.34087
Glendale 59th and Beardsley Branch,0.009267599999999999,926.76,46338,15530080.0,34044.857142857145,33.66929,-112.18659
Glendale Sierra Branch,0.008325599999999999,832.5600000000001,41628,15529294.0,29486.285714285714,33.68198,-112.20395
Horizon Branch,0.0105902,1059.02,52951,15532761.0,38003.28571428572,33.62139,-111.87526
Guadalupe and Mcclintock Branch,0.0172458,1724.58,86229,15534070.0,49192.857142857145,33.36376,-111.91069
Fontana Branch,0.015279599999999999,1527.96,76398,15536707.0,57324.42857142857,34.12152,-117.4881
Lodi Branch,0.0145218,1452.18,72609,15536284.0,54083.142857142855,38.11558,-121.30504
Newbury Park Branch,0.0221268,2212.68,110634,15530230.0,83448.57142857143,34.14145,-118.97898
Rocklin Branch,0.0175074,1750.74,87537,15536482.0,62314.28571428572,38.80376,-121.27222
Wekiva Branch,0.0097126,971.26,48563,15532743.0,35012.57142857143,28.67303,-81.47072
Cocoa Commons Branch,0.0061354,613.54,30677,15529090.0,24557.714285714286,28.39684,-80.76519
Homestead Branch,0.0094968,949.6800000000001,47484,15531191.0,36129.857142857145,26.01071,-80.14219
Buenaventura Lakes Branch,0.013064399999999999,1306.44,65322,15532774.0,47394.28571428572,28.34612,-81.36283
Bird Road Branch,0.0173518,1735.18,86759,15523555.0,64439.0,25.72778,-80.43972
Doral Isles Branch,0.040166799999999996,4016.6800000000003,200834,15531086.0,159578.42857142858,25.82616,-80.37189
Deerwood Branch,0.009622799999999999,962.28,48114,15528840.0,33409.0,25.62709,-80.38936
Post Commons Branch,0.0173664,1736.64,86832,15534235.0,58665.0,28.17401,-80.67209
Commercial & Dixie Branch,0.010308999999999999,1030.9,51545,15527399.0,39664.57142857143,26.18995,-80.13341
Ocoee Branch,0.0117912,1179.1200000000001,58956,15526253.0,50745.857142857145,28.5738,-81.51562
North Orange Blossom Branch,0.0051178,511.78000000000003,25589,15529823.0,17493.571428571428,28.60785,-81.42433
Waterford Lakes Branch,0.024711,2471.1,123555,15540664.0,84850.71428571429,28.55723,-81.20698
Bayside Lakes Branch,0.0069001999999999996,690.02,34501,15529957.0,24211.571428571428,27.95058,-80.65665
Silver Lakes Branch,0.026498599999999997,2649.86,132493,15539942.0,94530.0,26.00779,-80.39453
Rockledge Branch,0.010973,1097.3,54865,15529866.0,37753.42857142857,28.29532,-80.72336
Acworth Commons Branch,0.007279399999999999,727.94,36397,15518580.0,28287.285714285714,34.0353,-84.67994
Arvada Plaza Branch,0.008966199999999999,896.62,44831,15532685.0,31396.285714285714,39.80192,-105.10647
Denver Villa Monac0 Branch,0.0045128,451.28000000000003,22564,15526902.0,15632.0,39.6763,-104.91295
Deerfield Square Branch,0.0146418,1464.18,73209,15534296.0,47566.57142857143,34.09288,-84.27742
Riverstone Plaza Branch,0.0062442,624.42,31221,15527195.0,21710.571428571428,34.25231,-84.4715
Rockdale Square Branch,0.0057678,576.78,28839,15529150.0,18961.285714285714,33.63669,-84.01431
Sharon Greens Branch,0.0093172,931.72,46586,15529258.0,33996.28571428572,34.1226,-84.17149
Hairston Crossing Branch,0.0049368,493.68,24684,15526468.0,16318.42857142857,33.73017,-84.1948
North Decatur Corners Branch,0.0069216,692.16,34608,15528649.0,24221.428571428572,33.79377,-84.27576
Chapel Hill Commons Branch,0.00346,346.0,17300,15526368.0,12251.857142857143,33.67949,-84.23085
Cosby Station Branch,0.0052574,525.74,26287,15525931.0,20573.14285714286,33.71652,-84.76601
Hiram Pavilion Branch,0.0048584,485.84000000000003,24292,15527799.0,18107.428571428572,33.88733,-84.74245
Hurricane Shoals Branch,0.0063368,633.6800000000001,31684,15525156.0,25165.571428571428,33.97351,-83.99347
Mcdonough Place Branch,0.0066159999999999995,661.6,33080,15531346.0,20125.571428571428,33.45396,-84.16822
Indian Trail Branch,0.0051134,511.34000000000003,25567,15525784.0,17704.428571428572,33.91502,-84.16351
Peachtree Square Branch,0.0061414,614.14,30707,15529346.0,19622.285714285714,33.94923,-84.23218
Sailors Road Branch,0.0034822,348.22,17411,15524979.0,13056.142857142857,33.86304,-84.67564
Merchants Square Branch,0.00546,546.0,27300,15527079.0,20516.714285714286,33.55915,-84.41401
Roswell Corner Branch,0.0089114,891.14,44557,15527499.0,31565.0,34.06175,-84.39942
Highland Station Branch,0.012025,1202.5,60125,15536986.0,35949.142857142855,33.84453,-84.5019
Horizon Marketplace Branch,0.0179696,1796.96,89848,15530791.0,71038.42857142857,35.9988,-115.10396
Pebble Marketplace Branch,0.014854599999999999,1485.46,74273,15532915.0,54409.0,36.02813,-115.08603
Paseo Verde Branch,0.0117202,1172.02,58601,15527255.0,46318.142857142855,36.02469,-115.06229
Sunset and Green Valley Branch,0.013731799999999999,1373.18,68659,15530132.0,58769.42857142857,36.07094,-115.08174
Silverado Ranch Branch,0.022100599999999998,2210.06,110503,15539881.0,73942.85714285714,36.01132,-115.13671
Sunrise Marketplace Branch,0.013950599999999999,1395.06,69753,15526232.0,54330.71428571428,36.16881,-115.06195
Northshore Plaza Branch,0.009680399999999999,968.04,48402,15528886.0,39845.142857142855,36.2186,-115.27428
Boca Park Branch,0.0161194,1611.94,80597,15533720.0,53385.71428571428,36.16306,-115.29113
Hualapai Commons Branch,0.0287966,2879.66,143983,15558485.0,94166.28571428571,36.15884,-115.31311
Fort Apache Branch,0.021844199999999998,2184.42,109221,15523834.0,79139.42857142857,36.14432,-115.29736
Mission Paseo Branch,0.0165532,1655.32,82766,15528482.0,60107.28571428572,36.14259,-115.24308
Craig Ranch Branch,0.0108734,1087.34,54367,15532891.0,40423.28571428572,36.23938,-115.17164
El Dorado Village Branch,0.0080818,808.1800000000001,40409,15528172.0,29725.571428571428,36.26069,-115.15584
45th & Lexington Branch,0.0204798,2047.98,102399,15543609.0,63809.71428571428,40.75379,-73.97442
57th & First Avenue Branch,0.0196082,1960.82,98041,15535503.0,72582.14285714286,40.75859,-73.96375
37th & Seventh Branch,0.0466308,4663.08,233154,15580229.0,121886.28571428571,40.75262,-73.98946
31st and Park Avenue Branch,0.014158599999999999,1415.8600000000001,70793,15519601.0,50803.142857142855,40.74521,-73.98286
Broadway & Chambrs Branch,0.023065,2306.5,115325,15532217.0,82502.71428571429,40.71402,-74.00653
40th and Lexington Branch,0.023360799999999998,2336.08,116804,15555496.0,68026.57142857143,40.75016,-73.97691
Preston and Rolater Branch,0.0080076,800.76,40038,15530344.0,27998.285714285714,33.14218,-96.80456
Eldridge Town Center Branch,0.0198592,1985.92,99296,15532266.0,51221.857142857145,29.92264,-95.60317
Keller Branch,0.0226806,2268.06,113403,15548699.0,73597.28571428571,32.93422,-97.22993
Hardin and El Dorado Branch,0.013328399999999999,1332.84,66642,15530308.0,41967.142857142855,33.16787,-96.66611
Valley Creek Branch,0.0090412,904.12,45206,15532730.0,30639.285714285714,32.74746,-96.60707
Pearland Parkway Branch,0.0138122,1381.22,69061,15535216.0,46962.42857142857,29.55574,-95.26305
Watauga Branch,0.0113562,1135.6200000000001,56781,15530477.0,42128.857142857145,32.8945,-97.25867
Peyton Drive Branch,0.027400599999999997,2740.06,137003,15553381.0,91750.0,34.01611,-117.74569
South Kissimmee Branch,0.0094292,942.9200000000001,47146,15530698.0,33739.57142857143,28.26176,-81.43445
Marietta - Piedmont Commons Branch,0.0102568,1025.68,51284,15529603.0,35999.57142857143,33.97822,-84.4798
Roosevelt and 82nd St Branch,0.0139694,1396.94,69847,15534874.0,48862.42857142857,40.74924,-73.8843
Snellville - Killian Hill Branch,0.00652,652.0,32600,15527443.0,23002.285714285714,33.83675,-84.07128
112th & Broadway Branch,0.027891,2789.1,139455,15557011.0,76307.28571428571,40.80537,-73.96604
Third Ave Adn 69th St Branch,0.0185182,1851.82,92591,15538051.0,62207.71428571428,40.76819,-73.96162
Corona - 99th Street Branch,0.009024599999999999,902.46,45123,15531008.0,29242.85714285714,40.73771,-73.85973
Steinway St and 30th Ave Branch,0.012163799999999999,1216.38,60819,15533040.0,41052.0,40.76504,-73.91414
Pleasant Plains-Bedell Branch,0.0126936,1269.3600000000001,63468,15533330.0,49570.71428571428,40.52198,-74.21682
Gilbert - Dana Park Village Branch,0.014417399999999999,1441.74,72087,15552003.0,39109.28571428572,33.3801,-111.75405
Sylmar Branch,0.0151074,1510.74,75537,15535807.0,54437.857142857145,34.30932,-118.43281
Janss and Moorpark Branch,0.025824399999999997,2582.44,129122,15539801.0,95322.85714285714,34.20039,-118.86816
Miami - Brickell Bay Branch,0.0238436,2384.36,119218,15528386.0,84992.42857142857,25.76631,-80.19498
Hazlet Branch,0.021376199999999998,2137.62,106881,15531831.0,78144.71428571429,40.41799,-74.17744
Atlanta - Skye Mill Road Branch,0.0048243999999999995,482.44,24122,15528844.0,14949.285714285714,33.85553,-84.31256
Carson Branch,0.0193378,1933.78,96689,15542462.0,70814.14285714286,33.80784,-118.27536
Lawrenceville - Sugarloaf Branch,0.0053473999999999995,534.74,26737,15529617.0,17654.285714285714,33.92131,-84.01652
Morris Plains - Route 10 Branch,0.011207199999999999,1120.72,56036,15528173.0,37844.0,40.84515,-74.48322
Centennial Crossroads Branch,0.0148624,1486.24,74312,15530170.0,57158.42857142857,36.27955,-115.26493
Castaic Village Branch,0.0075372,753.72,37686,15528297.0,30878.14285714286,34.49701,-118.62283
Foster City Branch,0.031597,3159.7000000000003,157985,15546195.0,109049.85714285714,37.5558,-122.27546
Buckingham Village Branch,0.012466399999999999,1246.64,62332,15535908.0,40454.0,39.68688,-104.86595
Chicago - Clybourn Square Branch,0.0130134,1301.34,65067,15539792.0,38537.0,41.93091,-87.6766
Belleville Franklin Street Branch,0.0088798,887.98,44399,15529162.0,33273.857142857145,40.79128,-74.17112
Folsom - Broadstone Branch,0.020939799999999998,2093.98,104699,15537814.0,79418.85714285714,38.65518,-121.12375
Tropicana Marketplace Branch,0.0156268,1562.68,78134,15529368.0,56777.142857142855,36.09995,-115.22546
Fort Collins - Mulberry & Lemay Brh,0.0107356,1073.56,53678,15530504.0,31965.714285714286,40.58432,-105.05514
Greenway and Tatum Branch,0.007047599999999999,704.76,35238,15524685.0,28497.285714285714,33.62598,-111.97867
Willow Station Branch,0.0163618,1636.18,81809,15538311.0,55707.857142857145,36.81687,-119.72711
Imperial Valley Branch,0.029656799999999997,2965.68,148284,15542998.0,80248.57142857143,32.75589,-115.60226
Grand Grove Harbor Branch,0.0252492,2524.92,126246,15536997.0,97699.28571428571,33.77691,-117.91549
East 2nd and Ash Branch,0.005552,555.2,27760,15524945.0,24499.714285714286,46.25473,-119.90043
Pullman Branch,0.0163446,1634.46,81723,15545154.0,54840.0,46.73052,-117.18096
Renton Branch,0.0182002,1820.02,91001,15533407.0,77392.28571428571,47.48138,-122.20911
Pacific Place Branch,0.023379999999999998,2338.0,116900,15556194.0,83053.57142857143,47.61223,-122.33543
Martin Luther King Branch,0.016381,1638.1000000000001,81905,15526346.0,74352.71428571429,47.54252,-122.26903
University Branch,0.034060799999999995,3406.08,170304,15553448.0,120091.42857142857,47.65984,-122.31416
Aurora Village Branch,0.022940199999999997,2294.02,114701,15530700.0,95764.14285714286,47.77785,-122.34358
West Seattle Branch,0.023802,2380.2000000000003,119010,15541143.0,104748.85714285714,47.56287,-122.38687
Ballard Branch,0.0347204,3472.04,173602,15552760.0,130349.0,47.66879,-122.38486
White Center Branch,0.0100012,1000.12,50006,15529154.0,46685.57142857143,47.51377,-122.3554
Yakima Branch,0.012807599999999999,1280.76,64038,15532078.0,57422.71428571428,46.60266,-120.50442
A Street and Main Branch,0.0153058,1530.58,76529,15538040.0,57915.42857142857,47.3072,-122.22854
Olympia Branch,0.0116776,1167.76,58388,15533458.0,49143.142857142855,47.04088,-122.90109
Federal Way Branch,0.0234328,2343.28,117164,15536338.0,92286.71428571429,47.31509,-122.31319
Triangle Center Branch,0.0136374,1363.74,68187,15544904.0,49817.0,46.14393,-122.92905
Broadway Seattle Branch,0.027822999999999997,2782.3,139115,15541480.0,111613.71428571429,47.6211,-122.32098
Northgate Branch,0.032223999999999996,3222.4,161120,15548269.0,129517.28571428571,47.70864,-122.32303
Tacoma Narrows Branch,0.0094552,945.52,47276,15528321.0,44704.0,47.25545,-122.52507
Totem Lake Branch,0.0252344,2523.44,126172,15542606.0,100973.28571428571,47.71168,-122.17882
Grays Harbor Branch,0.004359,435.90000000000003,21795,15525379.0,22201.14285714286,46.97496,-123.81878
Wedgwood Branch,0.0202982,2029.82,101491,15536155.0,85124.14285714286,47.68407,-122.29042
Chehalis Branch,0.010555799999999999,1055.58,52779,15528321.0,46039.57142857143,46.65752,-122.95842
Crown Hill Branch,0.020834,2083.4,104170,15539192.0,82777.28571428571,47.69113,-122.37691
Magnolia Branch,0.025772399999999997,2577.2400000000002,128862,15530595.0,105378.71428571429,47.64019,-122.40088
Overlake Park Branch,0.04877,4877.0,243850,15572163.0,162130.2857142857,47.59266,-122.13193
West Yakima Branch,0.009740799999999999,974.08,48704,15528539.0,43221.0,46.60002,-120.58199
Richland Branch,0.01049,1049.0,52450,15528681.0,43593.71428571428,46.27509,-119.27529
Cheney Branch,0.0052548,525.48,26274,15527199.0,22623.85714285714,47.48172,-117.58373
Ephrata Branch,0.0090402,904.02,45201,15526825.0,36827.42857142857,47.32028,-119.55033
Fifth and Union Branch,0.020647199999999997,2064.7200000000003,103236,15530806.0,86528.85714285714,47.60971,-122.33478
Northwest Boulevard Branch,0.0056862,568.62,28431,15528387.0,26097.714285714286,47.6834,-117.44512
Manito Branch,0.013498399999999999,1349.84,67492,15531508.0,59322.142857142855,47.62811,-117.40171
Hawks Prairie Branch,0.009953,995.3000000000001,49765,15530303.0,38262.71428571428,47.0566,-122.76537
East Vancouver Branch,0.0240966,2409.66,120483,15536076.0,94374.57142857143,45.61898,-122.53654
Northpointe Plaza Branch,0.0107084,1070.84,53542,15529665.0,45840.0,47.76545,-117.38915
Burlington Branch,0.0060344,603.44,30172,15527908.0,23163.428571428572,48.46748,-122.33569
Pine Lake Branch,0.0222628,2226.28,111314,15543090.0,84429.57142857143,47.58214,-122.03419
Canyon Park Branch,0.0183636,1836.3600000000001,91818,15541467.0,67569.14285714286,47.79007,-122.21789
Harbour Pointe Branch,0.0237398,2373.98,118699,15549428.0,80907.14285714286,47.88946,-122.28652
Gig Harbor Branch,0.0267886,2678.86,133943,15538785.0,100253.71428571429,47.30326,-122.57936
Lacey Branch,0.013623399999999999,1362.34,68117,15538561.0,49987.142857142855,47.04007,-122.83365
Smokey Point Branch,0.010185999999999999,1018.6,50930,15531225.0,41549.857142857145,48.15235,-122.17975
State Avenue Branch,0.018240799999999998,1824.08,91204,15531313.0,69576.28571428571,48.06634,-122.17682
Snohomish Branch,0.012627399999999999,1262.74,63137,15535317.0,49103.857142857145,47.91286,-122.09356
Everett Mall Way Branch,0.009942999999999999,994.3000000000001,49715,15529774.0,43581.0,47.90685,-122.23183
Arlington Branch,0.0093142,931.4200000000001,46571,15531207.0,37659.57142857143,48.19741,-122.12639
Redmond Branch,0.036281,3628.1,181405,15544130.0,130019.85714285714,47.67519,-122.12161
Freeland Branch,0.0099892,998.9200000000001,49946,15530623.0,40026.71428571428,48.00925,-122.53058
Factoria Branch,0.0374264,3742.64,187132,15559205.0,135484.0,47.57532,-122.16959
Everett Branch,0.0111522,1115.22,55761,15529773.0,49803.857142857145,47.98287,-122.20863
Mill Creek Branch,0.0239758,2397.58,119879,15542074.0,91391.57142857143,47.84937,-122.22026
Highway 2 Branch,0.0120182,1201.82,60091,15530298.0,46656.857142857145,47.86143,-121.97951
Sammamish Highlands Branch,0.0172554,1725.54,86277,15535552.0,65733.71428571429,47.61659,-122.0343
Cordata Branch,0.0109902,1099.02,54951,15527629.0,50540.142857142855,48.80133,-122.425
Puyallup Branch,0.015062599999999999,1506.26,75313,15536883.0,58828.42857142857,47.15633,-122.29299
Orchards Park Financial Branch,0.008432199999999999,843.22,42161,15529799.0,32524.0,45.67685,-122.55256
North Puyallup Financial Ctr Branch,0.00819,819.0,40950,15528582.0,33557.71428571428,47.20097,-122.29443
Sullivan Road Branch,0.00758,758.0,37900,15527259.0,31026.571428571428,47.63552,-117.19596
Totem Hill Branch,0.010026,1002.6,50130,15532327.0,37772.0,47.70966,-122.18447
Fisher's Landing Branch,0.013077799999999999,1307.78,65389,15530638.0,54337.28571428572,45.60445,-122.50004
Lakeway Branch,0.0086582,865.82,43291,15529154.0,38322.42857142857,48.74495,-122.46469
Kitsap Branch,0.0057884,578.84,28942,15524740.0,28057.14285714286,47.60987,-122.62877
North Auburn Branch,0.0056294,562.94,28147,15525061.0,26125.14285714286,47.31509,-122.22413
North Burien Financial Center Branch,0.0065406,654.0600000000001,32703,15528175.0,27697.285714285714,47.47506,-122.33377
Bonney Lake Branch,0.008979,897.9,44895,15531135.0,35048.71428571428,47.16788,-122.14951
Newcastle Branch,0.0212832,2128.32,106416,15533025.0,79995.71428571429,47.51224,-122.18866
East Wenatchee Branch,0.0060728,607.28,30364,15526239.0,26008.285714285714,47.41033,-120.29004
Omak Branch,0.007521,752.1,37605,15529868.0,29252.714285714286,48.41098,-119.53003
Chelan Branch,0.005232199999999999,523.22,26161,15527570.0,17888.571428571428,47.84167,-120.01905
Colville Branch,0.012721399999999999,1272.14,63607,15525086.0,59239.28571428572,48.54231,-117.9056
Moses Lake Branch,0.0157528,1575.28,78764,15533902.0,62540.71428571428,47.12995,-119.27792
Lake City Branch,0.014234799999999999,1423.48,71174,15529834.0,61054.857142857145,47.7179,-122.29588
Mount Vernon Branch,0.0073222,732.22,36611,15528803.0,28914.14285714286,48.43581,-122.33104
Everett 19th Ave Branch,0.0077418,774.1800000000001,38709,15529002.0,32561.14285714286,47.905,-122.20699
Kenmore Branch,0.0185682,1856.82,92841,15535847.0,72836.71428571429,47.75956,-122.25112
Woodinville Branch,0.0243272,2432.7200000000003,121636,15535180.0,91878.85714285714,47.75441,-122.16022
Edmonds Branch,0.027943199999999998,2794.32,139716,15536020.0,113485.14285714286,47.80786,-122.37766
Madison Park Branch,0.021858199999999998,2185.82,109291,15521725.0,89598.0,47.63388,-122.28096
Bellevue Way Branch,0.037348,3734.8,186740,15559784.0,139485.85714285713,47.61128,-122.20167
Walla Walla Branch,0.009110799999999999,911.08,45554,15524358.0,46015.0,46.06528,-118.33992
Kennewick Branch,0.0116102,1161.02,58051,15534239.0,48703.142857142855,46.20977,-119.15524
Wallingford Branch,0.0259094,2590.94,129547,15538126.0,106406.28571428571,47.66132,-122.33479
Des Moines Branch,0.0101698,1016.98,50849,15529428.0,45779.142857142855,47.40263,-122.32452
North Bend Branch,0.0095686,956.86,47843,15528902.0,37241.857142857145,47.48683,-121.79212
Vancouver Branch,0.016357,1635.7,81785,15526224.0,72389.57142857143,45.63069,-122.6705
Mcloughlin Heights Branch,0.009693199999999999,969.32,48466,15525702.0,47300.857142857145,45.62493,-122.59361
Camas-Washougal Branch,0.0091716,917.16,45858,15526585.0,37000.857142857145,45.58254,-122.36671
Hazel Dell Branch,0.0213,2130.0,106500,15536804.0,90804.42857142857,45.68184,-122.65344
Bremerton Branch,0.0048568,485.68,24284,15522741.0,26719.0,47.56663,-122.62681
Mercer Island Branch,0.0340674,3406.7400000000002,170337,15552480.0,134030.2857142857,47.58555,-122.2324
Bainbridge Island Branch,0.025611599999999998,2561.16,128058,15546687.0,93479.14285714286,47.62346,-122.52426
Poulsbo Branch,0.012081,1208.1000000000001,60405,15531813.0,46707.57142857143,47.74806,-122.63868
Vashon Island Branch,0.0116476,1164.76,58238,15531594.0,47862.57142857143,47.44547,-122.46146
Tacoma Main Branch,0.009478,947.8000000000001,47390,15525255.0,43624.0,47.25317,-122.43856
Sumner Branch,0.008685,868.5,43425,15526569.0,39668.57142857143,47.20249,-122.24062
Port Orchard Branch,0.0090192,901.9200000000001,45096,15529112.0,39220.71428571428,47.53403,-122.59435
Franklin Park Branch,0.008736599999999999,873.66,43683,15529014.0,41356.0,47.70825,-117.41116
Twin Lakes Branch,0.019315799999999998,1931.58,96579,15552040.0,64277.142857142855,47.30068,-122.36097
Port Angeles Branch,0.0097736,977.36,48868,15529781.0,46236.42857142857,48.11996,-123.43265
Port Townsend Branch,0.0124386,1243.8600000000001,62193,15536288.0,48165.142857142855,48.11066,-122.77142
Sequim Branch,0.013762799999999999,1376.28,68814,15530490.0,59166.71428571428,48.07977,-123.11807
Silverdale Way Branch,0.011789599999999999,1178.96,58948,15528436.0,52185.57142857143,47.66084,-122.6852
Richmond Highlands Branch,0.0211448,2114.48,105724,15538718.0,84294.57142857143,47.76126,-122.34539
Southcenter Branch,0.0110092,1100.92,55046,15537764.0,37308.0,47.44811,-122.27433
Burien Branch,0.019519599999999998,1951.96,97598,15534446.0,81000.85714285714,47.46874,-122.33682
Albany Branch,0.0132214,1322.14,66107,15530398.0,55883.28571428572,44.63627,-123.10585
Corvallis Branch,0.0127998,1279.98,63999,15530089.0,57364.857142857145,44.58638,-123.2756
Madrona Branch,0.013494599999999999,1349.46,67473,15529751.0,56578.71428571428,44.90455,-123.0416
Molalla Branch,0.0065176,651.76,32588,15526973.0,27835.0,45.15002,-122.57472
Battle Ground Branch,0.0141132,1411.32,70566,15530584.0,56763.71428571428,45.78083,-122.53875
Salmon Creek Branch,0.0182436,1824.3600000000001,91218,15531520.0,74334.14285714286,45.71469,-122.65126
Eugene Branch,0.0195288,1952.88,97644,15532735.0,63686.42857142857,44.0474,-123.09277
Sw 6th and Yamhill Branch,0.030822,3082.2000000000003,154110,15535143.0,121429.42857142857,45.5182,-122.67907
Lakewood Branch,0.019906999999999998,1990.7,99535,15529616.0,88897.14285714286,47.16653,-122.52071
Bellingham Branch,0.016881,1688.1000000000001,84405,15525921.0,76767.71428571429,48.74863,-122.48072
Northeast 8th and 106th Branch,0.0726624,7266.24,363312,15570700.0,257238.0,47.62003,-122.20696
Spokane Valley Branch,0.018303399999999997,1830.3400000000001,91517,15533969.0,83231.0,47.6572,-117.24347
Seatac Branch,0.0092956,929.5600000000001,46478,15528581.0,38047.0,47.43797,-122.29569
Bothell Branch,0.0142502,1425.02,71251,15533715.0,56475.57142857143,47.7658,-122.20997
Northeast 112th and Halsey Branch,0.0138064,1380.64,69032,15526439.0,68159.28571428571,45.53381,-122.54709
Gresham Branch,0.016054,1605.4,80270,15535363.0,67240.14285714286,45.51285,-122.43031
Fairwood Branch,0.019738199999999997,1973.82,98691,15531840.0,79462.85714285714,47.4471,-122.15404
Issaquah Branch,0.0335084,3350.84,167542,15549971.0,111949.71428571429,47.54565,-122.05733
Kingsgate Branch,0.0129024,1290.24,64512,15529628.0,52722.0,47.7313,-122.17549
James Center Branch,0.011892199999999999,1189.22,59461,15532270.0,49129.71428571428,47.24271,-122.52941
Greenwood Branch,0.0184104,1841.04,92052,15533890.0,74125.71428571429,47.6906,-122.35522
Laurelhurst Branch,0.019475199999999998,1947.52,97376,15535844.0,78042.14285714286,47.66154,-122.28102
Canby Branch,0.0098516,985.16,49258,15533553.0,37514.0,45.2651,-122.69578
Milwaukie Branch,0.0091878,918.78,45939,15530104.0,38928.857142857145,45.44397,-122.64015
Shasta Way Fred Meyer Branch,0.0046448,464.48,23224,15526119.0,20237.85714285714,42.21391,-121.75639
Glisan Branch,0.00903,903.0,45150,15528280.0,39138.28571428572,45.52647,-122.5947
Southeast 82nd and Foster Branch,0.008846999999999999,884.7,44235,15531937.0,35532.57142857143,45.48396,-122.579
Barbur Blvd Branch,0.014862199999999999,1486.22,74311,15528538.0,65173.0,45.47042,-122.68955
Burrage and Lombard Finanlctr Branch,0.0084832,848.32,42416,15529661.0,33072.0,45.57711,-122.6949
Tigard Branch,0.0138996,1389.96,69498,15527199.0,61883.28571428572,45.44021,-122.75071
Santa Clara Branch,0.007326999999999999,732.7,36635,15528752.0,30457.285714285714,44.09891,-123.12868
Division Branch,0.011033999999999999,1103.4,55170,15530518.0,45529.857142857145,45.5042,-122.51223
Raleigh Hills Branch,0.0220254,2202.54,110127,15533927.0,100318.0,45.48611,-122.7558
South Salem Branch,0.0055498,554.98,27749,15523428.0,26454.14285714286,44.9057,-123.04234
East Salem Branch,0.0087686,876.86,43843,15528831.0,37863.71428571428,44.95009,-122.98737
Santiam Hwy Branch,0.006671,667.1,33355,15526183.0,27652.14285714286,44.63236,-123.07468
Kings Blvd Branch,0.008642799999999999,864.28,43214,15531663.0,29093.85714285714,44.5752,-123.27515
North Salem Branch,0.0040072,400.72,20036,15525136.0,18092.14285714286,44.96833,-123.0286
Peninsula Branch,0.0072856,728.5600000000001,36428,15528640.0,30740.714285714286,45.5869,-122.73823
Clackamas South Branch,0.0086536,865.36,43268,15526454.0,39069.0,45.40624,-122.56893
East Gresham Branch,0.007434199999999999,743.42,37171,15527868.0,30577.714285714286,45.49601,-122.40769
North Springfield Branch,0.006084399999999999,608.44,30422,15528027.0,27030.285714285714,44.06216,-123.0177
Johnson Creek Branch,0.0125396,1253.96,62698,15528372.0,44236.57142857143,45.45846,-122.57911
Tualatin Branch,0.011394,1139.4,56970,15531037.0,45344.71428571428,45.3811,-122.75897
Beaverton Town Square Branch,0.0112972,1129.72,56486,15532046.0,46855.142857142855,45.48653,-122.79499
Grants Pass Branch,0.0075596,755.96,37798,15528880.0,30870.571428571428,42.43388,-123.31256
Oregon City Hilltop Branch,0.0117944,1179.44,58972,15529735.0,46346.142857142855,45.33129,-122.58627
North Medford Branch,0.0051909999999999994,519.1,25955,15525690.0,21550.428571428572,42.35309,-122.85571
West Eugene Branch,0.0075514,755.14,37757,15526661.0,33629.28571428572,44.04806,-123.14269
Newport Branch,0.005454,545.4,27270,15524884.0,23349.571428571428,44.70099,-124.04837
Salem Downtown Branch,0.0078026,780.26,39013,15528712.0,33438.57142857143,44.94231,-123.03343
Mcminnville Branch,0.0080302,803.02,40151,15525546.0,34762.857142857145,45.19612,-123.26439
Silverton Branch,0.009687399999999999,968.74,48437,15528395.0,43565.57142857143,45.0096,-122.78483
Stayton Branch,0.0099902,999.02,49951,15530527.0,41077.857142857145,44.80286,-122.79442
Woodburn Branch,0.007342199999999999,734.22,36711,15525666.0,29187.0,45.15146,-122.83526
Century Square Branch,0.0140548,1405.48,70274,15536488.0,53536.42857142857,47.61023,-122.33677
Admiral Junction Branch,0.0174642,1746.42,87321,15529692.0,73356.42857142857,47.58096,-122.38647
Lake Forest Park Branch,0.0171866,1718.66,85933,15536184.0,71839.28571428571,47.75278,-122.27869
Benson Center Branch,0.0133268,1332.68,66634,15530499.0,52942.71428571428,47.38994,-122.20215
Alderwood Branch,0.0117662,1176.6200000000001,58831,15531070.0,49506.42857142857,47.83195,-122.27845
Southeast Woodstock and 47th Branch,0.0201286,2012.8600000000001,100643,15538488.0,86006.57142857143,45.47912,-122.61441
Southeast Hawthorne and 39th Branch,0.0220718,2207.18,110359,15539721.0,83529.14285714286,45.51386,-122.64431
Hollywood Branch,0.021551999999999998,2155.2,107760,15537378.0,83563.14285714286,45.53778,-122.59965
Beaverton Branch,0.016770399999999998,1677.04,83852,15533682.0,62985.71428571428,45.49447,-122.81007
Uptown Branch,0.055993999999999995,5599.400000000001,279970,15556446.0,164157.42857142858,45.52368,-122.70011
Westwood Branch,0.01612,1612.0,80600,15532133.0,68589.57142857143,47.52109,-122.36982
Vancouver Mall Branch,0.01072,1072.0,53600,15531413.0,43199.857142857145,45.65825,-122.58798
Bend South Branch,0.009658199999999999,965.82,48291,15529115.0,39226.42857142857,44.03388,-121.30737
Clackamas Branch,0.020714,2071.4,103570,15539522.0,80082.14285714286,45.42788,-122.53593
Tigard Town Square Branch,0.0148676,1486.76,74338,15528825.0,63932.28571428572,45.40661,-122.79596
Wilsonville Branch,0.0120866,1208.66,60433,15530531.0,48609.142857142855,45.30306,-122.76166
Walker Road Branch,0.0128036,1280.3600000000001,64018,15531878.0,50267.0,45.51762,-122.84222
Lynnwood Financial Center Branch,0.0154638,1546.38,77319,15529501.0,58677.0,47.81771,-122.28718
Lebanon Branch,0.0075144,751.44,37572,15527417.0,33248.0,44.53845,-122.90594
Oak Grove Branch,0.008085799999999999,808.58,40429,15527073.0,36100.142857142855,45.40743,-122.61469
Newberg Branch,0.0077356,773.5600000000001,38678,15528771.0,29820.428571428572,45.30699,-122.94491
Northeast 102nd and Halsey Branch,0.0086712,867.12,43356,15529329.0,37742.28571428572,45.53133,-122.55818
Hollywood West Branch,0.0131122,1311.22,65561,15535013.0,49682.0,45.53446,-122.63606
Roseburg Branch,0.007797999999999999,779.8000000000001,38990,15530351.0,32365.571428571428,43.22666,-123.34539
Crossroads Branch,0.0154212,1542.1200000000001,77106,15534335.0,56992.142857142855,47.62191,-122.13232
Kent Main Branch,0.0160584,1605.8400000000001,80292,15533289.0,68131.57142857143,47.383,-122.23767
Benson Plaza Branch,0.0095236,952.36,47618,15529307.0,39646.0,47.44295,-122.19703
Lower University On 25th Branch,0.018723399999999998,1872.3400000000001,93617,15537135.0,73220.14285714286,47.66453,-122.30097
Wenatchee Branch,0.0103264,1032.64,51632,15526999.0,44815.42857142857,47.42326,-120.31188
West Salem Branch,0.011502,1150.2,57510,15532866.0,43293.142857142855,44.95012,-123.05104
Cornelius Branch,0.0056362,563.62,28181,15528931.0,22872.571428571428,45.5202,-123.04452
Brookings Branch,0.0102034,1020.34,51017,15530615.0,40648.857142857145,42.05316,-124.28571
Gold Beach Branch,0.0067707999999999996,677.08,33854,15526573.0,27904.0,42.40538,-124.42137
Ontario Branch,0.0036358,363.58,18179,15525250.0,16550.428571428572,44.0238,-116.96804
South 6th Street Branch,0.0088174,881.74,44087,15527843.0,39112.0,42.20984,-121.75374
Southwest 5th and Forest Branch,0.0065848,658.48,32924,15527219.0,26555.85714285714,44.27191,-121.17315
Bend Branch,0.023874799999999998,2387.48,119374,15539495.0,87629.57142857143,44.05686,-121.31289
St. Helens Branch,0.0057382,573.82,28691,15523107.0,28454.428571428572,45.85899,-122.81703
Prineville Branch,0.0061506,615.0600000000001,30753,15527601.0,26554.0,44.30293,-120.84174
Pilot Butte Branch,0.0161744,1617.44,80872,15537238.0,51252.857142857145,44.06,-121.29719
Crater Branch,0.0175324,1753.24,87662,15537193.0,69224.57142857143,42.33504,-122.86212
Eagle Point Branch,0.009018,901.8000000000001,45090,15531002.0,37072.57142857143,42.47132,-122.79944
Shady Cove Branch,0.0071546,715.46,35773,15526772.0,30604.285714285714,42.61796,-122.81061
Ashland Branch,0.0150292,1502.92,75146,15539352.0,58563.142857142855,42.19578,-122.71214
East Stewart Ave Branch,0.014741599999999999,1474.16,73708,15553684.0,40207.42857142857,42.31483,-122.85809
Myrtle Point Branch,0.0037175999999999997,371.76,18588,15524699.0,19847.714285714286,43.06459,-124.13908
Grants Pass Branch,0.0109014,1090.14,54507,15534035.0,36447.57142857143,42.68872,-123.59077
Central Point Branch,0.011828799999999999,1182.88,59144,15528180.0,40208.142857142855,42.37592,-122.91394
Jacksonville Branch,0.0093194,931.94,46597,15531915.0,34404.857142857145,42.31664,-122.96421
Lynnwood Branch,0.0074046,740.46,37023,15527942.0,28416.714285714286,47.81108,-122.26022
Rainier Branch,0.0112626,1126.26,56313,15530370.0,43213.42857142857,47.56963,-122.29042
Renton Center Branch,0.0067344,673.44,33672,15527426.0,26231.428571428572,47.47801,-122.21887
Hillsboro Branch,0.00865,865.0,43250,15528086.0,37060.57142857143,45.49878,-122.91473
Southwest Teal Blvd Branch,0.021450999999999998,2145.1,107255,15540789.0,79762.71428571429,45.44082,-122.82822
Tanasbourne Branch,0.0161092,1610.92,80546,15534354.0,65598.42857142857,45.53669,-122.86336
North 40th Avenue Branch,0.0055344,553.44,27672,15529223.0,20515.0,46.6181,-120.56224
Cottonwood Branch,0.013755199999999999,1375.52,68776,15533679.0,51956.71428571428,40.6247,-111.83927
Fourth and 4th Branch,0.0240328,2403.28,120164,15546893.0,77871.28571428571,40.76056,-111.88071
Layton Branch,0.011081599999999999,1108.16,55408,15531558.0,35083.57142857143,41.07887,-111.97363
Idaho Falls - Ammon Branch,0.0079606,796.0600000000001,39803,15529672.0,30205.285714285714,43.48193,-111.98453
St. George Branch,0.008118,811.8000000000001,40590,15528502.0,34249.857142857145,37.10825,-113.58131
Crater Lake Plaza Branch,0.010688,1068.8,53440,15533782.0,37407.42857142857,42.36568,-122.85603
Pasco Branch,0.005902999999999999,590.3000000000001,29515,15528139.0,21039.0,46.27461,-119.1853
Queen Anne Branch,0.0271118,2711.18,135559,15542981.0,103004.85714285714,47.6315,-122.35667
Sherwood Branch,0.013845,1384.5,69225,15530659.0,54291.0,45.36925,-122.84233
Scappoose Branch,0.0077544,775.44,38772,15524957.0,32375.714285714286,45.743,-122.87676
South Hill Branch,0.0093008,930.08,46504,15528626.0,38837.71428571428,47.09921,-122.29361
Stanwood Branch,0.0089176,891.76,44588,15530631.0,32524.571428571428,48.23795,-122.33018
Covington Branch,0.0119218,1192.18,59609,15531542.0,47350.142857142855,47.35814,-122.11775
Harvard Market Branch,0.0089784,897.84,44892,15530289.0,32884.0,47.61329,-122.32086
Lake Oswego Branch,0.0107872,1078.72,53936,15530807.0,47205.42857142857,45.41468,-122.66394
Caldwell Branch,0.0058113999999999996,581.14,29057,15530246.0,22011.285714285714,43.66334,-116.68667
Mountain Home Branch,0.0049375999999999995,493.76,24688,15525152.0,21787.85714285714,43.13274,-115.69441
Thurston Branch,0.010246199999999999,1024.6200000000001,51231,15526714.0,39220.71428571428,44.04563,-122.92919
South Commercial Branch,0.0141418,1414.18,70709,15539075.0,47603.142857142855,44.88079,-123.02956
Kruse Way Branch,0.0260226,2602.26,130113,15553325.0,90527.0,45.41611,-122.71936
Draper Crossing Branch,0.0085902,859.02,42951,15528573.0,31594.85714285714,40.52662,-111.88327
Wandermere Branch,0.007953199999999999,795.32,39766,15527319.0,34022.0,47.76773,-117.40502
Morgan Street Branch,0.007499199999999999,749.92,37496,15525396.0,34278.0,47.54476,-122.3858
72nd & Pacific Branch,0.0058118,581.1800000000001,29059,15527051.0,23906.85714285714,47.18954,-122.43409
South Everett Branch,0.0058084,580.84,29042,15526975.0,24953.428571428572,47.91971,-122.23013
Belfair Branch,0.0047306,473.06,23653,15521077.0,19827.428571428572,47.45344,-122.82966
Aloha Branch,0.0069266,692.66,34633,15526729.0,28546.571428571428,45.48024,-122.85665
Miller Barnes Branch,0.017979,1797.9,89895,15534828.0,70065.42857142857,45.51512,-122.75377
Bethany Village Branch,0.0211878,2118.78,105939,15544497.0,75683.42857142857,45.55335,-122.83674
West Linn Branch,0.015940799999999998,1594.08,79704,15532744.0,62738.857142857145,45.34964,-122.65314
Maple Valley Branch,0.0121478,1214.78,60739,15529770.0,45446.142857142855,47.36492,-122.02161
Tacoma Stevens Branch,0.0037652,376.52,18826,15526444.0,15117.714285714286,47.24291,-122.49722
Salmon Creek Fm Branch,0.010318599999999999,1031.8600000000001,51593,15531973.0,40621.857142857145,45.72135,-122.66553
Murphy's Corner Branch,0.0088344,883.44,44172,15530971.0,34874.142857142855,47.87954,-122.20685
Bridle Trails Branch,0.009656399999999999,965.64,48282,15528530.0,37669.71428571428,47.66571,-122.16414
Enumclaw Financial Center Branch,0.0063272,632.72,31636,15526887.0,26389.571428571428,47.20096,-121.98882
East Hazel Dell Branch,0.0035948,359.48,17974,15526790.0,13627.142857142857,45.6779,-122.66229
North Lynnwood Branch,0.0069932,699.32,34966,15528310.0,27474.428571428572,47.84064,-122.29815
Redmond Fm Financial Center Branch,0.005863999999999999,586.4,29320,15530687.0,21145.0,44.26842,-121.17798
West Francis Ave Branch,0.009642399999999999,964.24,48212,15527262.0,39668.142857142855,47.69656,-117.45236
Lake Stevens Branch,0.0111352,1113.52,55676,15530286.0,45168.57142857143,47.99843,-122.1109
Eagle Financial Center Branch,0.0172186,1721.8600000000001,86093,15522036.0,59706.28571428572,43.69005,-116.35531
Boise State St Financial Ctr Branch,0.0055336,553.36,27668,15531294.0,17137.714285714286,43.63872,-116.23338
Sandy Little Cottonwood Branch,0.0097728,977.28,48864,15533436.0,32001.14285714286,40.57929,-111.83417
Columbia Marketplace Branch,0.0082644,826.44,41322,15537104.0,23773.285714285714,43.54299,-116.15579
Port Orchard Fm Branch,0.0057712,577.12,28856,15527699.0,22569.85714285714,47.50485,-122.62821
Salmon Bay Branch,0.0094136,941.36,47068,15529018.0,35024.28571428572,47.6614,-122.36886
Thrashers Corner Branch,0.009975999999999999,997.6,49880,15531821.0,35775.28571428572,47.80722,-122.20748
57th & Regal Financial Center Branch,0.0095038,950.38,47519,15527600.0,38041.0,47.60223,-117.3651
University Place Branch,0.0049932,499.32,24966,15527160.0,20014.0,47.19937,-122.5278
International District Uwajimaya Brh,0.0157238,1572.38,78619,15536223.0,51216.142857142855,47.5975,-122.32762
Pocatello Branch,0.0029326,293.26,14663,15525665.0,10549.42857142857,42.88959,-112.45131
Ellensburg Branch,0.0052442,524.42,26221,15528906.0,18975.14285714286,46.99123,-120.54986
Wood Village Branch,0.0083888,838.88,41944,15528166.0,37300.42857142857,45.52979,-122.42871
Lake Sammamish Branch,0.010728399999999999,1072.84,53642,15526107.0,40142.142857142855,47.54741,-122.04062
Orenco Station Financial Ctr Branch,0.0181886,1818.8600000000001,90943,15542401.0,64402.28571428572,45.57137,-122.94686
Spokane - Thor Branch,0.002853,285.3,14265,15525043.0,13053.57142857143,47.65266,-117.36044
Boise-Franklin Financial Center Branch,0.0025017999999999998,250.18,12509,15527154.0,8628.285714285714,43.60283,-116.24502
Tumwater Financial Center Branch,0.006385399999999999,638.54,31927,15526704.0,25885.0,46.99992,-122.91539
Hawthorne & State Branch,0.0094208,942.08,47104,15530093.0,35562.28571428572,44.92776,-122.99352
Gateway St and Game Farm Rd Branch,0.0053988,539.88,26994,15527117.0,22831.571428571428,44.0852,-123.04181
Seattle-Belltown Financial Center Branch,0.0180894,1808.94,90447,15531275.0,57750.0,47.61576,-122.35069
Eastgate Financial Center Branch,0.008718799999999999,871.88,43594,15542786.0,21540.14285714286,43.58113,-116.17338
Royal West Branch,0.0038079999999999998,380.8,19040,15525411.0,16499.285714285714,44.07,-123.18024
Keizer Branch,0.0129562,1295.6200000000001,64781,15528896.0,54071.42857142857,45.00493,-123.02687
North Gig Harbor Branch,0.0122426,1224.26,61213,15541008.0,35771.57142857143,47.35903,-122.60815
Avondale Branch,0.0108472,1084.72,54236,15532541.0,35935.28571428572,47.67145,-122.10455
Barkley Village Center,0.0080018,800.1800000000001,40009,15529604.0,29497.714285714286,48.77123,-122.44517
Spokane Branch,0.011099999999999999,1110.0,55500,15528884.0,53092.42857142857,47.65903,-117.42135
Third and University Center,0.0578396,5783.96,289198,15555049.0,256163.85714285713,47.60689,-122.33538
Tacoma Westgate Financial Ctr Branch,0.0070431999999999995,704.32,35216,15529532.0,25671.571428571428,47.27117,-122.51345
Renton Highlands Finan Ctr Branc,0.0146956,1469.56,73478,15534188.0,53723.142857142855,47.47877,-122.16349
Meadow Springs Financial Ctr Branch,0.007837799999999999,783.78,39189,15530219.0,25503.0,46.22715,-119.25412
23rd & Jackson Financial Ctr Branch,0.0071318,713.1800000000001,35659,15518081.0,29713.714285714286,47.59924,-122.3023
Sandy Fm Financial Center Branch,0.005751399999999999,575.14,28757,15528175.0,21273.0,45.40316,-122.29106
South Eugene Branch,0.0054878,548.78,27439,15526918.0,20886.428571428572,44.02769,-123.09072
Des Moines-Redondo Sq Fin Ctr Branch,0.0055946,559.46,27973,15527969.0,23389.85714285714,47.358,-122.31263
Countryside Branch,0.009367,936.7,46835,15535590.0,33855.71428571428,28.00835,-82.73046
Westchester Playa Branch,0.0252058,2520.58,126029,15542782.0,92704.28571428571,33.95986,-118.41848
Manhattan Beach Village Branch,0.0269528,2695.28,134764,15533619.0,112201.71428571429,33.89528,-118.39583
Buffalo Grove - The Grove Branch,0.032247,3224.7000000000003,161235,15538900.0,81397.71428571429,42.15679,-87.95976
Elmhurst Plaza Branch,0.0079864,798.64,39932,15531232.0,24853.285714285714,41.86972,-87.93427
South Chicago Heights - Chicago & Sauk Trail Branch,0.005771999999999999,577.2,28860,15532572.0,14400.714285714286,41.48076,-87.6378
Hickory Palos Square Branch,0.0215518,2155.18,107759,15547404.0,53830.71428571428,41.71727,-87.818
Orland Park - Marley Creek Square Branch,0.0075331999999999994,753.32,37666,15527550.0,26139.14285714286,41.5625,-87.89044
Downers Grove Branch,0.0143638,1436.38,71819,15538067.0,37665.71428571428,41.80986,-87.98745
West Monroe and Franklin Branch,0.018087199999999998,1808.72,90436,15542517.0,56940.0,41.88063,-87.63489
Chicago - State & Division Branch,0.015188,1518.8,75940,15542467.0,44479.0,41.90434,-87.62869
Chicago - North & Larrabee Branch,0.012871599999999999,1287.16,64358,15535700.0,37116.142857142855,41.91098,-87.64359
North Broadway and Sheridan Branch,0.0048918,489.18,24459,15530444.0,14007.42857142857,41.96126,-87.65488
Chicago - Belmont Plaza Branch,0.0045674,456.74,22837,15528177.0,14408.0,41.93922,-87.71082
Chicago - Chatham Village Square Branch,0.005186,518.6,25930,15538392.0,12038.0,41.73571,-87.60657
Chicago - Lincoln & Wilson Branch,0.0089468,894.6800000000001,44734,15527077.0,21382.285714285714,42.0194,-87.67584
Lincoln and Summerdale Branch,0.0139952,1399.52,69976,15569824.0,23790.571428571428,41.97857,-87.69264
Chicago - 117th & Halsted Branch,0.004194799999999999,419.48,20974,15525896.0,11854.57142857143,41.68123,-87.64189
Chicago - 103rd & Michigan Branch,0.0017048,170.48,8524,15525359.0,6000.571428571428,41.70728,-87.62049
Chicago - North & Grand Branch,0.0036395999999999998,363.96,18198,15525862.0,11021.142857142857,41.90987,-87.7372
Clark and Gregory Branch,0.0073398,733.98,36699,15529107.0,25248.0,41.98262,-87.6686
Chicago - Chicago & Kedzie Branch,0.0033828,338.28000000000003,16914,15532561.0,7496.285714285715,41.89558,-87.70665
Niles - Four Flaggs Center Branch,0.0066852,668.52,33426,15528844.0,24160.0,42.05467,-87.82943
Riverdale - West 144th St Branch,0.0014142,141.42000000000002,7071,15525030.0,4641.428571428572,41.6336,-87.6288
Metropolitan Ave and Wood Branch,0.0085282,852.82,42641,15531147.0,29589.0,40.83727,-73.86078
Perry & Hull Branch,0.0041086,410.86,20543,15527643.0,13490.57142857143,40.87287,-73.87836
Castle Hill Avenue Branch,0.0052626,526.26,26313,15530257.0,17233.0,40.83496,-73.852
Vyse Avenue Branch,0.0041696,416.96000000000004,20848,15526396.0,14339.714285714286,40.84303,-73.87853
225th & Broadway Branch,0.0044399999999999995,444.0,22200,15526985.0,16397.428571428572,40.87436,-73.90948
Bay Plaza Branch,0.0086904,869.04,43452,15529230.0,32560.285714285714,40.86934,-73.82584
Nostrand Ave and Ave Y Branch,0.013681599999999999,1368.16,68408,15532640.0,47174.57142857143,40.59102,-73.9402
Fifth Avenue Branch,0.0177662,1776.6200000000001,88831,15530152.0,62297.71428571428,40.66616,-73.98873
So Brooklyn - Smith Street Branch,0.015873599999999998,1587.3600000000001,79368,15535539.0,50483.0,40.68511,-73.99157
Church Avenue Branch,0.007406599999999999,740.66,37033,15526865.0,28032.85714285714,40.6518,-73.93023
Dyker Heights Branch,0.0135222,1352.22,67611,15532565.0,44968.42857142857,40.61901,-74.00876
Kings Plaza Branch,0.0379066,3790.66,189533,15528831.0,184548.42857142858,40.60996,-73.92205
South Broadway and 4th St Branch,0.0078782,787.82,39391,15526337.0,26624.0,40.76217,-73.51687
Bellerose Branch,0.0132026,1320.26,66013,15531490.0,41626.857142857145,40.72537,-73.72072
New Rochelle Branch,0.0082172,821.72,41086,15525897.0,31138.571428571428,40.94615,-73.7955
Arcadian Shopping Center Branch,0.0061944,619.44,30972,15526729.0,27210.85714285714,41.14395,-73.86113
Land O Lakes - Collier Branch,0.010765,1076.5,53825,15534403.0,30549.428571428572,28.24716,-82.42402
Spring Hill - Mariner Branch,0.0178364,1783.64,89182,15558304.0,47248.42857142857,28.49331,-82.53989
Brandon Mall Branch,0.0054358,543.58,27179,15527842.0,18894.428571428572,27.93763,-82.29968
Brandon - Causeway Branch,0.0081928,819.28,40964,15529417.0,27454.428571428572,27.92295,-82.33058
Tampa Palms Branch,0.017235399999999998,1723.54,86177,15514193.0,53425.57142857143,28.0988,-82.39987
Hillsborough and Sheldon Branch,0.0061757999999999995,617.58,30879,15529769.0,18440.285714285714,27.99449,-82.57944
Tampa - Fletcher Avenue Branch,0.0102898,1028.98,51449,15531294.0,32751.571428571428,28.0692,-82.42812
Clermont East Branch,0.0124724,1247.24,62362,15532958.0,39766.57142857143,28.54657,-81.67792
University - Lockwood Ridge Branch,0.0194292,1942.92,97146,15542170.0,55567.857142857145,27.39225,-82.50547
Bradenton - West Cortez Branch,0.0110014,1100.14,55007,15526216.0,35371.57142857143,27.46273,-82.62547
St Petersburg - North Shore Branch,0.009683599999999999,968.36,48418,15525074.0,30522.714285714286,27.78019,-82.63848
Pinellas Park - Park Mall Branch,0.012352,1235.2,61760,15532779.0,33683.28571428572,27.83904,-82.71523
Pinellas Park - Park Blvd Branch,0.0077686,776.86,38843,15528112.0,27094.85714285714,27.83929,-82.73846
Clearwater - Downtown Branch,0.006267399999999999,626.74,31337,15527572.0,22501.14285714286,27.96024,-82.79995
Lakeland - Plantation Square Branch,0.004732999999999999,473.3,23665,15528120.0,15045.857142857143,28.11377,-81.94585
West Palm Beach Downtown Branch,0.014594,1459.4,72970,15528020.0,56684.28571428572,26.70622,-80.05099
Sarasota - Beneva Village Branch,0.011327,1132.7,56635,15531658.0,34438.71428571428,27.26927,-82.50069
Sarasota - Fruitville Road Branch,0.0104756,1047.56,52378,15528576.0,43930.57142857143,27.33801,-82.46248
Winter Park Palms,0.0064852,648.52,32426,15530797.0,20724.571428571428,28.59765,-81.28924
Sanford Branch,0.006369199999999999,636.92,31846,15530545.0,21086.428571428572,28.8117,-81.32359
Fort Pierce Branch,0.0069722,697.22,34861,15528905.0,24942.428571428572,27.42517,-80.32895
St Lucie West Branch,0.020943,2094.3,104715,15542226.0,63353.71428571428,27.31122,-80.40839
North Deland Branch,0.006377,637.7,31885,15527890.0,22518.428571428572,29.05501,-81.29997
East Hialeah Branch,0.008609799999999999,860.98,43049,15527768.0,29117.14285714286,25.82539,-80.27347
Miami - Kendall Square Branch,0.016871999999999998,1687.2,84360,15533743.0,55418.71428571428,25.65673,-80.39873
Miami-Tamiami Marketplace Branch,0.015276999999999999,1527.7,76385,15531929.0,53229.857142857145,25.76087,-80.42652
Miami - Miller West Branch,0.0106994,1069.94,53497,15534768.0,33177.57142857143,25.71349,-80.44839
Miami - Flagler Branch,0.0162976,1629.76,81488,15529119.0,64731.142857142855,25.76911,-80.35136
Orlando - Metrowest Branch,0.0098464,984.64,49232,15531115.0,32600.571428571428,28.5107,-81.45922
Vista Lakes Branch,0.0132774,1327.74,66387,15538966.0,38274.57142857143,28.46624,-81.27186
Winter Garden Branch,0.0118268,1182.68,59134,15536371.0,36861.0,28.55102,-81.58868
Orlando - Americana Branch,0.006998,699.8000000000001,34990,15528914.0,24364.85714285714,28.48836,-81.41732
Orlando - Avalon Park Branch,0.0092082,920.82,46041,15534578.0,28337.85714285714,28.53798,-81.15044
Saint Cloud Branch,0.0113524,1135.24,56762,15533523.0,37971.57142857143,28.25314,-81.31636
Lake Park - East Northlake Branch,0.005447,544.7,27235,15526783.0,20824.0,26.80725,-80.0566
West Palm Beach - Ibis Branch,0.0128772,1287.72,64386,15532043.0,42530.0,26.81147,-80.19919
Boca Raton - Yamato Branch,0.023535399999999998,2353.54,117677,15532305.0,71474.28571428571,26.39419,-80.09845
Lake Worth - Hypoluxo Village Branch,0.0062904,629.04,31452,15528898.0,22212.85714285714,26.57198,-80.11641
Greenacres-Military Crossings Branch,0.0058486,584.86,29243,15526174.0,24345.85714285714,26.60509,-80.11412
Lake Worth - US Hwy 441 Branch,0.0182152,1821.52,91076,15536782.0,61337.0,26.61732,-80.20244
Holiday Branch,0.0047745999999999995,477.46000000000004,23873,15526457.0,18229.85714285714,28.20713,-82.73957
Bruce B Downs and 56,0.0164762,1647.6200000000001,82381,15539336.0,49736.57142857143,28.17447,-82.35377
West Miramar Branch,0.0240966,2409.66,120483,15544373.0,65576.71428571429,25.97939,-80.35953
Fort Lauderdale Harbor Shops Branch,0.0162102,1621.02,81051,15540911.0,46897.28571428572,26.09912,-80.13074
North Lauderdale - Cypress Branch,0.008188599999999999,818.86,40943,15526149.0,29830.0,26.21127,-80.20425
Cooper City Commons Branch,0.0146682,1466.82,73341,15538365.0,46899.71428571428,26.03049,-80.269
Sheridan & I-75 Branch,0.0093586,935.86,46793,15527777.0,37108.857142857145,26.02957,-80.35966
Miramar Commons Branch,0.0111252,1112.52,55626,15513772.0,44165.57142857143,25.99315,-80.294
Hollywood - Young Circle Branch,0.0169686,1696.8600000000001,84843,15534454.0,61280.71428571428,26.01078,-80.14208
West Melbourne - Palm Branch,0.0130002,1300.02,65001,15529251.0,48977.0,28.03561,-80.66964
Lake Forest - Trabuco Branch,0.0123558,1235.58,61779,15534661.0,39213.28571428572,33.63738,-117.67974
Rancho Santa Margarita Branch,0.024007999999999998,2400.8,120040,15540433.0,85608.0,33.63741,-117.59012
Santa Ana Macarthur/Fairview Branch,0.0073354,733.54,36677,15524963.0,29679.714285714286,33.70004,-117.90628
Lincoln Branch,0.0141818,1418.18,70909,15531756.0,52807.71428571428,38.87272,-121.29807
Roseville - Foothills Branch,0.011278,1127.8,56390,15530448.0,44970.71428571428,38.76296,-121.31155
Corona Ontario Ave & Main St Branch,0.0307852,3078.52,153926,15567478.0,91811.57142857143,33.85665,-117.57212
LA Quinta Branch,0.0262168,2621.68,131084,15538603.0,103580.14285714286,33.71222,-116.2917
Mira Loma - Eastvale Branch,0.020554799999999998,2055.48,102774,15539986.0,69601.14285714286,33.97812,-117.55829
Iris and Lasselle Branch,0.009771,977.1,48855,15527849.0,35906.28571428572,33.89283,-117.20284
Hidden Springs Rd Branch,0.0200024,2000.24,100012,15542869.0,65980.57142857143,33.59616,-117.24801
Temecula - Redhawk Branch,0.0267484,2674.84,133742,15543227.0,85852.28571428571,33.48089,-117.09869
Riverside - Orangecrest Branch,0.014913,1491.3,74565,15535059.0,46488.42857142857,33.89432,-117.32502
Sacramento - Natomas Branch,0.0108794,1087.94,54397,15530369.0,40892.42857142857,38.63982,-121.50729
Apple Valley - Highway 18 Branch,0.0114868,1148.68,57434,15537029.0,41919.57142857143,34.59268,-117.13092
Chino - Towne Center Branch,0.0179186,1791.8600000000001,89593,15531428.0,66722.42857142857,34.03222,-117.68936
Fontana - Sierra Lakes,0.015385399999999999,1538.54,76927,15535707.0,50192.42857142857,34.13975,-117.43689
South Ontario Branch,0.010595,1059.5,52975,15534758.0,36554.857142857145,34.01916,-117.59494
Upland - Colonies Crossroads Branch,0.020503999999999998,2050.4,102520,15540571.0,73124.85714285714,34.13211,-117.6392
Chula Vista-Eastlake Terraces Branch,0.0118988,1189.88,59494,15535927.0,44540.42857142857,32.62844,-116.96665
San Diego - Sorrento Valley Branch,0.0165188,1651.88,82594,15544863.0,48170.71428571428,32.89459,-117.20228
San Diego Little Italy Branch,0.0139274,1392.74,69637,15537075.0,40127.142857142855,32.72004,-117.16829
San Diego - Clairemont Square Branch,0.0095994,959.94,47997,15530497.0,34726.142857142855,32.82482,-117.19992
San Francisco - Potrero Branch,0.0273756,2737.56,136878,15544557.0,84725.85714285714,37.7657,-122.40905
San Francisco - Embarcadero Branch,0.0172434,1724.3400000000001,86217,15537324.0,60387.57142857143,37.79481,-122.39877
San Francisco - Fulton Branch,0.0114962,1149.6200000000001,57481,15514558.0,47208.71428571428,37.77603,-122.44516
Pine St and Front Branch,0.021929399999999998,2192.94,109647,15549571.0,77150.85714285714,37.79237,-122.39904
San Francisco - Mission Bay Branch,0.028036199999999997,2803.62,140181,15513761.0,81155.57142857143,37.77712,-122.39273
Lathrop Branch,0.0091392,913.9200000000001,45696,15528912.0,25292.571428571428,37.8239,-121.28983
Manteca - Spreckels Branch,0.008544999999999999,854.5,42725,15532254.0,31238.714285714286,37.79665,-121.19813
Stockton - Hammer Lane Branch,0.0079364,793.64,39682,15527910.0,28940.285714285714,38.02018,-121.30058
Stockton - Brookside Branch,0.0122688,1226.88,61344,15529308.0,45173.57142857143,37.98426,-121.34607
Stockton Main Street Branch,0.008267799999999999,826.78,41339,15530788.0,33660.57142857143,37.95348,-121.28514
Tracy - Grant Line Branch,0.0115868,1158.68,57934,15528711.0,43872.857142857145,37.75415,-121.47252
Atascadero Branch,0.0080512,805.12,40256,15526387.0,29913.85714285714,35.47688,-120.65578
San Luis Obispo - Madonna Branch,0.0129786,1297.8600000000001,64893,15531904.0,44584.42857142857,35.26114,-120.68026
Campbell - Pruneyard Branch,0.016519199999999998,1651.92,82596,15535056.0,50866.42857142857,37.28993,-121.93184
Los Gatos - Los Gatos Blvd Branch,0.0127572,1275.72,63786,15528923.0,47975.57142857143,37.24131,-121.9602
San Jose - Lawrence Branch,0.0202444,2024.44,101222,15540737.0,63624.28571428572,37.32292,-121.99313
Cottle and Raleigh Branch,0.0091154,911.54,45577,15537657.0,22682.0,37.24986,-121.80388
San Jose - Alum Rock Branch,0.0058534,585.34,29267,15527644.0,21707.85714285714,37.35479,-121.8512
San Jose - Bernal Branch,0.011375999999999999,1137.6000000000001,56880,15529441.0,41608.71428571428,37.23106,-121.77315
LA Jolla Village Center Branch,0.039888599999999996,3988.86,199443,15557137.0,113099.0,32.86769,-117.23329
San Jose - Evergreen Branch,0.029156599999999998,2915.66,145783,15549656.0,95350.0,37.3138,-121.77347
Sunnyvale - Hacienda Center Branch,0.024513,2451.3,122565,15550591.0,81967.0,37.37016,-122.04064
Visalia - Akers Branch,0.0122078,1220.78,61039,15535280.0,33981.142857142855,36.34174,-119.35073
Oxnard - Rose Crossing Branch,0.009955,995.5,49775,15527571.0,38081.42857142857,34.21961,-119.1582
Moorpark Town Center Branch,0.0174454,1744.54,87227,15530869.0,67244.85714285714,34.27904,-118.88359
Simi Valley East Branch,0.0146672,1466.72,73336,15528976.0,65351.28571428572,34.27179,-118.69245
Scottsdale - Hayden & Chaparral Branch,0.010274199999999999,1027.42,51371,15530851.0,26845.14285714286,33.50943,-111.91156
San Leandro - Greenhouse Branch,0.0112946,1129.46,56473,15533748.0,37725.28571428572,37.68671,-122.13895
Dublin Corners Branch,0.0209448,2094.48,104724,15546467.0,64029.857142857145,37.70553,-121.87893
Fremont - Pacific Commons Branch,0.017693999999999998,1769.4,88470,15535474.0,58009.857142857145,37.50514,-121.9709
Union City - Alvarado Niles Branch,0.0291454,2914.54,145727,15549404.0,91978.42857142857,37.59923,-122.07042
Newark - Jarvis Branch,0.0291482,2914.82,145741,15557442.0,89888.42857142857,37.54884,-122.05074
Stargell Ave and Webster St Branch,0.0093558,935.58,46779,15532414.0,31065.571428571428,37.78285,-122.27159
Hercules Branch,0.0159854,1598.54,79927,15543287.0,53211.0,38.01247,-122.27617
Oakley Branch,0.0079376,793.76,39688,15526936.0,28306.85714285714,37.99797,-121.7306
Brentwood - Balfour Branch,0.0198798,1987.98,99399,15541356.0,72512.57142857143,37.92522,-121.72244
Walnut Creek - Ygnacio Plaza Branch,0.011297999999999999,1129.8,56490,15534664.0,43095.57142857143,37.91906,-122.0377
Mt Diablo Blvd Branch,0.0223534,2235.34,111767,15539522.0,74471.14285714286,37.89247,-122.1161
Marketplace W Shaw Ave Branch,0.007791599999999999,779.16,38958,15529592.0,27215.714285714286,36.80809,-119.86049
Alhambra - Main Street Branch,0.020672199999999998,2067.2200000000003,103361,15542356.0,73060.14285714286,34.09899,-118.11872
Beverly Hills - LA Cienega Branch,0.0528622,5286.22,264311,15571502.0,195770.7142857143,34.06527,-118.37657
LA Verne Branch,0.016961999999999998,1696.2,84810,15541397.0,55953.857142857145,34.11332,-117.7655
Wilshire Blvd and Granville Branch,0.0194196,1941.96,97098,15526367.0,73330.28571428571,34.04832,-118.46226
Los Angeles - Gage Center Branch,0.0157996,1579.96,78998,15536110.0,52432.142857142855,33.98219,-118.24911
Leimert Park Branch,0.0199244,1992.44,99622,15589669.0,38636.28571428572,34.01896,-118.335
Lynwood Branch,0.0108226,1082.26,54113,15531693.0,37085.28571428572,33.92762,-118.19764
Porter Ranch Branch,0.033465,3346.5,167325,15554059.0,117415.0,34.27522,-118.56671
Tampa and Saticoy Branch,0.0122846,1228.46,61423,15538919.0,39030.71428571428,34.20842,-118.5539
San Pedro - Park Plaza Branch,0.025886199999999998,2588.62,129431,15552888.0,89970.0,33.75206,-118.30881
Newhall Branch,0.012709199999999999,1270.92,63546,15536224.0,40127.57142857143,34.44089,-118.571
Sherman Oaks Riverside Drive Branch,0.0271562,2715.62,135781,15545197.0,91399.57142857143,34.15768,-118.44056
Ventura Blvd and Calvin Branch,0.0157304,1573.04,78652,15529168.0,71638.57142857143,34.17275,-118.55691
Summerhill Ln and Mcbean Pkwy Branch,0.012203199999999999,1220.32,61016,15532750.0,47450.857142857145,34.44644,-118.55357
Sepulveda and Sherman Way Branch,0.0136846,1368.46,68423,15537165.0,47154.28571428572,34.19993,-118.46614
Long Beach Circle Center Branch,0.025956399999999998,2595.64,129782,15540217.0,94668.57142857143,33.79138,-118.14062
Stevenson Ranch Branch,0.0176002,1760.02,88001,15531686.0,65727.42857142857,34.39198,-118.57378
Salinas - Creek Bridge Branch,0.0083834,838.34,41917,15530009.0,29651.14285714286,36.6998,-121.61841
Buena Park - Valley View Branch,0.02055,2055.0,102750,15536612.0,82935.42857142857,33.83329,-118.02854
Fountain Valley At Costco Branch,0.020943,2094.3,104715,15540238.0,71634.57142857143,33.70436,-117.93418
Irvine - Quail Hill Branch,0.0231296,2312.96,115648,15533200.0,77498.57142857143,33.64765,-117.76747
Irvine - Irvine Boulevard Branch,0.0318568,3185.6800000000003,159284,15549107.0,110272.85714285714,33.72173,-117.77119
Ladera Ranch Branch,0.0169518,1695.18,84759,15522898.0,60636.42857142857,33.56467,-117.6448
Westover Branch,0.0028439999999999997,284.40000000000003,14220,15525384.0,10353.42857142857,29.43573,-98.64753
University and Medical Center Branch,0.0034652,346.52,17326,15526195.0,12547.857142857143,29.50974,-98.57763
Shavano Park Branch,0.007522999999999999,752.3000000000001,37615,15529984.0,24312.0,29.57495,-98.5451
Vance Jackson and I 10 Branch,0.0027045999999999997,270.46,13523,15525523.0,9321.0,29.48733,-98.53503
Preston Hollow Branch,0.006769,676.9,33845,15530139.0,24455.428571428572,32.86394,-96.8363
St. Francis Branch,0.0057208,572.08,28604,15530558.0,17158.14285714286,32.7956,-96.69064
Arapahpo & Shiloh Branch,0.01252,1252.0,62600,15531610.0,32399.714285714286,32.95997,-96.66809
Hickory Creek Branch,0.0074984,749.84,37492,15528215.0,26516.428571428572,33.12904,-97.04381
Lewisville - Lakepointe Branch,0.006816,681.6,34080,15526080.0,24851.285714285714,33.01027,-96.96832
Riverstone Branch,0.0134948,1349.48,67474,15528638.0,50508.57142857143,29.57098,-95.56919
Park Central Branch,0.0054897999999999995,548.98,27449,15527727.0,19561.428571428572,32.92222,-96.76903
League City Branch,0.013549199999999999,1354.92,67746,15535812.0,44641.0,29.5215,-95.07644
Cy - Fair Town Center Branch,0.0149752,1497.52,74876,15534658.0,51367.42857142857,29.97284,-95.68936
Hwy 6 and Forest Branch,0.0052702,527.02,26351,15526354.0,19778.428571428572,29.72171,-95.6442
Fry Road Branch,0.0237062,2370.62,118531,15527322.0,69786.57142857143,29.78683,-95.71886
Meyerpark Branch,0.007498599999999999,749.86,37493,15525211.0,30445.85714285714,29.67071,-95.46154
Providence Branch,0.0164308,1643.08,82154,15529353.0,60717.857142857145,29.67925,-95.64351
Woodforest and Uvalde Branch,0.0045908,459.08,22954,15524799.0,19815.285714285714,29.79181,-95.18748
Steeplechase Branch,0.0118392,1183.92,59196,15527293.0,41994.857142857145,29.90835,-95.58447
Beltway 8/Beechnut Branch,0.0099522,995.22,49761,15528853.0,38908.28571428572,29.69121,-95.55762
Washington and Shepherd Branch,0.010266599999999999,1026.66,51333,15534163.0,33700.0,29.77047,-95.40916
Old Spanish Trail Branch,0.0057415999999999995,574.16,28708,15527636.0,19170.571428571428,29.70211,-95.36174
LA Porte Branch,0.004100599999999999,410.06,20503,15525903.0,15843.57142857143,29.65229,-95.03317
Louetta and Kuykendahl Branch,0.007122,712.2,35610,15530176.0,26708.85714285714,30.04157,-95.48634
Cypresswood Branch,0.0094958,949.58,47479,15531368.0,31024.571428571428,30.05002,-95.43166
Treaschwig Branch,0.0058306,583.0600000000001,29153,15527401.0,21176.714285714286,30.04472,-95.3476
Northbrook Branch,0.0127152,1271.52,63576,15530228.0,52970.0,29.81962,-95.46662
South Kempwood Dr Branch,0.014214399999999999,1421.44,71072,15524737.0,55602.0,29.82272,-95.54698
Burleson,0.0088122,881.22,44061,15531352.0,25889.0,32.52126,-97.34863
North Collins Branch,0.0082394,823.94,41197,15534246.0,25405.14285714286,32.76755,-97.09705
Arkansas Lane Branch,0.0096346,963.46,48173,15519487.0,35733.71428571428,32.70623,-97.06555
Camp Bowie W and Normandale Branch,0.0032476,324.76,16238,15524214.0,12313.714285714286,32.72463,-97.47668
South Mansfield Branch,0.0060174,601.74,30087,15526760.0,22302.285714285714,32.59231,-97.14532
Saginaw Branch,0.010206999999999999,1020.7,51035,15532596.0,29524.714285714286,32.88401,-97.38467
Parmer Mcneil Branch,0.0064345999999999995,643.46,32173,15528908.0,19400.0,30.44569,-97.74353
Greenlawn and Hwy 45 Branch,0.004882399999999999,488.24,24412,15528232.0,17758.0,30.48051,-97.66043
Riverfront Plaza Branch,0.008945999999999999,894.6,44730,15531508.0,31765.0,40.86307,-74.03595
Paramus Branch,0.014789799999999999,1478.98,73949,15533747.0,61335.42857142857,40.93671,-74.05119
New Milford - River Road Branch,0.009646199999999999,964.62,48231,15529466.0,37191.142857142855,40.92647,-74.0264
South Orange Branch,0.0102556,1025.56,51278,15534614.0,31970.0,40.74611,-74.25905
Newark - Broad & Fulton Branch,0.0072054,720.54,36027,15527587.0,38830.71428571428,40.74219,-74.16912
Orange - Main Street Branch,0.004526,452.6,22630,15527844.0,15191.142857142857,40.77217,-74.22973
Bergenline Branch,0.0106718,1067.18,53359,15529681.0,36846.71428571428,40.78268,-74.02101
Flemington Circle Branch,0.010025599999999999,1002.5600000000001,50128,15535344.0,34913.0,40.49935,-74.85355
George St and Church Branch,0.0082852,828.52,41426,15536132.0,19307.714285714286,40.49604,-74.44416
Jefferson Township Branch,0.005276599999999999,527.66,26383,15526823.0,21932.714285714286,41.03757,-74.50463
Lakewood Plaza Branch,0.0162496,1624.96,81248,15541595.0,38141.857142857145,40.10838,-74.21936
Passaic - Main Avenue Branch,0.0057983999999999996,579.84,28992,15526954.0,20454.714285714286,40.86005,-74.12499
Somerville Branch,0.0122688,1226.88,61344,15539573.0,35216.57142857143,40.56983,-74.61572
Chase Center Seattle Branch,0.31618019999999997,31618.02,1580901,15638478.0,826461.5714285715,47.60729,-122.3372
South Lake Union Branch,0.0132714,1327.14,66357,15537444.0,36320.857142857145,47.62147,-122.33839
Park North Branch,0.005791999999999999,579.2,28960,15525919.0,15577.0,29.5201,-98.50353
Baseline and Boulder Branch,0.0124506,1245.06,62253,15547614.0,33223.0,34.12503,-117.19543
Broadway and 7th Branch,0.0075845999999999995,758.46,37923,15534260.0,20689.285714285714,32.71564,-117.158
Southern Blvd Branch,0.0059948,599.48,29974,15528156.0,19710.714285714286,40.82452,-73.89234
Riverpark Branch,0.016443199999999998,1644.32,82216,15543410.0,41687.142857142855,36.84922,-119.79063
Elk Grove Branch,0.012544,1254.4,62720,15534441.0,40703.42857142857,38.40858,-121.44579
Buhre Avenue Branch,0.0074026,740.26,37013,15527312.0,23810.571428571428,40.84723,-73.83143
Third Avenue and 106th St Branch,0.006043,604.3000000000001,30215,15528903.0,19362.571428571428,40.79171,-73.94458
Mulpitas Branch,0.0285932,2859.32,142966,15553696.0,86839.57142857143,37.43379,-121.90037
West Alameda Ave Branch,0.018065599999999998,1806.56,90328,15531655.0,67522.0,34.16307,-118.31346
Turner Parkway Branch,0.012383799999999999,1238.38,61919,15531996.0,38755.142857142855,38.13046,-122.22502
Chinatown Center Branch,0.008076999999999999,807.7,40385,15532703.0,23531.0,30.37848,-97.68833
West Bay Branch,0.0113368,1133.68,56684,15536512.0,36693.142857142855,27.91676,-82.79874
Silver Creek Branch,0.025630999999999998,2563.1,128155,15544347.0,70958.28571428571,37.30764,-121.81053
South Sanford Branch,0.0041616,416.16,20808,15527150.0,13673.714285714286,28.75958,-81.28594
Bell Gardens Branch,0.0083274,832.74,41637,15531058.0,26004.571428571428,33.967,-118.16477
73rd Avenue Branch,0.0107856,1078.56,53928,15529060.0,36498.142857142855,40.72716,-73.81126
Hillcroft Branch,0.005934399999999999,593.44,29672,15529544.0,17157.14285714286,29.7158,-95.49791
South Dobson Rd and Main Branch,0.0046254,462.54,23127,15531965.0,11279.714285714286,33.41428,-111.87462
Stapley and Mckellips Branch,0.0067707999999999996,677.08,33854,15528781.0,23704.285714285714,33.44924,-111.80488
Linden Branch,0.0037798,377.98,18899,15526747.0,12594.57142857143,40.69171,-73.76242
Southbay Pavilion Branch,0.0155588,1555.88,77794,15533054.0,51492.42857142857,33.84386,-118.26322
Malverne Branch,0.0125756,1257.56,62878,15531117.0,45022.28571428572,40.67787,-73.66737
Eastern Parkway Branch,0.008116,811.6,40580,15528192.0,23440.571428571428,40.67034,-73.95544
Coney Island Branch,0.0106106,1061.06,53053,15535464.0,34482.857142857145,40.59589,-73.96114
LA Gran Branch,0.005382,538.2,26910,15528106.0,15572.0,32.67621,-97.33059
West Harlem Branch,0.0078208,782.08,39104,15529143.0,27900.428571428572,40.8109,-73.9529
East Tremont Branch,0.0033162,331.62,16581,15524915.0,13283.857142857143,40.84554,-73.89125
White Plains Branch,0.0049098,490.98,24549,15526744.0,20296.285714285714,40.87766,-73.86629
Hoboken 14th St and Garden Branch,0.022263599999999998,2226.36,111318,15548848.0,53995.57142857143,40.75364,-74.0284
Kirkland Branch,0.0098106,981.0600000000001,49053,15524684.0,35308.142857142855,47.67547,-122.20485
West El Camino Real & Showers Branch,0.022761399999999998,2276.14,113807,15542677.0,72369.42857142857,37.39965,-122.11042
Winter Haven Branch,0.006462,646.2,32310,15528749.0,23456.14285714286,28.03445,-81.73289
Pompano Citi Centre Branch,0.012988399999999999,1298.84,64942,15529334.0,45682.57142857143,26.25856,-80.09996
Milliken Ave and Foothill Branch,0.0251874,2518.7400000000002,125937,15544946.0,79523.71428571429,34.10621,-117.55717
Englewood Plaza Branch,0.0012282,122.82000000000001,6141,15524761.0,3843.0,41.76778,-87.66405
South Main Branch,0.011564399999999999,1156.44,57822,15532394.0,31173.85714285714,29.69202,-95.41649
Alondra Branch,0.007781799999999999,778.1800000000001,38909,15531033.0,24401.428571428572,33.88922,-118.14113
Bellaire and Synott Branch,0.0109794,1097.94,54897,15529668.0,34242.71428571428,29.70359,-95.61267
Sunny Side Branch,0.0022906,229.06,11453,15526351.0,8409.857142857143,29.655,-95.35546
Saugus Branch,0.0146454,1464.54,73227,15548401.0,42218.71428571428,34.42745,-118.53683
W Ashlan Ave Branch,0.00404,404.0,20200,15528001.0,12992.857142857143,36.79384,-119.71481
Flamingo and I 215 Branch,0.015814599999999998,1581.46,79073,15537215.0,44779.0,36.11493,-115.30394
Golden Rod Branch,0.0061822,618.22,30911,15526988.0,24175.0,28.51474,-81.28834
Rancho Mirage Branch,0.0212352,2123.52,106176,15543151.0,70157.85714285714,33.78622,-116.40606
Chamblee Branch,0.005614999999999999,561.5,28075,15527190.0,19958.428571428572,33.88949,-84.31029
Spencer and Shaver Branch,0.0040885999999999995,408.86,20443,15522700.0,15582.0,29.66674,-95.20781
Oceanside Branch,0.011051199999999999,1105.1200000000001,55256,15535630.0,35345.857142857145,33.20632,-117.28778
Antoine and Tidwell Branch,0.0023547999999999998,235.48000000000002,11774,15524984.0,8690.57142857143,29.8498,-95.47317
Osceola Square Branch,0.0091002,910.02,45501,15525335.0,31610.285714285714,28.30461,-81.44044
Dongan Hills Branch,0.0104516,1045.16,52258,15532044.0,31891.714285714286,40.5876,-74.09097
Emeryville Branch,0.013233,1323.3,66165,15520289.0,48729.0,37.83725,-122.29428
Stony Point Rd Branch,0.0096028,960.28,48014,15530508.0,23607.714285714286,38.42767,-122.74142
West Country Club Branch,0.0083292,832.9200000000001,41646,15529709.0,29431.0,25.94402,-80.34244
Sunnyvale Branch,0.0198254,1982.54,99127,15542372.0,60936.28571428572,37.3739,-122.05678
Doral Plaza Branch,0.0311054,3110.54,155527,15526086.0,112669.0,25.81172,-80.35573
Coleman Ave Branch,0.013901799999999999,1390.18,69509,15536219.0,44849.142857142855,37.34096,-121.90829
Piazza Carmel Branch,0.022236,2223.6,111180,15540566.0,59352.142857142855,32.93805,-117.23018
Oak Creek Irvine Branch,0.0113712,1137.1200000000001,56856,15523864.0,37283.42857142857,33.66862,-117.78655
Riverside Branch,0.009028999999999999,902.9,45145,15534826.0,26451.571428571428,33.97574,-117.33936
Coit and 121 Branch,0.0122554,1225.54,61277,15538287.0,31461.571428571428,33.112,-96.76687
Dana Point Branch,0.046289399999999994,4628.9400000000005,231447,15671518.0,81293.57142857143,33.47722,-117.70499
East Islip Branch,0.007493199999999999,749.32,37466,15529726.0,25611.0,40.74246,-73.20076
Cosumnes River Branch,0.0058839999999999995,588.4,29420,15528906.0,19654.85714285714,38.49213,-121.4272
Mall At 163rd Branch,0.009751,975.1,48755,15531810.0,35187.71428571428,25.92888,-80.17845
Manor Road Branch,0.012301399999999999,1230.14,61507,15536591.0,36962.57142857143,40.60856,-74.12119
Hillsdale Branch,0.015524,1552.4,77620,15525839.0,50780.71428571428,37.53538,-122.29586
Falcon Ridge Branch,0.011953199999999999,1195.32,59766,15535826.0,37397.42857142857,34.15052,-117.47077
Beltway 8 and Fort Bend Branch,0.0044538,445.38,22269,15527127.0,13883.285714285714,29.61486,-95.49546
Seaside Branch,0.008433999999999999,843.4,42170,15528581.0,30318.85714285714,36.60925,-121.84718
River Oaks Branch,0.0314584,3145.84,157292,15564840.0,81477.57142857143,37.39766,-121.92373
West 207th Branch,0.006650199999999999,665.02,33251,15528295.0,25015.714285714286,40.86644,-73.92049
Stadium Corners Branch,0.0043668,436.68,21834,15527203.0,13938.0,25.95506,-80.24613
Bay Meadows Branch,0.007348599999999999,734.86,36743,15526107.0,24670.85714285714,30.24016,-81.58791
Cerritos Lincoln Station Branch,0.013954,1395.4,69770,15536204.0,44140.0,33.85848,-118.07925
Geer Road Branch,0.010110599999999999,1011.0600000000001,50553,15529933.0,32415.714285714286,37.51176,-120.84903
Sutphin Boulevard Branch,0.0082494,824.94,41247,15531994.0,26279.285714285714,40.70171,-73.80789
West San Marcos Branch,0.009132,913.2,45660,15531156.0,31347.714285714286,33.13212,-117.21025
Sylvan Corners Branch,0.0051148,511.48,25574,15524858.0,20988.85714285714,38.6932,-121.2943
Yuba City Branch,0.0136358,1363.58,68179,15540463.0,41872.142857142855,39.14232,-121.65552
East Kings Canyon Branch,0.0041494,414.94,20747,15528655.0,12874.285714285714,36.73582,-119.7341
Forest and Greenville Branch,0.0064014,640.14,32007,15526757.0,21478.571428571428,32.90922,-96.74721
Kraemer Branch,0.0139172,1391.72,69586,15539178.0,40578.142857142855,33.9109,-117.86375
Calvine Branch,0.010534199999999999,1053.42,52671,15532466.0,35084.28571428572,38.45008,-121.37154
Tully Road Branch,0.0043013999999999995,430.14,21507,15526604.0,15485.142857142857,37.68836,-121.0125
Wilshire and Vermont Branch,0.0093268,932.6800000000001,46634,15529466.0,29691.714285714286,34.06185,-118.29125
Ross and Prairie Branch,0.0053516,535.16,26758,15530853.0,14659.57142857143,32.80551,-96.77711
Antioch Hillcrest Branch,0.0059892,598.92,29946,15530060.0,17651.571428571428,37.98728,-121.78563
Roselle Branch,0.0063744,637.44,31872,15528681.0,20546.85714285714,40.66255,-74.2452
Merrick Boulevard and 110th Branch,0.0034763999999999997,347.64,17382,15529718.0,9236.142857142857,40.69813,-73.78752
Duarte Branch,0.0083882,838.82,41941,15528250.0,29986.0,34.13947,-117.98326
Sunset Ave and Merganser Branch,0.0047263999999999995,472.64,23632,15527789.0,15527.57142857143,38.2462,-122.02047
Northpoint Branch,0.0063365999999999995,633.66,31683,15528532.0,22852.714285714286,37.80576,-122.41297
Bixby Heights Branch,0.009562,956.2,47810,15531893.0,31689.85714285714,33.84071,-118.18464
Alamo Drive Branch,0.0060284,602.84,30142,15530183.0,17901.571428571428,38.33544,-121.95528
West Northern Avenue Branch,0.0027857999999999997,278.58,13929,15525158.0,10656.0,33.55309,-112.18555
San Pablo Branch,0.0064008,640.08,32004,15529780.0,19112.85714285714,37.96534,-122.34483
High Desert Gateway Branch,0.0137594,1375.94,68797,15538969.0,39842.28571428572,34.482,-117.33801
Mccart Westcreek Branch,0.0046289999999999994,462.90000000000003,23145,15526742.0,17936.285714285714,32.6541,-97.36299
Almaden Valley Banking Center Branch,0.017052599999999998,1705.26,85263,15526827.0,55007.71428571428,37.22073,-121.86127
1 30 and Broadway Branch,0.0064528,645.28,32264,15529404.0,18993.571428571428,32.84009,-96.5969
Hastings Ranch Branch,0.014471399999999999,1447.14,72357,15530901.0,44240.0,34.15024,-118.06848
The Plant Branch,0.0082962,829.62,41481,15531240.0,24532.0,37.30362,-121.86139
Wirt Road Branch,0.007689799999999999,768.98,38449,15526940.0,29335.714285714286,29.81494,-95.48528
Westlake Branch,0.008517,851.7,42585,15533097.0,26237.428571428572,38.65587,-121.53991
The Heights Branch,0.0055217999999999995,552.1800000000001,27609,15529645.0,15382.857142857143,40.74764,-74.04814
Hidden Valley Branch,0.0090286,902.86,45143,15531655.0,30712.571428571428,33.89987,-117.55699
Rainbow At Alta Branch,0.0061183999999999995,611.84,30592,15527277.0,23147.571428571428,36.16466,-115.24431
West Babylon Branch,0.0140608,1406.08,70304,15534618.0,55011.42857142857,40.68817,-73.34038
Kimball Junction Branch,0.0251556,2515.56,125778,15536432.0,599524.2857142857,40.72218,-111.5435
Provo University Ave Branch,0.013101999999999999,1310.2,65510,15544652.0,37524.28571428572,40.23802,-111.65863
Foothill Village Branch,0.009887,988.7,49435,15532064.0,37254.142857142855,40.73904,-111.82513
Woodlands Branch,0.0075902,759.02,37951,15535603.0,24970.714285714286,40.68416,-111.87141
Logan Smiths Branch,0.009764799999999999,976.48,48824,15543246.0,26436.14285714286,41.74555,-111.83449
Glenwood Fred Meyer Branch,0.0054881999999999995,548.82,27441,15527412.0,21204.14285714286,43.64673,-116.27529
Nampa Branch,0.0059488,594.88,29744,15526201.0,18750.85714285714,43.58747,-116.57559
Five Mile Fred Meyer Branch,0.007279399999999999,727.94,36397,15526566.0,29981.714285714286,43.59031,-116.31624
Moscow Branch,0.0052834,528.34,26417,15526905.0,21833.0,46.73262,-117.02708
Brigham City Branch,0.0034262,342.62,17131,15526313.0,14654.142857142857,41.50804,-112.01571
Capitol Plaza Branch,0.0081158,811.58,40579,15529904.0,29365.14285714286,43.61563,-116.20183
Meridian Branch,0.0084196,841.96,42098,15525599.0,32232.571428571428,43.61948,-116.37236
Coeur D Alene Fred Meyer Branch,0.012118799999999999,1211.88,60594,15543891.0,40335.57142857143,47.71539,-116.79401
Twin Falls Fred Meyer Branch,0.0044198,441.98,22099,15524566.0,18169.0,42.57426,-114.46044
Idaho Falls Fred Meyer Branch,0.003909999999999999,391.0,19550,15526345.0,16230.42857142857,43.51032,-112.0177
Boise Towne Square Branch,0.0058192,581.92,29096,15524828.0,21529.285714285714,43.60833,-116.28414
Route 59 & Brookdale Banking Center Branch,0.018995599999999998,1899.56,94978,15536508.0,51595.0,41.78931,-88.17056
Chicago Board Of Trade Banking Center Branch,0.0167484,1674.8400000000001,83742,15522104.0,67713.28571428571,41.87814,-87.63225
M 59 & Fisk Banking Center Branch,0.0078614,786.14,39307,15527906.0,23646.0,42.65677,-83.46869
East Rockaway Banking Center Branch,0.0111112,1111.1200000000001,55556,15535434.0,34581.71428571428,40.64122,-73.6649
Grove City East Branch,0.005251,525.1,26255,15526431.0,17580.0,39.87827,-83.03915
Upper Arlington Branch,0.009609,960.9,48045,15533989.0,27964.14285714286,40.00689,-83.04871
Sunbury Kroger Branch,0.0023929999999999997,239.3,11965,15525981.0,7394.142857142857,40.27927,-82.85021
Broad and Waggoner Branch,0.0070722,707.22,35361,15531798.0,22156.285714285714,39.98608,-82.7832
Powell Kroger Branch,0.0027124,271.24,13562,15526966.0,8247.142857142857,40.15862,-83.09515
Dublin Kroger Branch,0.0038369999999999997,383.7,19185,15526943.0,12018.0,40.10024,-83.16329
Northville Kroger Branch,0.0039864,398.64,19932,15523873.0,15256.0,42.4139,-83.43257
Hartland Branch,0.0088168,881.6800000000001,44084,15530116.0,29981.571428571428,42.6332,-83.75216
South Blvd and Crooks Branch,0.014137799999999999,1413.78,70689,15537675.0,41737.142857142855,42.62225,-83.16976
Romeo Plank and 26 Mile Branch,0.0050452,504.52000000000004,25226,15527701.0,15774.714285714286,42.71602,-82.96524
Hamilton Town Center Branch,0.0061075999999999995,610.76,30538,15523925.0,16926.428571428572,39.99574,-85.92952
Custer and 720 Branch,0.008659,865.9,43295,15538168.0,21211.14285714286,33.17168,-96.69581
Eldorado and Dnt Branch,0.0097784,977.84,48892,15538229.0,23722.428571428572,33.17518,-96.84323
Westheimer and Eldridge Branch,0.0169424,1694.24,84712,15518145.0,65470.28571428572,29.73573,-95.62483
Hwy 66 and Lakeshore Branch,0.0075908,759.08,37954,15526209.0,24089.14285714286,32.92912,-96.47118
Lakeway Blvd and Fm 620 Branch,0.022154999999999998,2215.5,110775,15553142.0,62450.857142857145,30.35411,-97.96154
Nolana and 29th Branch,0.0053257999999999995,532.58,26629,15525910.0,18601.714285714286,26.27482,-98.2367
Will Clayton Branch,0.006060599999999999,606.0600000000001,30303,15529252.0,18508.571428571428,29.97945,-95.2174
Broadway and Southtown Branch,0.004418,441.8,22090,15525486.0,14526.57142857143,32.27519,-95.3068
Shadow Creek Ranch Branch,0.0151434,1514.34,75717,15530014.0,43195.71428571428,29.58026,-95.38994
Preston and Beltline Branch,0.0130122,1301.22,65061,15527011.0,30990.428571428572,32.9542,-96.80397
Weatherford Branch,0.0139146,1391.46,69573,15533099.0,40536.0,32.73061,-97.78708
Horizon and Ralph Hall Branch,0.022123399999999998,2212.34,110617,15535354.0,77001.0,32.89188,-96.47151
Macarthur and Sandy Lake Branch,0.0163298,1632.98,81649,15570817.0,31629.428571428572,32.97095,-96.95979
Wurzbach and NW Military Branch,0.00565,565.0,28250,15525843.0,16342.285714285714,29.55633,-98.53436
Evans and 281 Branch,0.0070364,703.64,35182,15530679.0,19938.428571428572,29.63797,-98.45616
Troup Hwy Branch,0.0059524,595.24,29762,15530899.0,17455.14285714286,32.2958,-95.26199
Montwood and Loop 375 Branch,0.006155,615.5,30775,15528780.0,18458.14285714286,31.7595,-106.26723
Clifford and Western Trade Branch,0.0058844,588.44,29422,15528366.0,18676.14285714286,32.76459,-97.48053
Dripping Springs Branch,0.012479599999999999,1247.96,62398,15534167.0,35305.57142857143,30.19155,-98.08749
Babcock and Huebner Branch,0.005519,551.9,27595,15530021.0,16221.142857142857,29.52441,-98.60018
Loop 323 and Erwin Branch,0.0041174,411.74,20587,15528021.0,12331.714285714286,32.35251,-95.34374
Hwy 6 and West Branch,0.009999,999.9,49995,15533266.0,28218.714285714286,29.90401,-95.63297
Stacy and US 75 Branch,0.0135838,1358.38,67919,15533774.0,36524.28571428572,33.12968,-96.65446
Spring Creek and Hwy 75 Branch,0.0206696,2066.96,103348,15548263.0,50310.28571428572,33.05752,-96.69561
I 45 and Fm 3083 Branch,0.009949399999999999,994.94,49747,15530368.0,30848.85714285714,30.34009,-95.48122
Loop 281 and Gilmer Branch,0.006719999999999999,672.0,33600,15528868.0,20427.571428571428,32.526,-94.78064
Midlothian Branch,0.0088354,883.54,44177,15535851.0,23064.14285714286,32.482,-97.00838
Teasley and Hickory Creek Branch,0.0055194,551.94,27597,15527826.0,16676.14285714286,33.14373,-97.10514
Beach and Golden Triangle Branch,0.0069968,699.6800000000001,34984,15528090.0,21787.571428571428,,
De Zavala and I 10 Branch,0.0116562,1165.6200000000001,58281,15539030.0,34911.857142857145,29.56347,-98.58977
Military and 410 Branch,0.0024194,241.94,12097,15524798.0,7944.714285714285,29.44443,-98.63784
Harker Heights Branch,0.008295199999999999,829.52,41476,15532734.0,24338.0,31.07161,-97.6701
Skillman and Larmanda Branch,0.0039238,392.38,19619,15526000.0,11476.42857142857,32.86393,-96.7458
Booneville and Hwy 6 Branch,0.0082588,825.88,41294,15529150.0,23990.714285714286,30.80323,-96.30564
Crowley and Renfro Branch,0.006083,608.3000000000001,30415,15527964.0,18906.14285714286,32.5997,-97.35091
Renner and Custer Branch,0.011110199999999999,1111.02,55551,15540597.0,26293.571428571428,32.99742,-96.73009
Spencer Hwy and Red Bluff Branch,0.004435,443.5,22175,15528827.0,12328.714285714286,29.66354,-95.13241
Hwy 6 and Fort Bend Tollway Branch,0.0079542,795.4200000000001,39771,15512718.0,25974.285714285714,29.52715,-95.49945
Washington Thornton Branch,0.0062629999999999995,626.3000000000001,31315,15530047.0,17572.0,39.87084,-104.9779
Baptist Rd and I 25 Branch,0.011349399999999999,1134.94,56747,15537083.0,32687.571428571428,39.05653,-104.81426
Highlands Ranch Pkwy and Lucent Branch,0.0138902,1389.02,69451,15528027.0,41102.71428571428,39.54477,-105.01228
Vrain and 120th Branch,0.0172756,1727.56,86378,15550938.0,45490.142857142855,39.9148,-105.04598
Windsor Branch,0.011571999999999999,1157.2,57860,15534693.0,31383.14285714286,40.47938,-104.93056
Mississippi and Buckley Branch,0.010346,1034.6,51730,15532340.0,29812.714285714286,39.69654,-104.79124
Lincoln Blvd and Peoria Branch,0.0078496,784.96,39248,15527584.0,29163.85714285714,39.57298,-104.85795
Harmony and Corbett Branch,0.0103152,1031.52,51576,15532813.0,29491.571428571428,40.52339,-105.02563
Main and 119 Branch,0.0087228,872.28,43614,15531133.0,21348.85714285714,40.15258,-105.09324
Rittenhouse and Ellsworth Branch,0.008383,838.3000000000001,41915,15534756.0,21644.14285714286,33.25463,-111.63823
Scottsdale Rd and Lone Mtn Branch,0.0079992,799.9200000000001,39996,15526473.0,30946.285714285714,33.76669,-111.92574
Oracle and Golder Ranch Rd Branch,0.0068861999999999994,688.62,34431,15532191.0,21618.428571428572,32.4841,-110.92224
Yuma and Cotton Branch,0.0044656,446.56,22328,15528390.0,13822.857142857143,33.44077,-112.42676
Oro Valley Marketplace Branch,0.005588,558.8000000000001,27940,15529859.0,16658.14285714286,32.41394,-110.93843
Happy Valley and Lake Pleasant Rd Branch,0.0094736,947.36,47368,15529632.0,28031.85714285714,33.71059,-112.27637
El Mirage and Vistancia Branch,0.0086908,869.08,43454,15535669.0,23856.571428571428,33.7561,-112.2681
Willow Creek Frys Branch,0.0040533999999999995,405.34000000000003,20267,15526834.0,13263.42857142857,34.6008,-112.4561
Anthem Way and Vision Branch,0.007063,706.3000000000001,35315,15529664.0,22265.571428571428,33.83924,-112.10758
Chandler Heights and Arizona Ave Branch,0.0120638,1206.38,60319,15532308.0,37909.28571428572,33.23308,-111.84863
Indian School and 32nd St Branch,0.005836399999999999,583.64,29182,15526469.0,18691.285714285714,33.49524,-112.01449
Tangerine and Thornydale Branch,0.0080316,803.16,40158,15521990.0,26243.0,32.42518,-111.04668
Happy Valley and 39th Ave Branch,0.0100856,1008.5600000000001,50428,15529662.0,30111.0,33.71285,-112.14326
North Layton Branch,0.002675,267.5,13375,15525138.0,9336.857142857143,41.10126,-111.94041
Greenway and 303 Frys Branch,0.0022976,229.76,11488,15527369.0,6160.142857142857,33.62343,-112.42667
Bangerter Crossing Branch,0.0136554,1365.54,68277,15541337.0,36795.57142857143,40.50073,-111.88642
Saratoga Springs Branch,0.0038507999999999997,385.08,19254,15525841.0,12931.42857142857,40.37115,-111.93904
Second Ave E and 53rd St Branch,0.0154378,1543.78,77189,15531774.0,56483.42857142857,40.75654,-73.9673
Hauppauge East Branch,0.0063273999999999995,632.74,31637,15529334.0,20343.14285714286,40.82683,-73.20119
Middletown Fairgrounds Plaza Branch,0.0049429999999999995,494.3,24715,15526091.0,14648.0,41.44881,-74.47046
Roslyn Branch,0.006973999999999999,697.4,34870,15528688.0,25905.428571428572,40.80033,-73.65161
Wappinger Branch,0.014055,1405.5,70275,15536394.0,42883.0,41.58848,-73.90758
Todt Hill Branch,0.0060111999999999995,601.12,30056,15526699.0,21965.571428571428,40.58979,-74.1012
Fort Hamilton Pkwy and 65th St Branch,0.0207262,2072.62,103631,15545751.0,56021.71428571428,40.63056,-74.00916
Jericho Turnpike Branch,0.0261336,2613.36,130668,15551257.0,77956.28571428571,40.74203,-73.66071
Ft Greene Branch,0.015977599999999998,1597.76,79888,15538249.0,45324.71428571428,40.69308,-73.96981
Kings Hwy and E 2nd St Branch,0.022900399999999998,2290.04,114502,15544110.0,63156.28571428572,40.60426,-73.97106
Co Op City Branch,0.0064072,640.72,32036,15509289.0,21420.714285714286,40.87983,-73.82267
Army Trail and Bloomingdale Branch,0.0181272,1812.72,90636,15536961.0,56939.857142857145,41.93748,-88.08026
Deep Lake and Rt 173 Branch,0.003958,395.8,19790,15528243.0,11953.57142857143,42.47216,-88.0987
Springbrook Prairie Branch,0.0226058,2260.58,113029,15542310.0,64282.857142857145,41.74742,-88.19644
Rt 59 and 135th St Branch,0.0120594,1205.94,60297,15536191.0,34536.142857142855,41.63827,-88.20286
Des Plaines and Kinzie Branch,0.019045199999999998,1904.52,95226,15537372.0,56146.57142857143,41.88715,-87.64443
Dempster and Gross Pointe Branch,0.022445,2244.5,112225,15549953.0,65433.857142857145,42.04088,-87.75755
Johnsburg Branch,0.007417999999999999,741.8000000000001,37090,15532686.0,20198.85714285714,42.33009,-88.2951
Randall and Binnie Branch,0.0153832,1538.32,76916,15537052.0,45355.42857142857,42.11919,-88.3353
Orchard and Mayfield Branch,0.0048942,489.42,24471,15529848.0,13838.142857142857,41.71847,-88.37539
Townline and Lake Branch,0.0269538,2695.38,134769,15551028.0,66635.85714285714,42.24,-87.9982
Mokena Market Place Branch,0.010511999999999999,1051.2,52560,15534422.0,27602.0,41.50326,-87.88893
Wabash and Adams Branch,0.0088308,883.08,44154,15537059.0,23372.428571428572,41.88081,-87.62571
East Chapman Branch,0.0155874,1558.74,77937,15539460.0,42933.71428571428,33.78777,-117.80914
Saratoga Branch,0.0117094,1170.94,58547,15535646.0,34767.0,37.29104,-122.03226
Balboa & Devonshire Banking Center Branch,0.0103908,1039.08,51954,15537191.0,30111.0,34.25564,-118.50235
Fremont Irvington Branch,0.018863599999999998,1886.3600000000001,94318,15549141.0,45913.42857142857,37.53264,-121.95796
Santa Monica Saltair Branch,0.0183868,1838.68,91934,15538365.0,56094.142857142855,34.04104,-118.46224
Dougherty and Bollinger Branch,0.016507,1650.7,82535,15535826.0,53148.0,37.77383,-121.9237
Story Rd Branch,0.0076634,766.34,38317,15533844.0,20009.571428571428,37.3403,-121.84267
Anthem Nevada Branch,0.0216004,2160.04,108002,15552103.0,55497.857142857145,35.98015,-115.10049
Pearl District Branch,0.0103068,1030.68,51534,15532589.0,36869.857142857145,45.52369,-122.68355
Lindon Branch,0.0083906,839.0600000000001,41953,15537000.0,22093.14285714286,40.34854,-111.7278
Seattle Hill Road Branch,0.0055636,556.36,27818,15529499.0,15995.0,47.87851,-122.16479
Columbia Tech Center Branch,0.012272199999999999,1227.22,61361,15526222.0,38230.28571428572,45.62129,-122.47608
Via Princessa Branch,0.018578,1857.8,92890,15534746.0,71776.85714285714,34.40523,-118.46563
Huntington Harbour Branch,0.0515172,5151.72,257586,15534054.0,207979.85714285713,33.71675,-118.05016
Brookhurst and Ball Rd Branch,0.0257918,2579.18,128959,15534047.0,103601.71428571429,33.81989,-117.95892
Roseville Branch,0.0307904,3079.04,153952,15545346.0,121538.57142857143,38.74415,-121.2619
Lompoc Branch,0.0116864,1168.64,58432,15528507.0,50874.71428571428,34.66248,-120.45766
San Diego 4s Ranch Branch,0.019171,1917.1000000000001,95855,15544039.0,56463.71428571428,33.02024,-117.11369
Coffee Road Branch,0.0152626,1526.26,76313,15539036.0,50391.57142857143,35.41421,-119.09237
South San Francisco Branch,0.013378399999999999,1337.84,66892,15529039.0,48775.71428571428,37.66364,-122.44624
Arapahoe and Yosemite Branch,0.0163798,1637.98,81899,15546991.0,45834.71428571428,39.59516,-104.89334
Golden Town Center Branch,0.006568999999999999,656.9,32845,15531505.0,20238.714285714286,39.73814,-105.19449
Firehouse Square Branch,0.0164132,1641.32,82066,15532290.0,47517.857142857145,39.72559,-104.97446
Iris and 28th St Branch,0.010896999999999999,1089.7,54485,15533867.0,32375.714285714286,40.03535,-105.25853
Federal and Evans Branch,0.0028694,286.94,14347,15525918.0,8189.714285714285,39.67863,-105.02412
Edgewater Marketplace Branch,0.0033615999999999997,336.16,16808,15527488.0,9198.142857142857,39.74483,-105.05318
Milestone Center Branch,0.0173974,1739.74,86987,15548947.0,48024.0,39.40913,-104.8634
Colfax and Sable Branch,0.005591,559.1,27955,15528446.0,15841.714285714286,39.74024,-104.81822
Mayfair Plaza Branch,0.0090526,905.26,45263,15534735.0,22026.14285714286,39.74009,-104.91667
Wheat Ridge Marketplace Branch,0.0238972,2389.7200000000003,119486,15623040.0,28135.14285714286,39.76939,-105.07927
Belcaro Center Branch,0.007655599999999999,765.5600000000001,38278,15525314.0,25692.285714285714,39.70301,-104.94085
Federal and Speer Branch,0.0099274,992.74,49637,15540979.0,26533.428571428572,39.75991,-105.02452
Danbury Lake Ave Branch,0.005167199999999999,516.72,25836,15528425.0,19080.428571428572,41.44298,-73.48866
Palm Aire Branch,0.0204068,2040.68,102034,15537825.0,85230.0,26.23027,-80.15688
Delray Square Branch,0.0423036,4230.36,211518,15549633.0,171773.7142857143,26.46202,-80.12269
Kennedy and Westshore Banking Center Branch,0.0137126,1371.26,68563,15530674.0,44012.142857142855,27.94495,-82.52222
Weston Commons Branch,0.0165994,1659.94,82997,15539577.0,61539.28571428572,26.05911,-80.37082
Edgewood Branch,0.009607,960.7,48035,15534092.0,29206.14285714286,33.75839,-84.34825
Duluth Reynolds Crossing Branch,0.011247799999999999,1124.78,56239,15530278.0,32884.57142857143,33.96193,-84.14401
Summit Point Branch,0.0059644,596.44,29822,15529781.0,18959.571428571428,33.43221,-84.4572
West End Atlanta Branch,0.0027305999999999997,273.06,13653,15525961.0,8670.42857142857,33.7381,-84.41649
Cheshire Bridge Branch,0.014914799999999999,1491.48,74574,15538698.0,37372.0,33.81969,-84.35131
Barrett Creek Branch,0.009883,988.3000000000001,49415,15531815.0,32592.571428571428,34.01402,-84.55221
Shannon Crossing Branch,0.0025705999999999997,257.06,12853,15526757.0,7808.571428571428,33.56806,-84.53755
Morrow Southlake Branch,0.0036246,362.46,18123,15525248.0,13644.42857142857,33.56313,-84.32468
Stockbridge Village Branch,0.0050342,503.42,25171,15526948.0,16901.85714285714,33.55173,-84.27316
Headland Dr and Greenbrier Branch,0.0046764,467.64,23382,15527022.0,13769.285714285714,33.68957,-84.48759
South Dekalb Branch,0.0016615999999999998,166.16,8308,15524383.0,6596.285714285715,33.70835,-84.27212
Briarcliff Village Branch,0.0064814,648.14,32407,15527861.0,24872.85714285714,33.84636,-84.25558
Holly Springs Branch,0.0048662,486.62,24331,15527962.0,17587.571428571428,34.12781,-84.49832
Snellville Scenic and Pharrs Branch,0.009827599999999999,982.76,49138,15535159.0,30338.85714285714,33.87728,-84.01286
Mcintosh Village Branch,0.007792599999999999,779.26,38963,15532155.0,21280.0,33.39699,-84.60034
Moreland Branch,0.0017128,171.28,8564,15525070.0,5915.428571428572,33.71451,-84.33364
Hairston Village Branch,0.0026945999999999997,269.46,13473,15526860.0,9399.57142857143,33.80441,-84.19361
Tropicana Beltway Branch,0.0124318,1243.18,62159,15530716.0,47766.0,36.09308,-115.29733
Craig Marketplace Branch,0.014907799999999999,1490.78,74539,15537599.0,44412.0,36.2405,-115.25181
Trails Center Branch,0.0140272,1402.72,70136,15536744.0,47034.28571428572,36.19173,-115.30476
West Lake Mead Promenade Branch,0.0036558,365.58,18279,15525327.0,14170.42857142857,36.196,-115.23407
Eastwind Center Branch,0.009857399999999999,985.74,49287,15529497.0,38958.142857142855,36.04228,-115.12183
Horizon Town Center Branch,0.0050317999999999995,503.18,25159,15525969.0,20861.14285714286,36.01558,-114.95536
Windmill Branch,0.013928,1392.8,69640,15532449.0,45915.142857142855,36.04106,-115.17217
Charleston and Fremont Branch,0.0048556,485.56,24278,15526993.0,18232.14285714286,36.15872,-115.11047
Maryland Crossing Branch,0.010064,1006.4,50320,15527630.0,39734.57142857143,36.11471,-115.13598
Center Moriches Old Neck Rd Branch,0.006693999999999999,669.4,33470,15528412.0,28278.285714285714,40.8023,-72.80741
Forest Hills 108th St Branch,0.0125644,1256.44,62822,15529343.0,38578.142857142855,40.73345,-73.84979
Harlem Metro North Branch,0.0055112,551.12,27556,15530603.0,19250.285714285714,40.80491,-73.93868
Northport Branch,0.008629,862.9,43145,15529692.0,32057.714285714286,40.89605,-73.33534
Broadway and 32nd Branch,0.0277198,2771.98,138599,15539397.0,83238.0,40.74848,-73.98814
Eighth Ave and 15th Branch,0.02871,2871.0,143550,15515013.0,87628.14285714286,40.74111,-74.00159
Oakland Gardens Branch,0.0190794,1907.94,95397,15540538.0,59598.42857142857,40.74904,-73.75659
Broadway and 13th Branch,0.023974199999999998,2397.42,119871,15550968.0,68442.14285714286,40.73397,-73.99094
Dix Hills Branch,0.0101354,1013.5400000000001,50677,15529887.0,37224.28571428572,40.83027,-73.3597
East Fordham Branch,0.009505999999999999,950.6,47530,15529158.0,37614.42857142857,40.86226,-73.89558
Marathon Pkwy Branch,0.0129698,1296.98,64849,15532841.0,44900.42857142857,40.76019,-73.73153
East Setauket Branch,0.0079446,794.46,39723,15527858.0,31291.85714285714,40.90593,-73.07034
Lindenwood Branch,0.0123956,1239.56,61978,15532095.0,44881.28571428572,40.66624,-73.85123
Fresh Pond Rd Branch,0.013770399999999999,1377.04,68852,15535823.0,46361.42857142857,40.70594,-73.89675
Glen Cove Branch,0.007730399999999999,773.04,38652,15520514.0,28520.14285714286,40.87405,-73.61924
East Harlem Branch,0.0066412,664.12,33206,15527611.0,21378.714285714286,40.79816,-73.94052
Ditmars Blvd and 31st Branch,0.011983599999999999,1198.3600000000001,59918,15534320.0,37367.28571428572,40.77553,-73.91155
Westheimer and Beltway 8 Branch,0.0233662,2336.62,116831,15529674.0,92831.71428571429,29.73701,-95.55953
Hall Rd and Heydenreich Branch,0.007704399999999999,770.44,38522,15530712.0,23524.0,42.6288,-82.91113
Estrella and Pebble Creek Branch,0.0100602,1006.02,50301,15531631.0,28268.14285714286,33.46976,-112.39225
Cactus and Reems Branch,0.0056752,567.52,28376,15530438.0,15307.857142857143,33.59506,-112.39847
Baseline and Greenfield Branch,0.0081694,816.94,40847,15534538.0,21100.0,33.37802,-111.73947
St George Santa Clara Sunset Branch,0.0060586,605.86,30293,15528838.0,18067.571428571428,37.12349,-113.62711
West Freehold Branch,0.017515799999999998,1751.58,87579,15543021.0,59115.71428571428,40.24515,-74.29699
Franklin Township Branch,0.016585,1658.5,82925,15535652.0,54545.57142857143,40.52897,-74.54038
Bound Brook Branch,0.008898,889.8000000000001,44490,15530072.0,29685.285714285714,40.56776,-74.54514
Christopher Columbus Branch,0.0296978,2969.78,148489,15553467.0,84879.28571428571,40.71725,-74.03502
Lawrenceville Shoprite Branch,0.0111604,1116.04,55802,15517552.0,31267.571428571428,40.28323,-74.72177
Warren Mt Bethel Rd Branch,0.0254374,2543.7400000000002,127187,15527648.0,79240.0,40.617,-74.49527
West Windsor Branch,0.0186242,1862.42,93121,15537428.0,58431.71428571428,40.31374,-74.61965
Union Stuyvesant Branch,0.013819,1381.9,69095,15581738.0,16170.857142857143,40.69911,-74.26624
Middletown Shoprite Branch,0.0050174,501.74,25087,15527781.0,14592.0,40.40086,-74.12074
Marlboro Plaza Branch,0.025754799999999998,2575.48,128774,15548391.0,74443.14285714286,40.29874,-74.30226
Bellaire Blvd and Rice Branch,0.0322588,3225.88,161294,15541144.0,111476.42857142857,29.70592,-95.46849
Summit Parkway Branch,0.0039844,398.44,19922,15525338.0,16251.714285714286,29.48774,-98.58619
Kirby and Sunset Branch,0.022865999999999997,2286.6,114330,15541629.0,69639.42857142857,29.72283,-95.41854
Guadalupe Branch,0.011483,1148.3,57415,15534765.0,34215.28571428572,30.28815,-97.74157
Northland Mopac Branch,0.0149682,1496.82,74841,15527212.0,58263.857142857145,30.33712,-97.75671
Duncanville Branch,0.0081604,816.04,40802,15524815.0,34903.0,32.65196,-96.92576
North Central Expwy Branch,0.0089638,896.38,44819,15530909.0,33076.0,33.21484,-96.63732
Magnolia Ave and Tyler Branch,0.0159318,1593.18,79659,15530835.0,50744.857142857145,33.91166,-117.46203
Allerton and White Plains Rd Branch,0.0027202,272.02,13601,15527398.0,7357.142857142857,40.86549,-73.86742
Fair Oaks Blvd and Watt Branch,0.0093788,937.88,46894,15531300.0,26387.14285714286,38.57488,-121.38042
Presidential Circle Branch,0.015114599999999999,1511.46,75573,15553598.0,36169.57142857143,26.01057,-80.18619
West Illinois Branch,0.0043814,438.14,21907,15527714.0,11643.857142857143,32.72023,-96.88204
Mission and Ocean Branch,0.012036199999999999,1203.6200000000001,60181,15533855.0,35607.57142857143,37.72358,-122.43557
Benicia Branch,0.0082728,827.28,41364,15530860.0,26768.571428571428,38.06688,-122.16522
Market and 15th Banking Center Branch,0.0171888,1718.88,85944,15530893.0,56552.57142857143,37.76596,-122.43135
Lake June Banking Center Branch,0.0045626,456.26,22813,15528001.0,12498.142857142857,32.73415,-96.61536
Roselle & Wise Banking Center Branch,0.0278476,2784.76,139238,15540627.0,66438.14285714286,42.00722,-88.08006
Medical District Banking Ctr Branch,0.0033528,335.28000000000003,16764,15524130.0,8725.857142857143,32.73326,-97.33175
Northern & 91st Avenue Banking Center Branch,0.005500199999999999,550.02,27501,15528918.0,13934.42857142857,33.55179,-112.25373
Florence & I-10 Banking Center Branch,0.004996,499.6,24980,15528769.0,13936.285714285714,32.87958,-111.68388
Wadsworth & 52nd Banking Ctr Branch,0.0043738,437.38,21869,15528157.0,11895.714285714286,39.7925,-105.0805
Livingston Banking Center Branch,0.0327022,3270.2200000000003,163511,15572503.0,88761.42857142857,40.78218,-74.34523
Highway 69 & Sundog Ranch Road Banking Center,0.0056354,563.54,28177,15528213.0,16585.285714285714,34.59701,-112.32299
North Gables Banking Center Branch,0.0160744,1607.44,80372,15535704.0,44674.28571428572,25.75975,-80.25906
Michigan & Jackson Bnkg Ctr Branch,0.0064822,648.22,32411,15530436.0,19367.714285714286,41.87764,-87.62437
Slaiughter Brodie Banking Ctr Branch,0.0066998,669.98,33499,15526691.0,25158.428571428572,30.21334,-97.8588
Davie Nova Banking Center Branch,0.0098214,982.14,49107,15536332.0,25697.0,26.08653,-80.23208
Trumbull Center Banking Center Branch,0.0122584,1225.84,61292,15523665.0,57631.0,41.24519,-73.19697
Lewis Center Kroger Bnkg Ctr Branch,0.0028929999999999997,289.3,14465,15526744.0,7721.285714285715,40.20162,-83.0292
North Hills Sepulveda Branch,0.004941,494.1,24705,15528420.0,13705.285714285714,34.23631,-118.46738
State Highway & 249 & Antoine Banking Center,0.0064156,641.5600000000001,32078,15527104.0,18141.714285714286,29.91536,-95.48651
Commackvets Hwy Branch,0.051636999999999995,5163.7,258185,15553109.0,197437.14285714287,40.84118,-73.28654
Kings Hwy & Convey Island Avenue Banking Center,0.0137676,1376.76,68838,15535113.0,37365.28571428572,40.60732,-73.96176
Jackson Banking Center Branch,0.010713,1071.3,53565,15530573.0,32159.714285714286,40.13934,-74.29857
Bot Ranch Branch,0.011712199999999999,1171.22,58561,15530695.0,38452.57142857143,28.06172,-82.70749
I 10 and Bunker Hill Bnkg Ctr Branch,0.009404599999999999,940.46,47023,15522881.0,28255.714285714286,29.78516,-95.53144
Alsip Banking Center Branch,0.010841199999999999,1084.1200000000001,54206,15530981.0,26940.571428571428,41.67317,-87.71948
Cedar Hills and Lone Peak Branch,0.0139078,1390.78,69539,15529571.0,36272.28571428572,40.38773,-111.72444
Garfield & 65th Banking Ctr Branch,0.003235,323.5,16175,15526420.0,9372.42857142857,40.45842,-105.07817
Pico Rivera Washington Street Banking Center,0.0049292,492.92,24646,15528294.0,14131.142857142857,33.98357,-118.09748
Main & Raymond Banking Center Branch,0.0157734,1577.3400000000001,78867,15535312.0,44669.42857142857,34.09192,-118.14629
Johnstown Kroger Banking Ctr Branch,0.0020842,208.42000000000002,10421,15526649.0,6028.285714285715,40.14594,-82.70473
Eola & Indian Trail Bnkg Ctr Branch,0.017207399999999998,1720.74,86037,15534104.0,43801.0,41.77469,-88.2396
Southfield Webster Bnkg Ctr Branch,0.0060834,608.34,30417,15528421.0,18415.571428571428,42.51,-83.22296
Sandy Plains & Shallowford Banking Center,0.0099224,992.24,49612,15527734.0,28736.14285714286,34.03823,-84.46095
Water Street & Maiden Lane Banking Center,0.021455,2145.5,107275,15521193.0,75951.57142857143,40.70637,-74.00562
Taft & 14th Banking Center Branch,0.0066884,668.84,33442,15527383.0,20563.571428571428,40.37859,-105.09798
Brighton Beach Walk Bnkg Ctr Branch,0.020564,2056.4,102820,15577143.0,39261.0,40.57625,-73.96733
Walnut Creek Geary Bnkg Ctr Branch,0.0099632,996.32,49816,15537460.0,26047.428571428572,37.92525,-122.08648
Boston Post Road & Racebrook Banking Center,0.0164436,1644.3600000000001,82218,15530428.0,49393.71428571428,41.26741,-73.00073
Hillside Town Center Bnk Ctr Branc H,0.0057918,579.1800000000001,28959,15526688.0,16238.142857142857,41.86773,-87.88291
Roosevelt & Country Farm Banking Center,0.0070944,709.44,35472,15530625.0,20200.571428571428,41.85791,-88.13843
Ridgeland & 12th Banking Ctr Branch,0.0157402,1574.02,78701,15537008.0,41922.57142857143,41.66221,-87.77754
Culver & Walnut Banking Ctr Branch,0.0224386,2243.86,112193,15550666.0,58178.0,33.70714,-117.78517
Deerfield Symmes Banking Ctr Branch,0.0104192,1041.92,52096,15534015.0,29938.0,39.25656,-84.24335
Oak Lawn Keeler Banking Ctr Branch,0.0076348,763.48,38174,15529810.0,22223.0,41.72033,-87.72535
Mcallen South Mills Bnkg Ctr Branch,0.0086638,866.38,43319,15523770.0,24983.285714285714,26.18951,-98.20579
Collins & Randol Mills Bnkg Ctr Brh,0.0050476,504.76,25238,15529930.0,12376.714285714286,32.75043,-97.0973
East Brunswick Banking Center Branch,0.0233568,2335.68,116784,15546925.0,62708.28571428572,40.43544,-74.38991
Arlington & Madison Bnkg Ctr Branch,0.0061446,614.46,30723,15529998.0,16330.857142857143,33.94599,-117.41336
Tenafly Banking Center Branch,0.0326098,3260.98,163049,15555386.0,88149.28571428571,40.92812,-73.96199
Noroton Heights Banking Ctr Branch,0.01571,1571.0,78550,15535860.0,47604.0,41.06962,-73.49136
Hillside Avenue Banking Ctr Branch,0.0074356,743.5600000000001,37178,15532169.0,18322.428571428572,40.71321,-73.79282
North Red Bank Banking Center Branch,0.0112972,1129.72,56486,15531788.0,36582.142857142855,40.37273,-74.08735
Broadview Banking Center Branch,0.008761399999999999,876.14,43807,15529461.0,28734.14285714286,41.85282,-87.85263
Clavey & US 41 Banking Center Branch,0.010105399999999999,1010.5400000000001,50527,15527891.0,29896.14285714286,42.15692,-87.80486
Montebello & 19th Ave Bnk Ctr Branch,0.0043254,432.54,21627,15528687.0,11869.0,33.52105,-112.0995
Baldwin North Banking Center Branch,0.0063282,632.82,31641,15531134.0,18699.285714285714,40.6804,-73.6149
Oakdale Banking Center Branch,0.0153776,1537.76,76888,15528313.0,61242.142857142855,40.73517,-73.1171
Centereach Banking Center Branch,0.0095122,951.22,47561,15530728.0,31077.0,40.85829,-73.08565
Happy Valley & I 17 Bnkg Ctr Branch,0.013690599999999999,1369.06,68453,15526910.0,37473.142857142855,33.76177,-112.11085
Poinsettia Village Bnkg Ctr Branch,0.011063,1106.3,55315,15533795.0,30060.85714285714,33.09953,-117.31059
Telegraph & Whittier Banking Center Branch,0.0116808,1168.08,58404,15537078.0,29284.285714285714,33.93977,-118.04563
Escondido Valley Parkway Bnkg Ctr Br,0.0075959999999999995,759.6,37980,15530781.0,21769.714285714286,33.13268,-117.06224
East Windsor Banking Center Branch,0.0127788,1277.88,63894,15537931.0,33304.857142857145,40.25441,-74.53381
St. Charles & West Ave Bnkg Ctr Brh,0.016408799999999998,1640.88,82044,15539301.0,38898.57142857143,41.89022,-87.95967
Norridge Banking Center Branch,0.030602599999999997,3060.26,153013,15541254.0,99166.28571428571,41.95687,-87.80719
Pluckemin Banking Center Branch,0.0169308,1693.08,84654,15541929.0,49027.857142857145,40.6465,-74.64123
Lapeer Road & Ray Rd Bnkg Ctr Branch,0.0075718,757.1800000000001,37859,15526971.0,22605.0,42.83888,-83.273
Thomas and Scottsdale Road Branch,0.008011599999999999,801.16,40058,15531088.0,22414.85714285714,33.48048,-111.92625
Prescott Valley Frys Bnkg Ctr Branch,0.0017255999999999999,172.56,8628,15526888.0,4434.142857142857,34.58745,-112.33968
International & Loop 20 Banking Center Branch,0.011935999999999999,1193.6000000000001,59680,15526651.0,26047.14285714286,27.64792,-99.55628
Chino Hills Banking Center Branch,0.0047653999999999995,476.54,23827,15528186.0,13639.42857142857,33.9962,-117.75902
Fontana Stater Bros Bnkg Ctr Branch,0.0042796,427.96000000000004,21398,15528006.0,11931.142857142857,34.05026,-117.4354
Lake Elsinore Stater Bros Bnk Ctr Br,0.0051075999999999995,510.76,25538,15527403.0,12265.142857142857,33.66738,-117.26208
San Jacinto Stater Bros Bnkg Ctr Br,0.0023944,239.44,11972,15526582.0,6744.0,33.80397,-116.97203
French Valley Stater Bros Branch,0.0040108,401.08,20054,15527887.0,10548.142857142857,33.6355,-117.07316
Port St. Lucie Gatlin Banking Center Branch,0.008437199999999999,843.72,42186,15532576.0,22275.285714285714,27.26462,-80.40008
Fifth Avenue & 44th Street Banking Center Branch,1.3759854,137598.54,6879927,15728733.0,5683329.571428572,40.75506,-73.97974
Buford and 985 Branch,0.0064475999999999995,644.76,32238,15531085.0,16835.85714285714,34.08565,-83.99111
Edinburg Banking Center Branch,0.0050438,504.38,25219,15529132.0,13308.142857142857,26.30422,-98.18072
Mira Mesa & Maribury Bnkg Ctr Branch,0.007103,710.3000000000001,35515,15529707.0,18708.85714285714,32.91514,-117.13109
Cathedral City Stater Bros. Banking Center,0.003015,301.5,15075,15525107.0,9241.285714285714,33.84489,-116.47882
Moreno Valley Beach State Bros. Banking Center,0.0018193999999999999,181.94,9097,15525645.0,5037.428571428572,33.91093,-117.17411
Adelanto Stater Brothers Bnkg Ctr Br,0.0024557999999999997,245.58,12279,15526216.0,6407.0,34.50772,-117.39954
Palm Desert Stater Bros Branch,0.0059096,590.96,29548,15525802.0,17637.428571428572,33.75092,-116.32797
Mayo & Scottsdale Banking Ctr Branch,0.008742999999999999,874.3000000000001,43715,15531690.0,25078.714285714286,33.68284,-111.94723
Range Ave and Tate Rd Branch,0.0070456,704.5600000000001,35228,15531062.0,18876.0,30.46769,-90.95648
Sumner Fred Meyer Branch,0.0021454,214.54,10727,15526484.0,6881.571428571428,47.20623,-122.22934
Iliff and Chambers Branch,0.0056818,568.1800000000001,28409,15527665.0,17136.0,39.67468,-104.80979
Hwy 95 and Long Ave Branch,0.008817199999999999,881.72,44086,15531104.0,28839.0,35.05206,-114.58908
Kissimmee Parkway Branch,0.0059667999999999995,596.6800000000001,29834,15528768.0,17856.428571428572,28.34066,-81.38441
Mannheim and Grand Branch,0.008208199999999999,820.82,41041,15530704.0,21566.714285714286,41.93069,-87.88485
Mason and Grand Pkwy Branch,0.008272,827.2,41360,15532490.0,22529.714285714286,29.66605,-95.70329
North Brownsville Branch,0.0060754,607.54,30377,15528662.0,19818.714285714286,25.97838,-97.51842
Slaughter and I 35 Branch,0.0077269999999999995,772.7,38635,15528764.0,21882.14285714286,30.16731,-97.79028
Southwest and Vickery Branch,0.0032938,329.38,16469,15525313.0,10726.285714285714,32.70484,-97.42363
Blanco and West Branch,0.0033374,333.74,16687,15526645.0,9514.285714285714,29.54603,-98.50865
Beaumont Highland Springs Branch,0.013252,1325.2,66260,15537115.0,38693.857142857145,33.92599,-116.98171
Valpico and Tracy Blvd Branch,0.0075492,754.92,37746,15530687.0,19082.571428571428,37.71178,-121.43453
Palm Springs Stater Bros Branch,0.0027216,272.16,13608,15525692.0,7877.285714285715,33.84478,-116.52509
Wilshire Hauser Branch,0.0149962,1499.6200000000001,74981,15533158.0,51727.71428571428,34.06231,-118.35114
Broadway and Stockton Branch,0.0050052,500.52000000000004,25026,15526228.0,17894.0,38.54721,-121.4541
Crenshaw and Imperial Branch,0.0053982,539.82,26991,15531539.0,14075.857142857143,33.93132,-118.32644
Rainbow Arroyo Branch,0.0190918,1909.18,95459,15532933.0,59759.42857142857,36.06338,-115.24322
Orangethorpe Branch,0.008258399999999999,825.84,41292,15527879.0,26982.428571428572,33.85933,-117.94211
Chula Vista Naples Branch,0.006480199999999999,648.02,32401,15527782.0,20931.428571428572,32.60922,-117.08104
Euclid Ave Branch,0.0078572,785.72,39286,15531216.0,22994.85714285714,34.00474,-117.65199
North Hollywood Arts District Branch,0.0083816,838.16,41908,15534027.0,24316.571428571428,34.16482,-118.36915
West Flushing Branch,0.016538,1653.8,82690,15532089.0,46454.71428571428,40.76853,-73.82717
Elston Plaza Branch,0.031361799999999995,3136.1800000000003,156809,15536671.0,121995.0,41.94658,-87.70885
Market Place At Brick Branch,0.0170852,1708.52,85426,15533671.0,50058.28571428572,40.0375,-74.10924
