Branch,Efficiency_Score,Status
Chicago Trust Branch,1.0,Efficient
Select Direct I Branch,1.0,Efficient
Wheaton Trust Branch,0.999999,Efficient
Noble Jackson Branch,0.999997,Efficient
Richmond Motor Bank Branch,0.999994,Efficient
Yankee Stadium Branch,0.999989,Efficient
North Sidney Branch,0.999988,Efficient
Select Direct II Branch,0.99998,Efficient
International Private Bkg Ctr Branch,0.999976,Efficient
Woodfield Facility Branch,0.999975,Efficient
Karamu Branch,0.999973,Efficient
Englewood Plaza Branch,0.999962,Efficient
Meadows Drive Branch,0.999957,Efficient
West End Branch,0.999957,Efficient
Riverdale - West 144th St Branch,0.999956,Efficient
South Dekalb Branch,0.999948,Efficient
Chicago - 103rd & Michigan Branch,0.999947,Efficient
Moreland Branch,0.999947,Efficient
Prytania Drive Up Branch,0.999947,Efficient
Prescott Valley Frys Bnkg Ctr Branch,0.999946,Efficient
Long Street Branch,0.999944,Efficient
Moreno Valley Beach State Bros. Banking Center,0.999943,Efficient
Market Street Branch,0.999939,Efficient
Campbell/Irvington Branch,0.999936,Efficient
Johnstown Kroger Banking Ctr Branch,0.999935,Efficient
Sumner Fred Meyer Branch,0.999933,Efficient
Becton Dickinson Corporate Branch,0.999929,Efficient
Greenway and 303 Frys Branch,0.999928,Efficient
Sunny Side Branch,0.999928,Efficient
Madison Avenue and 64th St Branch,0.999927,Efficient
Antoine and Tidwell Branch,0.999926,Efficient
San Jacinto Stater Bros Bnkg Ctr Br,0.999925,Efficient
Sunbury Kroger Branch,0.999925,Efficient
Military and 410 Branch,0.999924,Efficient
Adelanto Stater Brothers Bnkg Ctr Br,0.999923,Efficient
Boise-Franklin Financial Center Branch,0.999922,Efficient
Alvernon and 22nd Frys Branch,0.99992,Efficient
Woodward-Englewood Branch,0.99992,Efficient
Bethany Home and 67th Av Frys Branch,0.999919,Efficient
Cave Creek and Hatcher Frys Bking Ctr Branch,0.999919,Efficient
Shannon Crossing Branch,0.999919,Efficient
Dresden Branch,0.999916,Efficient
Lake Charles Wal-Mart Branch,0.999916,Efficient
North Layton Branch,0.999916,Efficient
Allerton and White Plains Rd Branch,0.999915,Efficient
Bethany Home and 43rd Av Frys Branch,0.999915,Efficient
Hairston Village Branch,0.999915,Efficient
Palm Springs Stater Bros Branch,0.999915,Efficient
Phillipsburg Branch,0.999915,Efficient
Powell Kroger Branch,0.999915,Efficient
Vance Jackson and I 10 Branch,0.999915,Efficient
Apache Branch,0.999914,Efficient
Gattis School Banking Center Branch,0.999914,Efficient
West End Atlanta Branch,0.999914,Efficient
Baseline and Vineyard Frys Branch,0.999913,Efficient
Martin Luther King Dallas Branch,0.999912,Efficient
West Northern Avenue Branch,0.999912,Efficient
Westover Branch,0.999911,Efficient
Bellmead Wallmart Branch,0.99991,Efficient
East New York Street Branch,0.99991,Efficient
Federal and Evans Branch,0.99991,Efficient
Freedom Branch,0.99991,Efficient
Spokane - Thor Branch,0.99991,Efficient
Thomas and 30th Frys Branch,0.99991,Efficient
78 & Foster Banking Center Branch,0.999909,Efficient
Lewis Center Kroger Bnkg Ctr Branch,0.999909,Efficient
Pocatello Branch,0.999908,Efficient
Cathedral City Stater Bros. Banking Center,0.999905,Efficient
Washington Boulevard Branch,0.999905,Efficient
Golf Links and Kolb Branch,0.999904,Efficient
Alvernon and Grant Frys Branch,0.999903,Efficient
Hammond Wal-Mart Branch,0.999903,Efficient
Main & Taylor Banking Center Branch,0.999902,Efficient
Hutto Banking Center Branch,0.999899,Inefficient
Camp Bowie W and Normandale Branch,0.999898,Inefficient
Garfield & 65th Banking Ctr Branch,0.999898,Inefficient
Harrison Park Branch,0.999898,Inefficient
Ingram Branch,0.999897,Inefficient
Jeffery Plaza Branch,0.999897,Inefficient
East Tremont Branch,0.999896,Inefficient
Southwest and Vickery Branch,0.999896,Inefficient
Speedway and Pantano Frys Branch,0.999896,Inefficient
West Lafayette Branch,0.999896,Inefficient
Blanco and West Branch,0.999895,Inefficient
Sterling Plaza-Krogers Branch,0.999895,Inefficient
Chicago - Chicago & Kedzie Branch,0.999894,Inefficient
Edgewater Marketplace Branch,0.999894,Inefficient
Medical District Banking Ctr Branch,0.999894,Inefficient
Evergreen Square Krogers Branch,0.999893,Inefficient
Tidwell Fiesta Branch,0.999893,Inefficient
Brigham City Branch,0.999892,Inefficient
Larsen Branch,0.999892,Inefficient
Chapel Hill Commons Branch,0.999891,Inefficient
Gratiot-Warren Branch,0.999891,Inefficient
Merrick Boulevard and 110th Branch,0.999891,Inefficient
University and Medical Center Branch,0.999891,Inefficient
Des Allemands Branch,0.99989,Inefficient
Port Barre Branch,0.99989,Inefficient
Sailors Road Branch,0.99989,Inefficient
West Market Bloomington Branch,0.999889,Inefficient
Loop 1604 & Bulverde Bnkg Ctr Branch,0.999888,Inefficient
Plainfield Banking Center Branch,0.999888,Inefficient
East Hazel Dell Branch,0.999887,Inefficient
Fountain Square Banking Center Branch,0.999887,Inefficient
Wright-Dunbar Branch,0.999887,Inefficient
Morrow Southlake Branch,0.999886,Inefficient
Ontario Branch,0.999886,Inefficient
Redbird Branch,0.999886,Inefficient
Washington and 12oth Albertsons Brh,0.999886,Inefficient
Chicago - North & Grand Branch,0.999885,Inefficient
Delaware/Kroger Branch,0.999885,Inefficient
Spencer Highway Banking Center Branch,0.999885,Inefficient
West Lake Mead Promenade Branch,0.999885,Inefficient
Culebra & Tezel Banking Ctr Branch,0.999884,Inefficient
Myrtle Point Branch,0.999883,Inefficient
So. Crawfordsville Bkg. Ctr. Branch,0.999882,Inefficient
St. Helen Road Branch,0.999882,Inefficient
Linden Branch,0.999881,Inefficient
Tacoma Stevens Branch,0.999881,Inefficient
Eastern Market Branch,0.99988,Inefficient
Royal West Branch,0.99988,Inefficient
Dublin Kroger Branch,0.999879,Inefficient
Saratoga Springs Branch,0.999879,Inefficient
Walzem & Eaglecrest Bnkg Ctr Branch,0.999879,Inefficient
Easton Employee Center Banking Center Branch,0.999878,Inefficient
Heb Brodie Fsc Branch,0.999878,Inefficient
Idaho Falls Fred Meyer Branch,0.999877,Inefficient
Main and Mchard Branch,0.999876,Inefficient
Reading Road Branch,0.999876,Inefficient
Skillman and Larmanda Branch,0.999876,Inefficient
Deep Lake and Rt 173 Branch,0.999875,Inefficient
Dequincy Branch,0.999875,Inefficient
Northside Lake Charles Branch,0.999875,Inefficient
Tioga Branch,0.999875,Inefficient
Commercial Ave Branch,0.999874,Inefficient
French Valley Stater Bros Branch,0.999874,Inefficient
North Salem Branch,0.999874,Inefficient
Northville Kroger Branch,0.999874,Inefficient
Summit Parkway Branch,0.999874,Inefficient
Bridgeport West Side Branch,0.999873,Inefficient
Taylor Branch,0.999873,Inefficient
W Ashlan Ave Branch,0.999873,Inefficient
Back Of The Yards Banking Center Branch,0.999872,Inefficient
Harrison and 22nd Frys Branch,0.999872,Inefficient
North Side Dayton Branch,0.999872,Inefficient
Thunderbird and 57th Frys Branch,0.999872,Inefficient
University Heights Branch,0.999872,Inefficient
Willow Creek Frys Branch,0.999872,Inefficient
LA Porte Branch,0.999871,Inefficient
Spencer and Shaver Branch,0.999871,Inefficient
Loop 323 and Erwin Branch,0.99987,Inefficient
Perry & Hull Branch,0.99987,Inefficient
Shadeland Avenue Branch,0.99987,Inefficient
Cactus and 75th Ave Frys Branch,0.999869,Inefficient
East Kings Canyon Branch,0.999869,Inefficient
South Sanford Branch,0.999869,Inefficient
Vyse Avenue Branch,0.999869,Inefficient
Broussard Albertsons Branch,0.999868,Inefficient
Chicago - 117th & Halsted Branch,0.999868,Inefficient
Lower Buckeye and 99th Ave Branch,0.999868,Inefficient
Southfield Albertson's Branch,0.999868,Inefficient
Briargate Albertons Branch,0.999867,Inefficient
Bridgeport Dixie Highway Branch,0.999867,Inefficient
Bristol Branch,0.999866,Inefficient
Lavalette Branch,0.999866,Inefficient
Fontana Stater Bros Bnkg Ctr Branch,0.999865,Inefficient
Burlington Wildcat Branch,0.999864,Inefficient
Montebello & 19th Ave Bnk Ctr Branch,0.999864,Inefficient
Tully Road Branch,0.999864,Inefficient
Garden Of The Gods Albertsons Branch,0.999863,Inefficient
Grays Harbor Branch,0.999863,Inefficient
Greenwood Road Branch,0.999863,Inefficient
Mesa Ridge & Fountain Mesa Banking Center Branch,0.999862,Inefficient
Southgate Northfield Branch,0.999862,Inefficient
Stadium Corners Branch,0.999862,Inefficient
Wadsworth & 52nd Banking Ctr Branch,0.999862,Inefficient
West Illinois Branch,0.999862,Inefficient
Abbeville Branch,0.999861,Inefficient
Broadway and Southtown Branch,0.999861,Inefficient
Cedar Branch,0.999861,Inefficient
College Road Albertsons Branch,0.999861,Inefficient
Crestway and 78 Branch,0.999861,Inefficient
Newcomerstown Branch,0.999861,Inefficient
State Capitol Branch,0.999861,Inefficient
Twin Falls Fred Meyer Branch,0.999861,Inefficient
225th & Broadway Branch,0.99986,Inefficient
Heb Hancock Fsc Branch,0.99986,Inefficient
Marbach Branch,0.99986,Inefficient
Southeastern Avenue Branch,0.99986,Inefficient
Spencer Hwy and Red Bluff Branch,0.99986,Inefficient
Beltway 8 and Fort Bend Branch,0.999859,Inefficient
Yuma and Cotton Branch,0.999859,Inefficient
Denver Villa Monac0 Branch,0.999858,Inefficient
Orange - Main Street Branch,0.999857,Inefficient
West Point Branch,0.999857,Inefficient
Chicago - Belmont Plaza Branch,0.999856,Inefficient
Lake June Banking Center Branch,0.999856,Inefficient
NW Military and 1604 Branch,0.999856,Inefficient
Nichols Park Branch,0.999856,Inefficient
Yonker Station Banking Center Branch,0.999856,Inefficient
Forest Park Cincinnati Branch,0.999855,Inefficient
Maple Coolidge Kroger Branch,0.999855,Inefficient
North Woods Branch,0.999855,Inefficient
Sayville Plaza Banking Center Branch,0.999855,Inefficient
Woodforest and Uvalde Branch,0.999855,Inefficient
Mccart Westcreek Branch,0.999854,Inefficient
South Dobson Rd and Main Branch,0.999854,Inefficient
Highland Oaks Banking Center Branch,0.999853,Inefficient
Shasta Way Fred Meyer Branch,0.999853,Inefficient
Headland Dr and Greenbrier Branch,0.999852,Inefficient
Wyandanch Compare Foods Branch,0.999852,Inefficient
Belfair Branch,0.999851,Inefficient
Lakeland - Plantation Square Branch,0.999851,Inefficient
Oro Valley Frys Branch,0.999851,Inefficient
Potranco & Rousseau Bnkg Ctr Branch,0.999851,Inefficient
Sunset Ave and Merganser Branch,0.999851,Inefficient
Tolleston Branch,0.999851,Inefficient
Bashor Road Branch,0.99985,Inefficient
Byron Branch,0.99985,Inefficient
Chino Hills Banking Center Branch,0.99985,Inefficient
Holiday Branch,0.999849,Inefficient
New Franken Branch,0.999849,Inefficient
Oakland Township Kroger Branch,0.999849,Inefficient
Sussex Branch,0.999849,Inefficient
West Eight Mile Road-Lindsay Branch,0.999849,Inefficient
Atlanta - Skye Mill Road Branch,0.999848,Inefficient
Country Club Hills Bnkg Cntr Branch,0.999848,Inefficient
Sheridan and 64th Branch,0.999848,Inefficient
Austin Highway & Harry Wurzback Banking Center,0.999847,Inefficient
Bremerton Branch,0.999847,Inefficient
Charleston and Fremont Branch,0.999847,Inefficient
Happy Valley and 67th Av Frys Branch,0.999847,Inefficient
Hiram Pavilion Branch,0.999847,Inefficient
Parkside Branch,0.999847,Inefficient
Southeast Oak Cliff Branch,0.999847,Inefficient
Vassar Branch,0.999847,Inefficient
Greenlawn and Hwy 45 Branch,0.999846,Inefficient
Holly Springs Branch,0.999846,Inefficient
Lower Buckeye and 75th Avenue Branch,0.999846,Inefficient
North Broadway and Sheridan Branch,0.999846,Inefficient
Hemlock Branch,0.999845,Inefficient
Orchard and Mayfield Branch,0.999845,Inefficient
White Plains Branch,0.999845,Inefficient
Colegate Branch,0.999844,Inefficient
Gary Main Branch,0.999844,Inefficient
Hairston Crossing Branch,0.999844,Inefficient
Middletown Fairgrounds Plaza Branch,0.999844,Inefficient
Mountain Home Branch,0.999844,Inefficient
North Hills Sepulveda Branch,0.999844,Inefficient
Pico Rivera Washington Street Banking Center,0.999844,Inefficient
Ball Branch,0.999842,Inefficient
Broadway and Stockton Branch,0.999842,Inefficient
Florence & I-10 Banking Center Branch,0.999842,Inefficient
Heb Parmer Fsc Branch,0.999842,Inefficient
Middletown Shoprite Branch,0.999842,Inefficient
Pleasant Run & Bluegrove Banking Center Branch,0.999842,Inefficient
Tatum & Bell Frys Branch,0.999842,Inefficient
University Place Branch,0.999842,Inefficient
West Michigan Street Branch,0.999842,Inefficient
Collins & Randol Mills Bnkg Ctr Brh,0.999841,Inefficient
Edinburg Banking Center Branch,0.999841,Inefficient
Hazel Crest Banking Center Branch,0.999841,Inefficient
Horizon Town Center Branch,0.999841,Inefficient
Mccartney & Pinal Banking Ctr Branch,0.999841,Inefficient
Quincy & Buckley Banking Ctr Branch,0.999841,Inefficient
Romeo Plank and 26 Mile Branch,0.999841,Inefficient
Stockbridge Village Branch,0.999841,Inefficient
West Side Branch,0.999841,Inefficient
Yorktown Branch,0.999841,Inefficient
North West Street Branch,0.99984,Inefficient
Shadyside Branch,0.99984,Inefficient
Shelby Street Branch,0.99984,Inefficient
Crestwood Branch,0.999839,Inefficient
Indian Trail Branch,0.999839,Inefficient
Lake Elsinore Stater Bros Bnk Ctr Br,0.999839,Inefficient
Nappanee Branch,0.999839,Inefficient
Sylvan Corners Branch,0.999839,Inefficient
Ellettsville Branch,0.999838,Inefficient
North Orange Blossom Branch,0.999838,Inefficient
Danbury Lake Ave Branch,0.999837,Inefficient
Gateway Branch,0.999837,Inefficient
Grand Canyon Branch,0.999837,Inefficient
Jessamine County Branch,0.999837,Inefficient
Chicago - Chatham Village Square Branch,0.999836,Inefficient
North Harrison Branch,0.999836,Inefficient
North Medford Branch,0.999836,Inefficient
Chelan Branch,0.999835,Inefficient
Castle Hill Avenue Branch,0.999834,Inefficient
Cheney Branch,0.999834,Inefficient
Cosby Station Branch,0.999834,Inefficient
Dequindre-Eight Mile Branch,0.999834,Inefficient
Ellensburg Branch,0.999834,Inefficient
Grove City East Branch,0.999834,Inefficient
Hwy 6 and Forest Branch,0.999834,Inefficient
Salem Trotwood Branch,0.999834,Inefficient
Second Avenue Branch,0.999834,Inefficient
Burbank Albertsons Branch,0.999833,Inefficient
Clarksvlle Branch,0.999833,Inefficient
Eagle Branch,0.999833,Inefficient
Ewing Branch,0.999833,Inefficient
Jefferson Township Branch,0.999833,Inefficient
Moscow Branch,0.999833,Inefficient
Broadway Lorain Branch,0.999832,Inefficient
Chauvin Branch,0.999832,Inefficient
Minoa Branch,0.999832,Inefficient
Montague Branch,0.999832,Inefficient
New Baltimore Kroger Branch,0.999832,Inefficient
Nolana and 29th Branch,0.999832,Inefficient
Twelve Mile Campbell Farmer Jack Br,0.999832,Inefficient
Alger Heights Branch,0.999831,Inefficient
Bloomington Downtown Branch,0.999831,Inefficient
Lawrenceville - Sugarloaf Branch,0.999831,Inefficient
Ross and Prairie Branch,0.999831,Inefficient
LA Gran Branch,0.99983,Inefficient
Monroe Branch,0.99983,Inefficient
Upper Sandusky Branch,0.99983,Inefficient
Bulverde & Evans Banking Ctr Branch,0.999829,Inefficient
Crenshaw and Imperial Branch,0.999829,Inefficient
Gateway St and Game Farm Rd Branch,0.999829,Inefficient
Brandon Mall Branch,0.999828,Inefficient
Lake Park - East Northlake Branch,0.999828,Inefficient
Merchants Square Branch,0.999828,Inefficient
Newark Branch,0.999828,Inefficient
Newport Branch,0.999828,Inefficient
Rita Ranch Frys Bkg. Ctr. Branch,0.999828,Inefficient
Glenwood Fred Meyer Branch,0.999827,Inefficient
Indian Trail Branch,0.999827,Inefficient
Park Central Branch,0.999827,Inefficient
South Eugene Branch,0.999827,Inefficient
Babcock and Huebner Branch,0.999826,Inefficient
Harlem Metro North Branch,0.999826,Inefficient
Northern & 91st Avenue Banking Center Branch,0.999826,Inefficient
Preston Banking Center Branch,0.999826,Inefficient
Risinger & Hulen Banking Center Branch,0.999826,Inefficient
Shoreway Branch,0.999826,Inefficient
Teasley and Hickory Creek Branch,0.999826,Inefficient
The Heights Branch,0.999826,Inefficient
Trumbull-Porter Branch,0.999826,Inefficient
Boise State St Financial Ctr Branch,0.999825,Inefficient
East 2nd and Ash Branch,0.999825,Inefficient
North 40th Avenue Branch,0.999825,Inefficient
South Salem Branch,0.999825,Inefficient
Vernon Branch,0.999825,Inefficient
Dunbar Banking Center Branch,0.999824,Inefficient
Eastside Branch,0.999824,Inefficient
Seattle Hill Road Branch,0.999824,Inefficient
Southview Branch,0.999824,Inefficient
Chamblee Branch,0.999823,Inefficient
Colfax and Sable Branch,0.999823,Inefficient
Des Moines-Redondo Sq Fin Ctr Branch,0.999823,Inefficient
Leander Banking Center Branch,0.999823,Inefficient
Oro Valley Marketplace Branch,0.999823,Inefficient
Waupaca Branch,0.999823,Inefficient
Westlake Mckinley Branch,0.999823,Inefficient
Beardsley and 59th Ave Frys Branch,0.999822,Inefficient
Cornelius Branch,0.999822,Inefficient
Highway 69 & Sundog Ranch Road Banking Center,0.999822,Inefficient
Mulberry Elizabethtown Branch,0.999822,Inefficient
North Auburn Branch,0.999822,Inefficient
South Hills Branch,0.999822,Inefficient
Westside Branch,0.999822,Inefficient
Cactus and Reems Branch,0.999821,Inefficient
Milton Branch,0.999821,Inefficient
Williamsburg Branch,0.999821,Inefficient
Wurzbach and NW Military Branch,0.999821,Inefficient
Calumet and Interstate 441 Banking Center Branch,0.99982,Inefficient
City Line Branch,0.99982,Inefficient
Iliff and Chambers Branch,0.99982,Inefficient
Jefferson-Fiesta Branch,0.99982,Inefficient
North Corydon Branch,0.99982,Inefficient
Northwest Boulevard Branch,0.99982,Inefficient
East Bay View Branch,0.999819,Inefficient
Old Spanish Trail Branch,0.999819,Inefficient
St. Francis Branch,0.999819,Inefficient
St. Helens Branch,0.999819,Inefficient
Wurtsboro Branch,0.999819,Inefficient
Owensboro Main Branch,0.999818,Inefficient
Port Orchard Fm Branch,0.999818,Inefficient
Rockdale Square Branch,0.999818,Inefficient
Sandy Fm Financial Center Branch,0.999818,Inefficient
South Chicago Heights - Chicago & Sauk Trail Branch,0.999818,Inefficient
Streetsboro Banking Center Branch,0.999818,Inefficient
Warner and Val Vista Frys Branch,0.999818,Inefficient
Hillside Town Center Bnk Ctr Branc H,0.999817,Inefficient
Kitsap Branch,0.999817,Inefficient
Lockbourne Road Branch,0.999817,Inefficient
Park North Branch,0.999817,Inefficient
Passaic - Main Avenue Branch,0.999817,Inefficient
University Park Branch,0.999817,Inefficient
72nd & Pacific Branch,0.999816,Inefficient
Beardsley & 99th Ave Bnkg Ctr Branch,0.999816,Inefficient
Boise Towne Square Branch,0.999816,Inefficient
Caldwell Branch,0.999816,Inefficient
Castle Hills Branch,0.999816,Inefficient
Chicago Drive Branch,0.999816,Inefficient
Indian School and 32nd St Branch,0.999816,Inefficient
Lithia Springs Village @ Westfork Br,0.999816,Inefficient
North College Hill Branch,0.999816,Inefficient
Redwood Road Branch,0.999816,Inefficient
South Everett Branch,0.999816,Inefficient
Treaschwig Branch,0.999816,Inefficient
Bandera Branch,0.999815,Inefficient
Bandera and Mainland Branch,0.999815,Inefficient
Greenacres-Military Crossings Branch,0.999815,Inefficient
Inkster Branch,0.999815,Inefficient
Medical Banking Center Branch,0.999815,Inefficient
Redmond Fm Financial Center Branch,0.999815,Inefficient
San Jose - Alum Rock Branch,0.999815,Inefficient
Westfield Banking Center Branch,0.999815,Inefficient
Clifford and Western Trade Branch,0.999814,Inefficient
Cosumnes River Branch,0.999814,Inefficient
Germann & Power Banking Ctr Branch,0.999814,Inefficient
Miller Branch,0.999814,Inefficient
Oshkosh West Branch,0.999814,Inefficient
Palm Desert Stater Bros Branch,0.999813,Inefficient
Pasco Branch,0.999813,Inefficient
Fairview Branch,0.999812,Inefficient
Hillcroft Branch,0.999812,Inefficient
Lincoln & 32nd St Bnkg Center Branch,0.999812,Inefficient
Moss Bluff Branch,0.999812,Inefficient
Nampa Branch,0.999812,Inefficient
Summit Point Branch,0.999812,Inefficient
Troup Hwy Branch,0.999812,Inefficient
Antioch Hillcrest Branch,0.999811,Inefficient
I-20 Branch,0.999811,Inefficient
Kissimmee Parkway Branch,0.999811,Inefficient
Lilburn - Beaver Ruin Village Branch,0.999811,Inefficient
Riverton Banking Center Branch,0.999811,Inefficient
Southern Blvd Branch,0.999811,Inefficient
South Mansfield Branch,0.99981,Inefficient
Todt Hill Branch,0.99981,Inefficient
Alamo Drive Branch,0.999809,Inefficient
Burlington Branch,0.999809,Inefficient
Central Midwest City Branch,0.999809,Inefficient
College Drive Albertsons Branch,0.999809,Inefficient
Fairplain Plaza Branch,0.999809,Inefficient
Galliano Branch,0.999809,Inefficient
Linden Branch,0.999809,Inefficient
Third Avenue and 106th St Branch,0.999809,Inefficient
Amelia Branch,0.999808,Inefficient
Bridgman Branch,0.999808,Inefficient
Crowley and Renfro Branch,0.999808,Inefficient
East Wenatchee Branch,0.999808,Inefficient
North Brownsville Branch,0.999808,Inefficient
North Springfield Branch,0.999808,Inefficient
Southfield Webster Bnkg Ctr Branch,0.999808,Inefficient
St George Santa Clara Sunset Branch,0.999808,Inefficient
Sycamore School and Mccart Banking Center Branch,0.999808,Inefficient
Will Clayton Branch,0.999808,Inefficient
Dayton North Main Branch,0.999807,Inefficient
Hamilton Town Center Branch,0.999807,Inefficient
Heb Georgetown Banking Ctr. Branch,0.999807,Inefficient
Macedon Branch,0.999807,Inefficient
Rainbow At Alta Branch,0.999807,Inefficient
Arlington & Madison Bnkg Ctr Branch,0.999806,Inefficient
Brown Deer Branch,0.999806,Inefficient
Cocoa Commons Branch,0.999806,Inefficient
Heb Bee Cave Fsc Branch,0.999806,Inefficient
Marengo Branch,0.999806,Inefficient
Peachtree Square Branch,0.999806,Inefficient
Prineville Branch,0.999806,Inefficient
Southeast Mlk Jr Branch,0.999806,Inefficient
Spanish Fork Branch,0.999806,Inefficient
Golden Rod Branch,0.999805,Inefficient
Hillsborough and Sheldon Branch,0.999805,Inefficient
Larose Branch,0.999805,Inefficient
Montwood and Loop 375 Branch,0.999805,Inefficient
Air Depot and 15th Branch,0.999804,Inefficient
Arcadian Shopping Center Branch,0.999804,Inefficient
Bayou Blue Branch,0.999804,Inefficient
East Avon Banking Center Branch,0.999804,Inefficient
Mt. Vernon Ave Branch,0.999804,Inefficient
Shelby Branch,0.999804,Inefficient
University Of North Texas Branch,0.999804,Inefficient
Broadway & Alameda Albertson Branch,0.999803,Inefficient
Columbiana Branch,0.999803,Inefficient
Riverstone Plaza Branch,0.999803,Inefficient
Strivers Gardens Banking Center Branch,0.999803,Inefficient
Andover Branch,0.999802,Inefficient
Clearwater - Downtown Branch,0.999802,Inefficient
Great Southern Banking Center Branch,0.999802,Inefficient
Levelland Branch,0.999802,Inefficient
Washington Thornton Branch,0.999802,Inefficient
Battle Creek Branch,0.999801,Inefficient
Lake Worth - Hypoluxo Village Branch,0.999801,Inefficient
Tuckahoe Main St Branch,0.999801,Inefficient
Baldwin North Banking Center Branch,0.9998,Inefficient
Enumclaw Financial Center Branch,0.9998,Inefficient
Hauppauge East Branch,0.9998,Inefficient
Hurricane Shoals Branch,0.9998,Inefficient
Northpoint Branch,0.9998,Inefficient
O'neal Lane Branch,0.9998,Inefficient
Chester Boulevard Branch,0.999799,Inefficient
Sanford Branch,0.999799,Inefficient
Forest and Greenville Branch,0.999798,Inefficient
North Deland Branch,0.999798,Inefficient
Roselle Branch,0.999798,Inefficient
San Pablo Branch,0.999798,Inefficient
Tumwater Financial Center Branch,0.999798,Inefficient
Brown & Ellsworth Banking Center Branch,0.999797,Inefficient
Caledonia Banking Center Branch,0.999797,Inefficient
Co Op City Branch,0.999797,Inefficient
Emerson Pointe Banking Ctr. Branch,0.999797,Inefficient
Galewood Plaza Branch,0.999797,Inefficient
Genesee Branch,0.999797,Inefficient
Newark Main Branch,0.999797,Inefficient
Oneida Branch,0.999797,Inefficient
Parmer Mcneil Branch,0.999797,Inefficient
State Highway & 249 & Antoine Banking Center,0.999797,Inefficient
Stony Creek and Whittaker Branch,0.999797,Inefficient
West University Lafayette Branch,0.999797,Inefficient
1 30 and Broadway Branch,0.999796,Inefficient
Beacon Branch,0.999796,Inefficient
Buford and 985 Branch,0.999796,Inefficient
Perry Branch,0.999796,Inefficient
Walnut Branch,0.999796,Inefficient
Winter Haven Branch,0.999796,Inefficient
Briarcliff Village Branch,0.999795,Inefficient
Chula Vista Naples Branch,0.999795,Inefficient
Michigan & Jackson Bnkg Ctr Branch,0.999795,Inefficient
Seymour Branch,0.999795,Inefficient
South Tucson Branch,0.999795,Inefficient
Tri-County Branch,0.999795,Inefficient
Winter Park Palms,0.999795,Inefficient
Indiana and Sr 19 Branch,0.999794,Inefficient
Jones Creek Albertsons Branch,0.999794,Inefficient
Molalla Branch,0.999794,Inefficient
Scottsburg Branch,0.999794,Inefficient
Snellville - Killian Hill Branch,0.999794,Inefficient
Southside Branch,0.999794,Inefficient
Wickliffe-Youngstown Branch,0.999794,Inefficient
Bellaire Branch,0.999793,Inefficient
Browncroft Branch,0.999793,Inefficient
North Burien Financial Center Branch,0.999793,Inefficient
Golden Town Center Branch,0.999792,Inefficient
Mid Valley Branch,0.999792,Inefficient
Ray and Ranch Circle Frys Branch,0.999792,Inefficient
Southwest 5th and Forest Branch,0.999792,Inefficient
Chester Heights Branch,0.999791,Inefficient
Mcdonough Place Branch,0.999791,Inefficient
Minerva Branch,0.999791,Inefficient
South Holland Branch,0.999791,Inefficient
East Harlem Branch,0.99979,Inefficient
Prospect Branch,0.99979,Inefficient
West 207th Branch,0.99979,Inefficient
Crestwood Station Branch,0.999789,Inefficient
Kouts Branch,0.999789,Inefficient
Niles - Four Flaggs Center Branch,0.999789,Inefficient
Santiam Hwy Branch,0.999789,Inefficient
Xenia Branch,0.999789,Inefficient
Celina Branch,0.999788,Inefficient
Center Moriches Old Neck Rd Branch,0.999788,Inefficient
East Dayton Branch,0.999788,Inefficient
Loop 281 and Gilmer Branch,0.999788,Inefficient
Slaiughter Brodie Banking Ctr Branch,0.999788,Inefficient
Taft & 14th Banking Center Branch,0.999788,Inefficient
Taft Branch,0.999788,Inefficient
Fondren Road and Bellport Branch,0.999787,Inefficient
Renton Center Branch,0.999787,Inefficient
Bluffton Branch,0.999786,Inefficient
Gold Beach Branch,0.999786,Inefficient
Preston Hollow Branch,0.999786,Inefficient
Stapley and Mckellips Branch,0.999786,Inefficient
Stevens Park Banking Center Branch,0.999786,Inefficient
Van Dyke-Eight Mile Branch,0.999786,Inefficient
Essen Lanealbertsons Branch,0.999785,Inefficient
Radcliff Branch,0.999785,Inefficient
Uhrichsville Branch,0.999785,Inefficient
Florham Park Branch,0.999784,Inefficient
Four Points Bkg. Ctr. Branch,0.999784,Inefficient
Lewisville - Lakepointe Branch,0.999784,Inefficient
Beltline and Westmoreland Branch,0.999783,Inefficient
Bayside Lakes Branch,0.999782,Inefficient
Berry Plaza Banking Center Branch,0.999782,Inefficient
Oracle and Golder Ranch Rd Branch,0.999782,Inefficient
Aloha Branch,0.999781,Inefficient
Mohegan Lake Fsc Branch,0.999781,Inefficient
North Decatur Corners Branch,0.999781,Inefficient
Pickerington North Banking Ctr. Branch,0.999781,Inefficient
Southport and Bluff Branch,0.999781,Inefficient
LA Frontera Banking Center Branch,0.99978,Inefficient
Southway Plaza Branch,0.99978,Inefficient
Sunbury Branch,0.99978,Inefficient
Valley Fair Branch,0.99978,Inefficient
Baker Branch,0.999779,Inefficient
Beach and Golden Triangle Branch,0.999779,Inefficient
Bethel Branch,0.999779,Inefficient
Fort Pierce Branch,0.999779,Inefficient
Fourth Street Branch,0.999779,Inefficient
Heb Round Rock Fsc Branch,0.999779,Inefficient
Johns & 10 Mile Banking Ctr Branch,0.999779,Inefficient
North Lynnwood Branch,0.999779,Inefficient
Orlando - Americana Branch,0.999779,Inefficient
Roslyn Branch,0.999779,Inefficient
Springdale Branch,0.999779,Inefficient
Florida Boulevard Branch,0.999778,Inefficient
Goodrich Branch,0.999778,Inefficient
Southfield-Warren Branch,0.999778,Inefficient
Williamson Branch,0.999778,Inefficient
Anthem Way and Vision Branch,0.999777,Inefficient
Cermak Branch,0.999777,Inefficient
Evans and 281 Branch,0.999777,Inefficient
Greenway and Tatum Branch,0.999777,Inefficient
Hilliard Darby Banking Center Branch,0.999777,Inefficient
Manitou Springs Convenience Branch,0.999777,Inefficient
Range Ave and Tate Rd Branch,0.999777,Inefficient
Round Lake Banking Center Branch,0.999777,Inefficient
Tacoma Westgate Financial Ctr Branch,0.999777,Inefficient
Belleveue Branch,0.999776,Inefficient
Broad and Waggoner Branch,0.999776,Inefficient
Fort Junction Branch,0.999776,Inefficient
Ridge Griffith Branch,0.999776,Inefficient
Roosevelt & Country Farm Banking Center,0.999776,Inefficient
East 80 Branch,0.999775,Inefficient
Gateway Center Drive Branch,0.999775,Inefficient
Guadalupe & Ellsworth Branch,0.999775,Inefficient
Louetta and Kuykendahl Branch,0.999775,Inefficient
Mira Mesa & Maribury Bnkg Ctr Branch,0.999775,Inefficient
St. Marys Spring Street Branch,0.999775,Inefficient
23rd & Jackson Financial Ctr Branch,0.999774,Inefficient
Carter Road Branch,0.999774,Inefficient
Kalkaska Branch,0.999774,Inefficient
Linden Plaza Branch,0.999774,Inefficient
Shady Cove Branch,0.999774,Inefficient
Baseline and 24th Street Branch,0.999773,Inefficient
Buckeye And16th Street Branch,0.999773,Inefficient
Cocoa Branch,0.999773,Inefficient
Madison and 64th St Branch,0.999773,Inefficient
Mott Haven Branch,0.999773,Inefficient
Newark - Broad & Fulton Branch,0.999773,Inefficient
North Logan Square Banking,0.999773,Inefficient
Rancho Sahuarita Banking Ctr Branch,0.999773,Inefficient
Red Oaks Mill Branch,0.999773,Inefficient
Spring Grove Branch,0.999773,Inefficient
Memorial Drive Alexandria Branch,0.999772,Inefficient
Steubenville Branch,0.999772,Inefficient
Buda Banking Center Branch,0.999771,Inefficient
Combs and Gantzel Branch,0.999771,Inefficient
Concord Mall Branch,0.999771,Inefficient
Eldorado and 75 Branch,0.999771,Inefficient
Fowlerville Branch,0.999771,Inefficient
Kearny Banking Center Branch,0.999771,Inefficient
Lake Michigan Drive Branch,0.999771,Inefficient
Melbourne Park Branch,0.999771,Inefficient
Pioneer Crossing Banking Center Branch,0.999771,Inefficient
Randolph Branch,0.999771,Inefficient
Waterton Canyon Banking Ctr. Branch,0.999771,Inefficient
West Carrollton Branch,0.999771,Inefficient
Acworth Commons Branch,0.99977,Inefficient
Eaton Branch,0.99977,Inefficient
Five Mile Fred Meyer Branch,0.99977,Inefficient
North Bank Branch,0.99977,Inefficient
Peninsula Branch,0.99977,Inefficient
Power and Ray Branch,0.99977,Inefficient
Camelback and 95th Avenue Branch,0.999769,Inefficient
Firestone Banking Center,0.999769,Inefficient
Port Jefferson Village Branch,0.999769,Inefficient
Thomas and 75th Avenue Branch,0.999769,Inefficient
Westpark Tollway Branch,0.999769,Inefficient
Bay Meadows Branch,0.999768,Inefficient
Clark and Gregory Branch,0.999768,Inefficient
Mount Vernon Branch,0.999768,Inefficient
Santa Ana Macarthur/Fairview Branch,0.999768,Inefficient
Santa Clara Branch,0.999768,Inefficient
Watson and Yuma Banking Center Branch,0.999768,Inefficient
Woodburn Branch,0.999768,Inefficient
Bethel Library Place Bnkg Ctr Branch,0.999767,Inefficient
Fry and West Little York Bkg. Ctr. Branch,0.999767,Inefficient
Buhre Avenue Branch,0.999766,Inefficient
Church Avenue Branch,0.999766,Inefficient
Euclid Lakeshore Branch,0.999766,Inefficient
Kendallville Branch,0.999766,Inefficient
Leonard Fuller Branch,0.999766,Inefficient
Lynnwood Branch,0.999766,Inefficient
Scottsville Branch,0.999766,Inefficient
Waterloo Crossing Banking Ctr. Branch,0.999766,Inefficient
East Gresham Branch,0.999765,Inefficient
Hillside Avenue Banking Ctr Branch,0.999765,Inefficient
Johnsburg Branch,0.999765,Inefficient
Lake Hopatcong Branch,0.999765,Inefficient
Port Chester Midland Branch,0.999765,Inefficient
South Carrier Parkway Branch,0.999765,Inefficient
State Office Building Branch,0.999765,Inefficient
Bridgeport Boston Avenue Branch,0.999764,Inefficient
De Pere Branch,0.999763,Inefficient
East Islip Branch,0.999763,Inefficient
Hickory Creek Branch,0.999763,Inefficient
Lancaster-Main Branch,0.999763,Inefficient
Meyerpark Branch,0.999763,Inefficient
Morgan Street Branch,0.999763,Inefficient
Ray and Dobson Frys Branch,0.999763,Inefficient
Castaic Village Branch,0.999762,Inefficient
Kyle Banking Center Branch,0.999762,Inefficient
Lebanon Branch,0.999762,Inefficient
Marlette Branch,0.999762,Inefficient
North Howell Banking Center Branch,0.999762,Inefficient
Omak Branch,0.999762,Inefficient
Orland Park - Marley Creek Square Branch,0.999762,Inefficient
Shavano Park Branch,0.999762,Inefficient
South Bristol Street Branch,0.999762,Inefficient
Sunset Branch,0.999762,Inefficient
Taylorsville Branch,0.999762,Inefficient
Wales Branch,0.999762,Inefficient
Grants Pass Branch,0.999761,Inefficient
North Bergen Branch,0.999761,Inefficient
University Forum Branch,0.999761,Inefficient
Valpico and Tracy Blvd Branch,0.999761,Inefficient
West Eugene Branch,0.999761,Inefficient
Wright Field Branch,0.999761,Inefficient
Acme Branch,0.99976,Inefficient
Bradley Beach Branch,0.99976,Inefficient
Broadway and 7th Branch,0.99976,Inefficient
Escondido Valley Parkway Bnkg Ctr Br,0.99976,Inefficient
Hwy 66 and Lakeshore Branch,0.99976,Inefficient
Lapeer Road & Ray Rd Bnkg Ctr Branch,0.99976,Inefficient
Sullivan Road Branch,0.99976,Inefficient
Woodlands Branch,0.99976,Inefficient
Yonkers Getty Square Branch,0.99976,Inefficient
Danbury Shoprite Branch,0.999759,Inefficient
Prescott Gateway Bkg. Ctr. Branch,0.999759,Inefficient
St Albans & Linden Blvd Bnkg Branch,0.999759,Inefficient
Beecher Heights Branch,0.999758,Inefficient
Belcaro Center Branch,0.999758,Inefficient
Findlay North Branch,0.999758,Inefficient
Glenmary Banking Center Branch,0.999758,Inefficient
Northland Branch,0.999758,Inefficient
Oak Lawn Keeler Banking Ctr Branch,0.999758,Inefficient
Prien Branch,0.999758,Inefficient
Acme No. 1 Branch,0.999757,Inefficient
Augusta Branch,0.999757,Inefficient
Channahon Branch,0.999757,Inefficient
Main & Akard Banking Center Branch,0.999757,Inefficient
Racine Downtown Branch,0.999757,Inefficient
Story Rd Branch,0.999757,Inefficient
Wirt Road Branch,0.999757,Inefficient
Yreka Branch,0.999757,Inefficient
Easton Branch,0.999756,Inefficient
Hall Rd and Heydenreich Branch,0.999756,Inefficient
Lincoln Village Branch,0.999756,Inefficient
Union Hills and 91st Avenue Branch,0.999756,Inefficient
Whiting Branch,0.999756,Inefficient
Akron Centre Branch,0.999755,Inefficient
Broadway Fairlawn Branch,0.999755,Inefficient
Everett 19th Ave Branch,0.999755,Inefficient
Glen Cove Branch,0.999755,Inefficient
Newberg Branch,0.999755,Inefficient
Perth Amboy Banking Center Branch,0.999755,Inefficient
Scappoose Branch,0.999755,Inefficient
Slaughter and I 35 Branch,0.999755,Inefficient
Alondra Branch,0.999754,Inefficient
Greece Ridge Branch,0.999754,Inefficient
Morris Route 6 Branch,0.999754,Inefficient
North Corydon Branch,0.999754,Inefficient
Painesville West Branch,0.999754,Inefficient
Pinellas Park - Park Blvd Branch,0.999754,Inefficient
Powell North Branch,0.999754,Inefficient
Stewart and 83rd Branch,0.999754,Inefficient
Marketplace W Shaw Ave Branch,0.999753,Inefficient
Mcintosh Village Branch,0.999753,Inefficient
New Haven Branch,0.999753,Inefficient
Roseburg Branch,0.999753,Inefficient
Salem Downtown Branch,0.999753,Inefficient
Springfield Branch,0.999753,Inefficient
West Harlem Branch,0.999753,Inefficient
Lincoln Blvd and Peoria Branch,0.999752,Inefficient
Meadow Springs Financial Ctr Branch,0.999752,Inefficient
North Lewis Branch,0.999752,Inefficient
Avondale Palmilla Center Branch,0.999751,Inefficient
Euclid Ave Branch,0.999751,Inefficient
Highland Baxter Branch,0.999751,Inefficient
Keystone & Carson Branch,0.999751,Inefficient
Leestown Road Branch,0.999751,Inefficient
M 59 & Fisk Banking Center Branch,0.999751,Inefficient
Oswego-Orchard Road Banking Center Branch,0.999751,Inefficient
South Broadway and 4th St Branch,0.999751,Inefficient
Austintown Branch,0.99975,Inefficient
Fox River Mall Branch,0.99975,Inefficient
Massapequa Branch,0.99975,Inefficient
Sanger Branch,0.99975,Inefficient
East Setauket Branch,0.999749,Inefficient
Goliad Banking Center Branch,0.999749,Inefficient
Oakley Branch,0.999749,Inefficient
Stockton - Hammer Lane Branch,0.999749,Inefficient
Brice Road Branch,0.999748,Inefficient
Calcutta Branch,0.999748,Inefficient
E 70th Shreveport Branch,0.999748,Inefficient
Harbortown Branch,0.999748,Inefficient
Hwy 6 and Fort Bend Tollway Branch,0.999748,Inefficient
Idaho Falls - Ammon Branch,0.999748,Inefficient
Plainfield Four-Mile Branch,0.999748,Inefficient
Power and Queen Creek Banking Center Branch,0.999748,Inefficient
Wandermere Branch,0.999748,Inefficient
Barkley Village Center,0.999747,Inefficient
Country Club Albertsons Branch,0.999747,Inefficient
Elmhurst Plaza Branch,0.999747,Inefficient
Hi Point Branch,0.999747,Inefficient
Preston and Rolater Branch,0.999747,Inefficient
Scottsdale Rd and Lone Mtn Branch,0.999747,Inefficient
West Chicago-Telegraph Road Branch,0.999747,Inefficient
Broadway and Elmont Branch,0.999746,Inefficient
Lewis and 61st Branch,0.999746,Inefficient
Lockport Jewel Branch,0.999746,Inefficient
Mcminnville Branch,0.999746,Inefficient
Mooresville Banking Center Branch,0.999746,Inefficient
Racine North Branch,0.999746,Inefficient
Tangerine and Thornydale Branch,0.999746,Inefficient
Thomas and Scottsdale Road Branch,0.999746,Inefficient
Atascadero Branch,0.999745,Inefficient
Beverly Banking Center Branch,0.999745,Inefficient
Bronzeville Banking Center Branch,0.999745,Inefficient
Newton Falls Branch,0.999745,Inefficient
US 249 & Northpointe Branch,0.999745,Inefficient
Airport Fwy N Richland Hills Branch,0.999744,Inefficient
Chinatown Center Branch,0.999744,Inefficient
Dexter-Glendale Branch,0.999744,Inefficient
El Dorado Village Branch,0.999744,Inefficient
North Longmont Banking Center Branch,0.999744,Inefficient
Oak Grove Branch,0.999744,Inefficient
Port Huron 24th Street Branch,0.999744,Inefficient
University Monroe Branch,0.999744,Inefficient
Capitol Plaza Branch,0.999743,Inefficient
Challenger Way Branch,0.999743,Inefficient
Downtown Marion Branch,0.999743,Inefficient
Eastern Parkway Branch,0.999743,Inefficient
Garnett and 41st Branch,0.999743,Inefficient
Graceland Banking Center Branch,0.999743,Inefficient
Midway Banking Center Branch,0.999743,Inefficient
St. George Branch,0.999743,Inefficient
Brownsville Branch,0.999742,Inefficient
Duncanville Branch,0.999742,Inefficient
Baseline and Greenfield Branch,0.999741,Inefficient
Bowling Green Branch,0.999741,Inefficient
Brandon - Causeway Branch,0.999741,Inefficient
Harding-Plank Branch,0.999741,Inefficient
I 35 & University Banking Center Branch,0.999741,Inefficient
North Lauderdale - Cypress Branch,0.999741,Inefficient
North Puyallup Financial Ctr Branch,0.999741,Inefficient
Northeast Branch,0.999741,Inefficient
Airline Branch,0.99974,Inefficient
Glen Park Branch,0.99974,Inefficient
Greenville Branch,0.99974,Inefficient
Lakewood Rawsonville Branch,0.99974,Inefficient
Mannheim and Grand Branch,0.99974,Inefficient
New Rochelle Branch,0.99974,Inefficient
Wantage Branch,0.99974,Inefficient
Booneville and Hwy 6 Branch,0.999739,Inefficient
North Collins Branch,0.999739,Inefficient
Orangethorpe Branch,0.999739,Inefficient
Sutphin Boulevard Branch,0.999739,Inefficient
Belpre Branch,0.999738,Inefficient
Benicia Branch,0.999738,Inefficient
Columbia Marketplace Branch,0.999738,Inefficient
East Branch,0.999738,Inefficient
East Side Branch,0.999738,Inefficient
George St and Church Branch,0.999738,Inefficient
Mason and Grand Pkwy Branch,0.999738,Inefficient
Okolona Branch,0.999738,Inefficient
Olympia Fields Branch,0.999738,Inefficient
South Pennsylvania Branch,0.999738,Inefficient
Stevensville Branch,0.999738,Inefficient
Stockton Main Street Branch,0.999738,Inefficient
Broken Arrow Branch,0.999737,Inefficient
Harker Heights Branch,0.999737,Inefficient
Hyde Park Branch,0.999737,Inefficient
The Plant Branch,0.999737,Inefficient
Bell Gardens Branch,0.999736,Inefficient
Court Street Saginaw Branch,0.999736,Inefficient
Crescent Springs Branch,0.999736,Inefficient
Glendale Sierra Branch,0.999736,Inefficient
Industrial Park Branch,0.999736,Inefficient
Ossining Branch,0.999736,Inefficient
Plaza Branch,0.999736,Inefficient
Shea & Monterey Banking Ctr Branch,0.999736,Inefficient
Totowa Union Blvd Branch,0.999736,Inefficient
West Country Club Branch,0.999736,Inefficient
Duarte Branch,0.999735,Inefficient
Irondequoit East Branch,0.999735,Inefficient
North Hollywood Arts District Branch,0.999735,Inefficient
Rittenhouse and Ellsworth Branch,0.999735,Inefficient
Salinas - Creek Bridge Branch,0.999735,Inefficient
Antigo Main Branch,0.999734,Inefficient
Canton Central Plaza Branch,0.999734,Inefficient
Chapel Hill Branch,0.999734,Inefficient
Lindon Branch,0.999734,Inefficient
Paradise Branch,0.999734,Inefficient
Tarrytown Station Bkg. Ctr. Branch,0.999734,Inefficient
Wood Village Branch,0.999734,Inefficient
Crossroads South Albertsons Branch,0.999733,Inefficient
Meridian Branch,0.999733,Inefficient
Orchards Park Financial Branch,0.999733,Inefficient
Port St. Lucie Gatlin Banking Center Branch,0.999733,Inefficient
Seaside Branch,0.999733,Inefficient
Burrage and Lombard Finanlctr Branch,0.999732,Inefficient
Centennial Fillmore Bnkg Ctr Branch,0.999732,Inefficient
New Massillon Branch,0.999732,Inefficient
New Philadelphia Branch,0.999732,Inefficient
Warner Cooper Frys Branch,0.999731,Inefficient
Wixom Branch,0.999731,Inefficient
Banksville Branch,0.99973,Inefficient
Commerce Branch,0.99973,Inefficient
Eastside Branch,0.99973,Inefficient
Manteca - Spreckels Branch,0.99973,Inefficient
Metropolitan Ave and Wood Branch,0.99973,Inefficient
North Blackstone Branch,0.99973,Inefficient
Northland and Ballard Branch,0.99973,Inefficient
Poplar Level Road Branch,0.99973,Inefficient
Post and 21 Street Branch,0.99973,Inefficient
Westlake Branch,0.99973,Inefficient
Woodmen Valley Banking Center Branch,0.99973,Inefficient
Colorado & 136th Banking Ctr Branch,0.999729,Inefficient
Hanover Park Banking Center Branch,0.999729,Inefficient
Heath Branch,0.999729,Inefficient
Mount Shasta Branch,0.999729,Inefficient
North Park Banking Center Branch,0.999729,Inefficient
Paterson Branch,0.999729,Inefficient
White Swan Branch,0.999729,Inefficient
College Hills Branch,0.999728,Inefficient
College Plaza Branch,0.999728,Inefficient
Draper Crossing Branch,0.999728,Inefficient
Grantline Road Branch,0.999728,Inefficient
Lyons and Lockwood Branch,0.999728,Inefficient
Michigan-Fuller Branch,0.999728,Inefficient
Clark and Loop 20 Banking Center Branch,0.999727,Inefficient
Cloverdale Branch,0.999727,Inefficient
East Hialeah Branch,0.999727,Inefficient
Entrada Branch,0.999727,Inefficient
Harbor Springs Branch,0.999727,Inefficient
Northport Branch,0.999727,Inefficient
Clackamas South Branch,0.999726,Inefficient
Custer and 720 Branch,0.999726,Inefficient
Hillsboro Branch,0.999726,Inefficient
Huntington 70th Street Branch,0.999726,Inefficient
Kings Blvd Branch,0.999726,Inefficient
Lakeway Branch,0.999726,Inefficient
Lovers Lane & Devonshire Bnk Cntr Br,0.999726,Inefficient
Mcallen South Mills Bnkg Ctr Branch,0.999726,Inefficient
Northeast 102nd and Halsey Branch,0.999726,Inefficient
Schertz Banking Center Branch,0.999726,Inefficient
Strongbow Centre Branch,0.999726,Inefficient
Wayne Main Branch,0.999726,Inefficient
Bay Plaza Branch,0.999725,Inefficient
Chums Corners Branch,0.999725,Inefficient
El Mirage and Vistancia Branch,0.999725,Inefficient
Leonard Walker Branch,0.999725,Inefficient
Newburgh Branch,0.999725,Inefficient
Springs Ranch Branch,0.999725,Inefficient
Sumner Branch,0.999725,Inefficient
Zanesville Downtown Branch,0.999725,Inefficient
Eastgate Financial Center Branch,0.999724,Inefficient
Franklin Park Branch,0.999724,Inefficient
Main and 119 Branch,0.999724,Inefficient
Maple Avenue Branch,0.999724,Inefficient
Broadview Banking Center Branch,0.999723,Inefficient
Charlestown Branch,0.999723,Inefficient
Desert Hot Springs Branch,0.999723,Inefficient
Kearny Ave Branch,0.999723,Inefficient
Mayo & Scottsdale Banking Ctr Branch,0.999723,Inefficient
Roseland Branch,0.999723,Inefficient
Cedar Springs Branch,0.999722,Inefficient
Culebra Branch,0.999722,Inefficient
East Salem Branch,0.999722,Inefficient
Mokena Branch,0.999722,Inefficient
Orange Banking Center Branch,0.999722,Inefficient
Burleson,0.999721,Inefficient
Hartland Branch,0.999721,Inefficient
Hwy 95 and Long Ave Branch,0.999721,Inefficient
Pine Bush Branch,0.999721,Inefficient
South 6th Street Branch,0.999721,Inefficient
Greens Road Branch,0.99972,Inefficient
Jefferson Park Banking Center Branch,0.99972,Inefficient
Midlothian Branch,0.99972,Inefficient
Murphy's Corner Branch,0.99972,Inefficient
Pleasure Ridge Branch,0.99972,Inefficient
Southeast 82nd and Foster Branch,0.99972,Inefficient
Wabash and Adams Branch,0.99972,Inefficient
Airway Woodman Branch,0.999719,Inefficient
Belleville Franklin Street Branch,0.999719,Inefficient
Galloway Banking Center Branch,0.999719,Inefficient
May & Memorial Banking Center Branch,0.999719,Inefficient
New Windsor Branch,0.999719,Inefficient
South Semoran Branch,0.999719,Inefficient
Bound Brook Branch,0.999718,Inefficient
Clime Road Branch,0.999718,Inefficient
Dixie Branch,0.999718,Inefficient
Elkview Branch,0.999718,Inefficient
Hillcroft Fiesta Branch,0.999718,Inefficient
James Street Branch,0.999718,Inefficient
Roswell Corner Branch,0.999718,Inefficient
Stanwood Branch,0.999718,Inefficient
Chicago - Lincoln & Wilson Branch,0.999717,Inefficient
Greenport Branch,0.999717,Inefficient
Greenwood Lake Branch,0.999717,Inefficient
Highlander Point Branch,0.999717,Inefficient
Riverfront Plaza Branch,0.999717,Inefficient
Whitehall Columbus Branch,0.999717,Inefficient
Zanesville Brandywine Branch,0.999717,Inefficient
Arvada Plaza Branch,0.999716,Inefficient
Bonney Lake Branch,0.999716,Inefficient
Carencro Branch,0.999716,Inefficient
Central and East 15th St Branch,0.999716,Inefficient
Harvard Market Branch,0.999716,Inefficient
Millburn Driveup Branch,0.999716,Inefficient
North Central Expwy Branch,0.999716,Inefficient
South Norwalk Branch,0.999716,Inefficient
Teays Valley Banking Center Branch,0.999716,Inefficient
Brookwood Branch,0.999715,Inefficient
Choctaw Branch,0.999715,Inefficient
Eagle Point Branch,0.999715,Inefficient
Fairfield Branch,0.999715,Inefficient
Frank Lloyd Wright and 100th St Brh,0.999715,Inefficient
Maitland Branch,0.999715,Inefficient
Mantua Branch,0.999715,Inefficient
Shelter Island Branch,0.999715,Inefficient
West-Sidney Branch,0.999715,Inefficient
Berea Branch,0.999714,Inefficient
Brentwood Bay Shore Branch,0.999714,Inefficient
Corona - 99th Street Branch,0.999714,Inefficient
Ephrata Branch,0.999714,Inefficient
Glisan Branch,0.999714,Inefficient
Hidden Valley Branch,0.999714,Inefficient
Port Orchard Branch,0.999714,Inefficient
Riverside Branch,0.999714,Inefficient
Valley Creek Branch,0.999714,Inefficient
Canton 30th Street Branch,0.999713,Inefficient
Cedar Lake Branch,0.999713,Inefficient
Mayfair Plaza Branch,0.999713,Inefficient
New Brunswick Branch,0.999713,Inefficient
North Newark Branch,0.999713,Inefficient
Raceland Branch,0.999713,Inefficient
Danville Downtown Branch,0.999712,Inefficient
Draper Banking Center Branch,0.999712,Inefficient
Mt. Sterling Branch,0.999712,Inefficient
Osceola Square Branch,0.999712,Inefficient
Walla Walla Branch,0.999712,Inefficient
Cottle and Raleigh Branch,0.999711,Inefficient
Lake Bluff Branch,0.999711,Inefficient
Lathrop Branch,0.999711,Inefficient
Prudenville Branch,0.999711,Inefficient
Stubbs and N 18th Street Branch,0.999711,Inefficient
West San Marcos Branch,0.999711,Inefficient
Westlake Heb Banking Center Branch,0.999711,Inefficient
Breitenstrater Square Branch,0.99971,Inefficient
Camas-Washougal Branch,0.99971,Inefficient
Louisville Ohio Branch,0.99971,Inefficient
Dover Shores Branch,0.999709,Inefficient
Lockport Branch,0.999709,Inefficient
Milwaukie Branch,0.999709,Inefficient
Northlake Banking Center Branch,0.999709,Inefficient
Odessa Westside Branch,0.999709,Inefficient
Spring Mill and 161st Branch,0.999709,Inefficient
Yukon Banking Center Branch,0.999709,Inefficient
Ashwaubenon Branch,0.999708,Inefficient
Forest Hill West Palm Beach Branch,0.999708,Inefficient
Granville Branch,0.999708,Inefficient
Monroe Avenue Branch,0.999708,Inefficient
North Riverside Branch,0.999708,Inefficient
Orlando - Avalon Park Branch,0.999708,Inefficient
Touro Branch,0.999708,Inefficient
Whitney Ranch Branch,0.999708,Inefficient
Arapahoe & 95th Banking Center Branch,0.999707,Inefficient
Coal Mine & Kipling Banking Center Branch,0.999707,Inefficient
Glendale 59th and Beardsley Branch,0.999707,Inefficient
Laauderdale Lakes Branch,0.999707,Inefficient
Tippecanoe Mall Branch,0.999707,Inefficient
Englewood Branch,0.999706,Inefficient
Glenwood-Illinois Banking Ctr. Branch,0.999706,Inefficient
Loveland Madeira Branch,0.999706,Inefficient
Middletown Branch,0.999706,Inefficient
Pike and Acme Branch,0.999706,Inefficient
Riverhead Branch,0.999706,Inefficient
Seatac Branch,0.999706,Inefficient
South Hill Branch,0.999706,Inefficient
Southpark Branch,0.999706,Inefficient
Thousand Oaks Banking Center Branch,0.999706,Inefficient
Uniontown Branch,0.999706,Inefficient
Arlington Branch,0.999705,Inefficient
Boyne City Branch,0.999705,Inefficient
Dixie & Needmore Branch,0.999705,Inefficient
Jacksonville Branch,0.999705,Inefficient
Marwood Banking Center Branch,0.999705,Inefficient
Milford Shopping Center Branch,0.999705,Inefficient
Sharon Greens Branch,0.999705,Inefficient
Wickliffe Branch,0.999705,Inefficient
Wilshire and Vermont Branch,0.999705,Inefficient
Amarillo Branch,0.999704,Inefficient
East Side Branch,0.999704,Inefficient
Frederick Douglass Boulevard Branch,0.999704,Inefficient
Northland Drive Branch,0.999704,Inefficient
Piccadilly Branch,0.999704,Inefficient
Sheridan & I-75 Branch,0.999704,Inefficient
Stargell Ave and Webster St Branch,0.999704,Inefficient
Watertown Branch,0.999704,Inefficient
Wright Patterson Afb Branch,0.999704,Inefficient
Countryside Branch,0.999703,Inefficient
Fair Oaks Blvd and Watt Branch,0.999703,Inefficient
Hamilton Heights Banking Center Branch,0.999703,Inefficient
Parker Branch,0.999703,Inefficient
River Grove Branch,0.999703,Inefficient
Scottsdale & Thunderbird Banking Center Branch,0.999703,Inefficient
Baseline and 51st Avenue Branch,0.999702,Inefficient
Hawthorne & State Branch,0.999702,Inefficient
I 10 and Bunker Hill Bnkg Ctr Branch,0.999702,Inefficient
Salmon Bay Branch,0.999702,Inefficient
Estrella and Van Buren Bkg. Ctr. Branch,0.999701,Inefficient
Nacogdoches Branch,0.999701,Inefficient
Northern Lights Branch,0.999701,Inefficient
South Kissimmee Branch,0.999701,Inefficient
Tacoma Narrows Branch,0.999701,Inefficient
Allouez Branch,0.9997,Inefficient
Happy Valley and Lake Pleasant Rd Branch,0.9997,Inefficient
Haworth Branch,0.9997,Inefficient
Independence Hill Branch,0.9997,Inefficient
Jim Bowie Branch,0.9997,Inefficient
Ramsey North Spruce Branch,0.9997,Inefficient
Tacoma Main Branch,0.9997,Inefficient
Trenton & Mccoll Banking Ctr Branch,0.9997,Inefficient
Troon Banking Center Branch,0.9997,Inefficient
57th & Regal Financial Center Branch,0.999699,Inefficient
Bae Mar Branch,0.999699,Inefficient
Centereach Banking Center Branch,0.999699,Inefficient
Cypresswood Branch,0.999699,Inefficient
East Fordham Branch,0.999699,Inefficient
Homestead Branch,0.999699,Inefficient
Houghton Lake Branch,0.999699,Inefficient
Roosevelt Park Branch,0.999699,Inefficient
Benson Plaza Branch,0.999698,Inefficient
Cave Creek & Beardsley Banking Center Branch,0.999698,Inefficient
Diplomat Plaza Branch,0.999698,Inefficient
Greentree Branch,0.999698,Inefficient
Port St Lucie Rivergate Branch,0.999698,Inefficient
Bixby Heights Branch,0.999697,Inefficient
Downtown Kalamazoo Branch,0.999697,Inefficient
Findlay East Branch,0.999697,Inefficient
Greenfield & 16th Branch,0.999697,Inefficient
North Bend Branch,0.999697,Inefficient
Boughton & James Bnkg Ctr Branch,0.999696,Inefficient
Eastland Winchester Branch,0.999696,Inefficient
Edgewood Branch,0.999696,Inefficient
Greenleaf Branch,0.999696,Inefficient
Island Park Branch,0.999696,Inefficient
Miamisburg Branch,0.999696,Inefficient
San Diego - Clairemont Square Branch,0.999696,Inefficient
Stony Point Rd Branch,0.999696,Inefficient
Upper Arlington Branch,0.999696,Inefficient
Willcox Branch,0.999696,Inefficient
Arkansas Lane Branch,0.999695,Inefficient
Broadway and Houghton Bkg. Ctr. Branch,0.999695,Inefficient
Deerwood Branch,0.999695,Inefficient
New Milford - River Road Branch,0.999695,Inefficient
Polo Branch,0.999695,Inefficient
South Loop West Branch,0.999695,Inefficient
Spring Street Branch,0.999695,Inefficient
Thunderbird and 83rd Avenue Branch,0.999695,Inefficient
West Francis Ave Branch,0.999695,Inefficient
Whitehall Bloomington Branch,0.999695,Inefficient
Willits Branch,0.999695,Inefficient
Bay Mccarty Branch,0.999694,Inefficient
Bend South Branch,0.999694,Inefficient
Bridle Trails Branch,0.999694,Inefficient
Hunts Point Branch,0.999694,Inefficient
Keystone Avenue Branch,0.999694,Inefficient
Maryland and Sahara Branch,0.999694,Inefficient
May Avenue and 37th Branch,0.999694,Inefficient
Randolph Rt 10 Branch,0.999694,Inefficient
Van Dyke Road Branch,0.999694,Inefficient
Yonkers Kimball Ave Branch,0.999694,Inefficient
Cypresswood and State Highway 249 Bkg. Ctr. Branch,0.999693,Inefficient
Jenks Branch,0.999693,Inefficient
Mcloughlin Heights Branch,0.999693,Inefficient
Northshore Plaza Branch,0.999693,Inefficient
Silverton Branch,0.999693,Inefficient
St Petersburg - North Shore Branch,0.999693,Inefficient
Wylie Banking Center Branch,0.999693,Inefficient
Burton Heights Branch,0.999692,Inefficient
Cardinal-Valencia Branch,0.999692,Inefficient
Edgewood Drive Branch,0.999692,Inefficient
Lake Station Branch,0.999692,Inefficient
Lyndon Branch,0.999692,Inefficient
Monona Branch,0.999692,Inefficient
Watts Branch,0.999692,Inefficient
Wekiva Branch,0.999692,Inefficient
West Yakima Branch,0.999692,Inefficient
Green Valley Ranch Banking Ctr. Branch,0.999691,Inefficient
Higley and Chandler Heights Banking Ctr. Branch,0.999691,Inefficient
Iris and Lasselle Branch,0.999691,Inefficient
Logan Smiths Branch,0.999691,Inefficient
Mall At 163rd Branch,0.999691,Inefficient
Port Angeles Branch,0.999691,Inefficient
Port Jervis Branch,0.999691,Inefficient
Richland Avenue Branch,0.999691,Inefficient
Avenue S Branch,0.99969,Inefficient
Eldorado and Dnt Branch,0.99969,Inefficient
Rockaway Avenue Branch,0.99969,Inefficient
Sandy Little Cottonwood Branch,0.99969,Inefficient
Tropicana and Eastern Branch,0.99969,Inefficient
Yonkers Northeast Banking Ctr Branch,0.99969,Inefficient
Breton Meadows Branch,0.999689,Inefficient
Davie Nova Banking Center Branch,0.999689,Inefficient
Deridder Branch,0.999689,Inefficient
Fox Run Branch,0.999689,Inefficient
Frankford & Midway Banking Center Branch,0.999689,Inefficient
Johnson Ranch Branch,0.999689,Inefficient
Kirkland Branch,0.999689,Inefficient
Snellville Scenic and Pharrs Branch,0.999689,Inefficient
Boonton Monroe Branch,0.999688,Inefficient
Canby Branch,0.999688,Inefficient
Eastwind Center Branch,0.999688,Inefficient
Orlando - Metrowest Branch,0.999688,Inefficient
Barrett Creek Branch,0.999687,Inefficient
Card & 21 Mile Banking Center Branch,0.999687,Inefficient
Foothill Village Branch,0.999687,Inefficient
Fox River Grove Branch,0.999687,Inefficient
Heritage Eagle Bend Bkg. Ctr. Branch,0.999687,Inefficient
Islandia Branch,0.999687,Inefficient
Round Lake Beach Banking Center Branch,0.999687,Inefficient
Villa Point Branch,0.999687,Inefficient
West Airport Freeway Branch,0.999687,Inefficient
West Market Warren Branch,0.999687,Inefficient
West Park Branch,0.999687,Inefficient
1600 N. Plano Rd Branch,0.999686,Inefficient
Desert Vista Branch,0.999686,Inefficient
E 7th St and Robert Martinez Branch,0.999686,Inefficient
Federal and Speer Branch,0.999686,Inefficient
Norman Main Branch,0.999686,Inefficient
Norwood Banking Center Branch,0.999686,Inefficient
Pleasant Valley Branch,0.999686,Inefficient
Preston and Eldorado Banking Ctr. Branch,0.999686,Inefficient
Sandy Plains & Shallowford Banking Center,0.999686,Inefficient
Soscol Avenue Branch,0.999686,Inefficient
Sunrise Kolb Branch,0.999686,Inefficient
Watchung Branch,0.999686,Inefficient
Beltway 8/Beechnut Branch,0.999685,Inefficient
Everett Mall Way Branch,0.999685,Inefficient
Hawks Prairie Branch,0.999685,Inefficient
I 45 and Fm 3083 Branch,0.999685,Inefficient
Oxnard - Rose Crossing Branch,0.999685,Inefficient
Pittsburg Branch,0.999685,Inefficient
South Shore Harbor Bnkg Cntr Branch,0.999685,Inefficient
Freeland Branch,0.999684,Inefficient
Medina Buehlers Branch,0.999684,Inefficient
Seventh Ave and 58st Branch,0.999684,Inefficient
Stayton Branch,0.999684,Inefficient
Thrashers Corner Branch,0.999684,Inefficient
Walnut Creek Geary Bnkg Ctr Branch,0.999684,Inefficient
Flemington Circle Branch,0.999683,Inefficient
Hwy 6 and West Branch,0.999683,Inefficient
Meadow Central Branch,0.999683,Inefficient
Midland Park Branch,0.999683,Inefficient
White Center Branch,0.999683,Inefficient
Baldwin Atlantic Branch,0.999682,Inefficient
Girard Branch,0.999682,Inefficient
Totem Hill Branch,0.999682,Inefficient
Estrella and Pebble Creek Branch,0.999681,Inefficient
Happy Valley and 39th Ave Branch,0.999681,Inefficient
Line Avenue Branch,0.999681,Inefficient
Maryland Crossing Branch,0.999681,Inefficient
North Beach Branch,0.999681,Inefficient
Six Corners Banking Center Branch,0.999681,Inefficient
Clavey & US 41 Banking Center Branch,0.99968,Inefficient
Geer Road Branch,0.99968,Inefficient
I-10 East Banking Center Branch,0.99968,Inefficient
Liberty Branch,0.99968,Inefficient
Northeast Branch,0.99968,Inefficient
Anthem Banking Center Branch,0.999679,Inefficient
Dix Hills Branch,0.999679,Inefficient
Grand Avenue Branch,0.999679,Inefficient
Levittown Parkway Branch,0.999679,Inefficient
Lincolnway Branch,0.999679,Inefficient
Miramar Branch,0.999679,Inefficient
Piqua Branch,0.999679,Inefficient
Uptown Banking Center Branch,0.999679,Inefficient
Aurora Farnsworth Bkg. Ctr. Branch,0.999678,Inefficient
Des Moines Branch,0.999678,Inefficient
Lawrence and Kedzie Banking Center Branch,0.999678,Inefficient
Mount Gilead Branch,0.999678,Inefficient
South Farmingdale Branch,0.999678,Inefficient
Broad-Desoto Branch,0.999677,Inefficient
Brookings Branch,0.999677,Inefficient
Dequindre 12 Miles Banking Center Branch,0.999677,Inefficient
Fort Union Branch,0.999677,Inefficient
Miami 199th St Branch,0.999677,Inefficient
Patterson Trailer Branch,0.999677,Inefficient
Renaissance Center Lobby Branch,0.999677,Inefficient
Saginaw Branch,0.999677,Inefficient
Smokey Point Branch,0.999677,Inefficient
Tipp City Branch,0.999677,Inefficient
West 12th Street and S Admas Branch,0.999677,Inefficient
Riverhead Shopping Center Branch,0.999676,Inefficient
Verona Pompton Branch,0.999676,Inefficient
Edgerton Branch,0.999675,Inefficient
Loves Park Branch,0.999675,Inefficient
Marietta - Piedmont Commons Branch,0.999675,Inefficient
Oceanside Branch,0.999675,Inefficient
Scottsdale - Hayden & Chaparral Branch,0.999675,Inefficient
Sheridan and 66th Branch,0.999675,Inefficient
South Orange Branch,0.999675,Inefficient
Thurston Branch,0.999675,Inefficient
Washington and Shepherd Branch,0.999675,Inefficient
Beach & North Tarrant Bnkg Ctr Branh,0.999674,Inefficient
Flushing Branch,0.999674,Inefficient
Forsythe Branch,0.999674,Inefficient
Little Road and I 20 Branch,0.999674,Inefficient
Maricopa Banking Center Branch,0.999674,Inefficient
North Shreveport Branch,0.999674,Inefficient
Oshkosh Main Branch,0.999674,Inefficient
Pearl District Branch,0.999674,Inefficient
Shelbyville Main Branch,0.999674,Inefficient
Tampa - Fletcher Avenue Branch,0.999674,Inefficient
Teaneck Banking Center Branch,0.999674,Inefficient
Commercial & Dixie Branch,0.999673,Inefficient
East State Boulevard Branch,0.999673,Inefficient
Harmony and Corbett Branch,0.999673,Inefficient
Salmon Creek Fm Branch,0.999673,Inefficient
Saw Mill River Road Branch,0.999673,Inefficient
Vandalia Branch,0.999673,Inefficient
Wenatchee Branch,0.999673,Inefficient
Clio Branch,0.999672,Inefficient
Mississippi and Buckley Branch,0.999672,Inefficient
Oswego Branch,0.999672,Inefficient
Balboa & Devonshire Banking Center Branch,0.999671,Inefficient
Beech Grove Banking Center Branch,0.999671,Inefficient
Eastland Hamilton Branch,0.999671,Inefficient
Roxbury Branch,0.999671,Inefficient
Southern and 48th Street Branch,0.999671,Inefficient
Deerfield Symmes Banking Ctr Branch,0.99967,Inefficient
Tillotson Square Branch,0.99967,Inefficient
Bashford Manor Lane Branch,0.999669,Inefficient
Casselberry Branch,0.999669,Inefficient
Dongan Hills Branch,0.999669,Inefficient
Far Rockaway Branch,0.999669,Inefficient
Kanawha City Branch,0.999669,Inefficient
Old Westbury Branch,0.999669,Inefficient
Westport Plaza Branch,0.999669,Inefficient
Old Denton/Frankford Banking Center Branch,0.999668,Inefficient
Richland Branch,0.999668,Inefficient
Sarasota - Fruitville Road Branch,0.999668,Inefficient
Mokena Market Place Branch,0.999667,Inefficient
Calvine Branch,0.999666,Inefficient
Chehalis Branch,0.999666,Inefficient
Haverstraw 9w Branch,0.999666,Inefficient
Printers Row Branch,0.999666,Inefficient
Franklin Branch,0.999665,Inefficient
Horizon Branch,0.999665,Inefficient
Columbia City Banking Center Branch,0.999664,Inefficient
Coney Island Branch,0.999664,Inefficient
Crown Point Drive-Up Branch,0.999664,Inefficient
Madison Ridge Branch,0.999664,Inefficient
Metropolitan Airport Branch,0.999664,Inefficient
South Ontario Branch,0.999664,Inefficient
Burlington Chestnut Branch,0.999663,Inefficient
Church Ranch Banking Center Branch,0.999663,Inefficient
Bergenline Branch,0.999662,Inefficient
Highland West Monroe Branch,0.999662,Inefficient
Robbins Road Branch,0.999662,Inefficient
Yaphank Branch,0.999662,Inefficient
Crater Lake Plaza Branch,0.999661,Inefficient
Jackson Banking Center Branch,0.999661,Inefficient
Miami - Miller West Branch,0.999661,Inefficient
Northpointe Plaza Branch,0.999661,Inefficient
Skyline & US Highway 89 Banking Center Branch,0.999661,Inefficient
West Meadows Banking Center Branch,0.999661,Inefficient
Bexley Banking Center Branch,0.99966,Inefficient
East Bay Branch,0.99966,Inefficient
Fort Collins - Mulberry & Lemay Brh,0.99966,Inefficient
Hammond Branch,0.99966,Inefficient
Haynes Bridge and Old Alabama Branch,0.99966,Inefficient
Heb Four Points Fsc Branch,0.99966,Inefficient
Lake Sammamish Branch,0.99966,Inefficient
Neptune Banking Center Branch,0.99966,Inefficient
Sherwood Forest Branch,0.99966,Inefficient
Vancouver Mall Branch,0.99966,Inefficient
Debbie and Matlock Banking Ctr. Branch,0.999659,Inefficient
Eastlake-Vine Branch,0.999659,Inefficient
Land O Lakes - Collier Branch,0.999659,Inefficient
Milan Branch,0.999659,Inefficient
New Paltz Branch,0.999659,Inefficient
Waynedale Branch,0.999659,Inefficient
73rd Avenue Branch,0.999658,Inefficient
Allison Lane Branch,0.999658,Inefficient
Hopewell Banking Center Branch,0.999658,Inefficient
Lake Oswego Branch,0.999658,Inefficient
Little York Branch,0.999658,Inefficient
Oak Cliff Branch,0.999658,Inefficient
Oak Hill Branch,0.999658,Inefficient
Rolling Meadows Banking Center Branch,0.999658,Inefficient
Shively Banking Center Branch,0.999658,Inefficient
Sugar Cove Branch,0.999658,Inefficient
The Romany Road Branch,0.999658,Inefficient
Woodmere Branch,0.999658,Inefficient
Alsip Banking Center Branch,0.999657,Inefficient
El Camino Real and Walnut Branch,0.999657,Inefficient
Fairborn Branch,0.999657,Inefficient
Lynwood Branch,0.999657,Inefficient
North Babylon Branch,0.999657,Inefficient
Avondale Branch,0.999656,Inefficient
Craig Ranch Branch,0.999656,Inefficient
Englewood Taywood Branch,0.999656,Inefficient
Jefferson Square Branch,0.999656,Inefficient
Park Forest Branch,0.999656,Inefficient
Signal Butte & Baseline Bkg Ctr Branch,0.999656,Inefficient
South Freeport Branch,0.999656,Inefficient
Bentley Branch,0.999655,Inefficient
Fall Creek Branch,0.999655,Inefficient
Gates Banking Center Branch,0.999655,Inefficient
Grants Pass Branch,0.999655,Inefficient
Iris and 28th St Branch,0.999655,Inefficient
Sacramento - Natomas Branch,0.999655,Inefficient
Seven Hills Tower Branch,0.999655,Inefficient
Sunrise Hwy and Grand Branch,0.999655,Inefficient
Grand Haven Main Branch,0.999654,Inefficient
Ukiah Branch,0.999654,Inefficient
Warren-Wyoming Branch,0.999654,Inefficient
Woodstock Branch,0.999654,Inefficient
Alpine Lamoreaux Branch,0.999653,Inefficient
Cheyenne Banking Center Branch,0.999653,Inefficient
Ferndale and Northwest Highway Branch,0.999653,Inefficient
Georgetown Branch,0.999653,Inefficient
Jordan Landing Banking Center Branch,0.999653,Inefficient
Mid-City Branch,0.999653,Inefficient
Bellaire and Synott Branch,0.999652,Inefficient
Cordata Branch,0.999652,Inefficient
Jones and Cypress N Houston Branch,0.999652,Inefficient
Richmond Downtown Branch,0.999652,Inefficient
Rockledge Branch,0.999652,Inefficient
Sr 66 and Dalrock Branch,0.999652,Inefficient
Bee Cave & 360 Banking Center Branch,0.999651,Inefficient
Bradenton - West Cortez Branch,0.999651,Inefficient
Champion Branch,0.999651,Inefficient
Glenwood Branch,0.999651,Inefficient
Greenlawn & Pulaski Bnkg Ctr Branch,0.999651,Inefficient
Northwest Highway Harlem Banking Center Branch,0.999651,Inefficient
South Bossier Branch,0.999651,Inefficient
Southcenter Branch,0.999651,Inefficient
Alta View Branch,0.99965,Inefficient
Division Branch,0.99965,Inefficient
Higley & Pecos Banking Center Branch,0.99965,Inefficient
Oceanside Branch,0.99965,Inefficient
Poinsettia Village Bnkg Ctr Branch,0.99965,Inefficient
St. Albans Branch,0.99965,Inefficient
Layton Branch,0.999649,Inefficient
Patchogue Branch,0.999649,Inefficient
Stassney Branch,0.999649,Inefficient
East Rockaway Banking Center Branch,0.999648,Inefficient
Miramar Commons Branch,0.999648,Inefficient
Patterson Market Branch,0.999648,Inefficient
Renner and Custer Branch,0.999648,Inefficient
Rockford North Main Branch,0.999648,Inefficient
Spokane Branch,0.999648,Inefficient
Spring Creek & Coit Banking Center Branch,0.999648,Inefficient
Elliot and Kyrene Banking Center Branch,0.999647,Inefficient
Everett Branch,0.999647,Inefficient
Fishkill and Merritt Blvd Branch,0.999647,Inefficient
Green Mountain Banking Center Branch,0.999647,Inefficient
Lake Stevens Branch,0.999647,Inefficient
Southgate Pettit Branch,0.999647,Inefficient
Troy Branch,0.999647,Inefficient
Delano Branch,0.999646,Inefficient
East Rochester Fairport Road Branch,0.999646,Inefficient
Federal Branch,0.999646,Inefficient
Georgetown and 56th Branch,0.999646,Inefficient
Glendale Redwood Branch,0.999646,Inefficient
Kent Branch,0.999646,Inefficient
Lafayette Road Banking Center Branch,0.999646,Inefficient
Lawrenceville Shoprite Branch,0.999646,Inefficient
Medford Branch,0.999646,Inefficient
Pataskala Branch,0.999646,Inefficient
Wadsworth and 88th Branch,0.999646,Inefficient
Colorado & 104th Banking Ctr Branch,0.999645,Inefficient
Morris Plains - Route 10 Branch,0.999645,Inefficient
Banning Branch,0.999644,Inefficient
Buffalo Branch,0.999644,Inefficient
Duluth Reynolds Crossing Branch,0.999644,Inefficient
Fort Williamsburg Branch,0.999644,Inefficient
Stapleton Branch,0.999644,Inefficient
Walker and I 240 Branch,0.999644,Inefficient
1870 Aloma Branch,0.999643,Inefficient
Longwood Plaza Branch,0.999643,Inefficient
Rainier Branch,0.999643,Inefficient
Roseville - Foothills Branch,0.999643,Inefficient
University-Thibodaux Branch,0.999643,Inefficient
Beaverton Town Square Branch,0.999642,Inefficient
Boulder Hwy and Lake Mead Branch,0.999642,Inefficient
Lawrence Franklin Branch,0.999642,Inefficient
North Red Bank Banking Center Branch,0.999642,Inefficient
Roswell - Mansell - Branch,0.999642,Inefficient
San Leandro - Greenhouse Branch,0.999642,Inefficient
Tremont Branch,0.999642,Inefficient
Walnut Creek - Ygnacio Plaza Branch,0.999642,Inefficient
Burlingame 44th Branch,0.999641,Inefficient
Congress Ave Branch,0.999641,Inefficient
Freehold Branch,0.999641,Inefficient
Grand River-Fenkell Branch,0.999641,Inefficient
Norton Branch,0.999641,Inefficient
Sarasota - Beneva Village Branch,0.999641,Inefficient
South Carrier Pkwy and I 20 Branch,0.999641,Inefficient
West Bay Branch,0.999641,Inefficient
Baptist Rd and I 25 Branch,0.99964,Inefficient
Frankford Crossing Branch,0.99964,Inefficient
Glenville Branch,0.99964,Inefficient
Oak Creek Irvine Branch,0.99964,Inefficient
Saint Cloud Branch,0.99964,Inefficient
San Jose - Bernal Branch,0.99964,Inefficient
Watauga Branch,0.99964,Inefficient
2nd and Capitol Branch,0.999639,Inefficient
Central Avenue Branch,0.999639,Inefficient
Elgin Branch,0.999639,Inefficient
Grasslands Branch,0.999639,Inefficient
Michigan & Canton Center Banking Center Branch,0.999639,Inefficient
North Meridian Street Branch,0.999639,Inefficient
Pleasantville Branch,0.999639,Inefficient
Thomas and 24th Street Branch,0.999639,Inefficient
Tualatin Branch,0.999639,Inefficient
Buffalo Gap Branch,0.999638,Inefficient
Lake Geneva Branch,0.999638,Inefficient
Lovers and Innwood Branch,0.999638,Inefficient
Route 17k Branch,0.999638,Inefficient
Yorkville Banking Center Branch,0.999638,Inefficient
Avondale Westwind Plaza Branch,0.999637,Inefficient
Fondren South Branch,0.999637,Inefficient
Fullerton and Wood Banking Center Branch,0.999637,Inefficient
Hanford Branch,0.999637,Inefficient
Pinetop Branch,0.999637,Inefficient
Western & Addison Branch,0.999637,Inefficient
Wilmont and 22nd Street Branch,0.999637,Inefficient
Alden Manor Branch,0.999636,Inefficient
Apple Valley - Highway 18 Branch,0.999636,Inefficient
Broomfield Branch,0.999636,Inefficient
Dixie Village 2710 S Orange Ave Bran,0.999636,Inefficient
Easton Town Center Bnkg Ctr Branch,0.999636,Inefficient
Guadalupe Branch,0.999636,Inefficient
Harding Highway Branch,0.999636,Inefficient
Little Elm Banking Center Branch,0.999636,Inefficient
Manchester Branch,0.999636,Inefficient
Pine Hills Branch,0.999636,Inefficient
San Francisco - Fulton Branch,0.999636,Inefficient
Southlake Mall Banking Center Branch,0.999636,Inefficient
West Salem Branch,0.999636,Inefficient
Moline Main Branch,0.999635,Inefficient
Beardsley and 83rd Ave Branch,0.999634,Inefficient
Boyle Heights Branch,0.999634,Inefficient
By-Pass Plaza Branch,0.999634,Inefficient
Camp Verde Branch,0.999634,Inefficient
Chapmanville Branch,0.999634,Inefficient
Highland and Sterling Branch,0.999634,Inefficient
Lakeline Banking Center Branch,0.999634,Inefficient
South Main Branch,0.999634,Inefficient
Sugarcreek Banking Center Branch,0.999634,Inefficient
Broadway Branch,0.999633,Inefficient
Forest Park Branch,0.999633,Inefficient
Harrison Branch,0.999633,Inefficient
Seven Mile Winthrop Branch,0.999633,Inefficient
Tracy - Grant Line Branch,0.999633,Inefficient
Windsor Branch,0.999633,Inefficient
Canal Winchester Branch,0.999632,Inefficient
Forney Branch,0.999632,Inefficient
Glenview Jewel Branch,0.999632,Inefficient
Irving Park & Sheridan Banking Branch,0.999632,Inefficient
Jamesburg Banking Center Branch,0.999632,Inefficient
Kennewick Branch,0.999632,Inefficient
Baytown Branch,0.999631,Inefficient
De Zavala and I 10 Branch,0.999631,Inefficient
Durham Center Branch,0.999631,Inefficient
Kimball Branch,0.999631,Inefficient
Pfennig & 685 Banking Center Branch,0.999631,Inefficient
South Charleston Branch,0.999631,Inefficient
Vashon Island Branch,0.999631,Inefficient
Apple Valley Center Branch,0.99963,Inefficient
Eureka Branch,0.99963,Inefficient
Hilliard Rome & Trabue Banking Center Branch,0.99963,Inefficient
Lompoc Branch,0.99963,Inefficient
Olympia Branch,0.99963,Inefficient
Southport Branch,0.99963,Inefficient
Telegraph & Whittier Banking Center Branch,0.99963,Inefficient
Wiinter Park Downtown Branch,0.99963,Inefficient
Bot Ranch Branch,0.999629,Inefficient
Paseo Verde Branch,0.999629,Inefficient
Saddle Brook Branch,0.999629,Inefficient
Saratoga Branch,0.999629,Inefficient
Addison Banking Center Branch,0.999628,Inefficient
City Heights Branch,0.999628,Inefficient
Jeffery Manor Branch,0.999628,Inefficient
Richmond Rosenberg Bnkg Cntr Branch,0.999628,Inefficient
Roger Oracle Roads Branch,0.999628,Inefficient
Roscommon Branch,0.999628,Inefficient
Willoughby Hills Branch,0.999628,Inefficient
Alderwood Branch,0.999627,Inefficient
Bartlett Branch,0.999627,Inefficient
Country Club and Southern Branch,0.999627,Inefficient
Fry & Morton Bkg. Ctr. Branch,0.999627,Inefficient
Ryan Street Branch,0.999627,Inefficient
Butler Branch,0.999626,Inefficient
Ocoee Branch,0.999626,Inefficient
Oregon City Hilltop Branch,0.999626,Inefficient
Silverdale Way Branch,0.999626,Inefficient
Woodland Branch,0.999626,Inefficient
Apopka Branch,0.999625,Inefficient
Avery Ranch & Parmer Ln Bnkg Ctr Brh,0.999625,Inefficient
Central Point Branch,0.999625,Inefficient
Plaza Volente Branch,0.999625,Inefficient
Rufe Snow Branch,0.999625,Inefficient
Steeplechase Branch,0.999625,Inefficient
Winter Garden Branch,0.999625,Inefficient
Lincoln Mall Banking Center Branch,0.999624,Inefficient
Calumet City Branch,0.999623,Inefficient
Chula Vista-Eastlake Terraces Branch,0.999623,Inefficient
Hampton Rt 206 Branch,0.999623,Inefficient
Irondequoit West Branch,0.999623,Inefficient
James Center Branch,0.999623,Inefficient
Baybrook Square Branch,0.999622,Inefficient
Covington Branch,0.999622,Inefficient
Hessville Branch,0.999622,Inefficient
International & Loop 20 Banking Center Branch,0.999622,Inefficient
Breiel Branch,0.999621,Inefficient
Cable Road Branch,0.999621,Inefficient
Carpentersville Banking Cntr Branch,0.999621,Inefficient
Falcon Ridge Branch,0.999621,Inefficient
Fox Lake Banking Center Branch,0.999621,Inefficient
Greenwich Branch,0.999621,Inefficient
Royal-Bienville Branch,0.999621,Inefficient
Saticoy Branch,0.999621,Inefficient
Schaumburg Barrington Road Banking Branch,0.999621,Inefficient
Ditmars Blvd and 31st Branch,0.99962,Inefficient
Northside Branch,0.99962,Inefficient
Arlington Avenue Branch,0.999619,Inefficient
Carefree & 1-17 Banking Ctr Branch,0.999619,Inefficient
Fenton Branch,0.999619,Inefficient
Highland Station Branch,0.999619,Inefficient
Highway 2 Branch,0.999619,Inefficient
Mission and Ocean Branch,0.999619,Inefficient
Moss Street Branch,0.999619,Inefficient
Riverside Branch,0.999619,Inefficient
Town Square Bloomfield Branch,0.999619,Inefficient
Auburndale Branch,0.999618,Inefficient
Busha Highway Branch,0.999618,Inefficient
Chandler Heights and Arizona Ave Branch,0.999618,Inefficient
Crescent City Branch,0.999618,Inefficient
Edgewater Drive Branch,0.999618,Inefficient
Gardenside Branch,0.999618,Inefficient
Greeley Commons Banking Ctr. Branch,0.999618,Inefficient
N Lamar and Rundberg Branch,0.999618,Inefficient
Northline Allen Branch,0.999618,Inefficient
Portage Central Branch,0.999618,Inefficient
Rt 59 and 135th St Branch,0.999618,Inefficient
Toms River Branch,0.999618,Inefficient
White Lane Branch,0.999618,Inefficient
Amherst Branch,0.999617,Inefficient
Arvada Branch,0.999617,Inefficient
Dixie Farm & Fm 518 Branch,0.999617,Inefficient
Hartville Branch,0.999617,Inefficient
New Lots Branch,0.999617,Inefficient
Poulsbo Branch,0.999617,Inefficient
Wilsonville Branch,0.999617,Inefficient
Brockport Branch,0.999616,Inefficient
Coeur D Alene Fred Meyer Branch,0.999616,Inefficient
Reedley Branch,0.999616,Inefficient
Southport/Waveland/Addison Banking Center Branch,0.999616,Inefficient
Union Park Branch,0.999616,Inefficient
Chevy Chase Branch,0.999615,Inefficient
Clifton Branch,0.999615,Inefficient
Crown Centre Plaza Branch,0.999615,Inefficient
Delta Fair Blvd Branch,0.999615,Inefficient
Eastgate Branch,0.999615,Inefficient
Maple Valley Branch,0.999615,Inefficient
Steinway St and 30th Ave Branch,0.999615,Inefficient
Bayou Black Branch,0.999614,Inefficient
Hamilton Marketplace Branch,0.999614,Inefficient
Lake Park Branch,0.999614,Inefficient
Laurelton Banking Centger Branch,0.999614,Inefficient
Madera Branch,0.999614,Inefficient
Summerhill Ln and Mcbean Pkwy Branch,0.999613,Inefficient
Titusville Branch,0.999613,Inefficient
Visalia - Akers Branch,0.999613,Inefficient
Allen Park Branch,0.999612,Inefficient
Coit and 121 Branch,0.999612,Inefficient
Exchange Pkwy and Angel Pkwy Branch,0.999612,Inefficient
North Gig Harbor Branch,0.999612,Inefficient
Southern Hills Shreveport Branch,0.999612,Inefficient
Trumbull Center Banking Center Branch,0.999612,Inefficient
Western Branch,0.999612,Inefficient
Columbia Tech Center Branch,0.999611,Inefficient
Eastwood Mall Branch,0.999611,Inefficient
Great Northern Branch,0.999611,Inefficient
Hazel Dell and 146th Branch,0.999611,Inefficient
Somerville Branch,0.999611,Inefficient
Speedway Banking Branch,0.999611,Inefficient
Stockton - Brookside Branch,0.999611,Inefficient
Tampa and Saticoy Branch,0.999611,Inefficient
West Greeley Branch,0.999611,Inefficient
Green Bay West Branch,0.99961,Inefficient
Inwood and Stemmons Motor Bank Brh,0.99961,Inefficient
Lexwood Branch,0.99961,Inefficient
Manor Road Branch,0.99961,Inefficient
Scott Branch,0.99961,Inefficient
Stroh Ranch Banking Center Branch,0.99961,Inefficient
Pinellas Park - Park Mall Branch,0.999609,Inefficient
Valle Vista Banking Center Branch,0.999609,Inefficient
Baldwin Branch,0.999608,Inefficient
Beaver Dam Main Office Branch,0.999608,Inefficient
Boynton Avenue Branch,0.999608,Inefficient
Davison Donegal Branch,0.999608,Inefficient
Desoto Branch,0.999608,Inefficient
Lake Forest - Trabuco Branch,0.999608,Inefficient
Midway Square Banking Center Branch,0.999608,Inefficient
Turner Parkway Branch,0.999608,Inefficient
Van Wyck Branch,0.999608,Inefficient
Westgae and William Cannon Branch,0.999608,Inefficient
2920 and Spring Cypress Banking Center Branch,0.999607,Inefficient
Lindenwood Branch,0.999607,Inefficient
Neenah Branch,0.999607,Inefficient
Pierson and W 16th Street Branch,0.999607,Inefficient
Ridgewood and Westminster,0.999607,Inefficient
Roosevelt & Canal Jewel Branch,0.999607,Inefficient
Wallington Branch,0.999607,Inefficient
Ken Caryl Branch,0.999606,Inefficient
North Sherwood Branch,0.999606,Inefficient
Pine Grove Garfield Branch,0.999606,Inefficient
Port Townsend Branch,0.999606,Inefficient
Tropicana Beltway Branch,0.999606,Inefficient
Baseline and Boulder Branch,0.999605,Inefficient
Buckingham Village Branch,0.999605,Inefficient
Clermont East Branch,0.999605,Inefficient
West Saginaw Branch,0.999605,Inefficient
Cherry Hill Merriman Branch,0.999604,Inefficient
Dripping Springs Branch,0.999604,Inefficient
Laplace Branch,0.999604,Inefficient
Oak Forest Illinois Banking Center Branch,0.999604,Inefficient
Rockford Downtown Branch,0.999604,Inefficient
Vernon Rt 515 Branch,0.999604,Inefficient
Zachary Branch,0.999604,Inefficient
Arapahpo & Shiloh Branch,0.999603,Inefficient
Chandler & Kyrene Bkg. Ctr. Branch,0.999603,Inefficient
Johnson Creek Branch,0.999603,Inefficient
Lacanada and Lambert Banking Center Branch,0.999603,Inefficient
Long Branch Banking Center Branch,0.999603,Inefficient
North Miami 7th Ave Branch,0.999603,Inefficient
Salem Branch,0.999603,Inefficient
Shirley William Floyd Plaza Branch,0.999603,Inefficient
West 125th Street Branch,0.999603,Inefficient
West Broad Branch,0.999603,Inefficient
Antelope Branch,0.999602,Inefficient
Elk Grove Branch,0.999602,Inefficient
Forest Hills 108th St Branch,0.999602,Inefficient
Professional Park Branch,0.999602,Inefficient
US 42 Branch,0.999602,Inefficient
Burnside Avenue Branch,0.999601,Inefficient
Denver West Banking Center Branch,0.999601,Inefficient
Fair Lawn Branch,0.999601,Inefficient
Fullerton Branch,0.999601,Inefficient
Jeffersontown Branch,0.999601,Inefficient
Malverne Branch,0.999601,Inefficient
Oconomowoc Branch,0.999601,Inefficient
Richmond Main Branch,0.999601,Inefficient
Gentilly-Woods Branch,0.9996,Inefficient
Muskego Branch,0.9996,Inefficient
Snohomish Branch,0.9996,Inefficient
Algonquin Branch,0.999599,Inefficient
Fossil Creek Branch,0.999599,Inefficient
Hempstead Branch,0.999599,Inefficient
Knapp and Beltline Banking Center Branch,0.999599,Inefficient
Monroe Applegarth Banking Ctr Branch,0.999599,Inefficient
Port Jefferson Branch,0.999599,Inefficient
Tara Branch,0.999599,Inefficient
Center Street Branch,0.999598,Inefficient
Pleasant Plains-Bedell Branch,0.999598,Inefficient
Bennett Valley Branch,0.999597,Inefficient
Colville Branch,0.999597,Inefficient
Fairmount Branch,0.999597,Inefficient
Gold Canyon Banking Center Branch,0.999597,Inefficient
Kendall Park Plaza Branch,0.999597,Inefficient
Newhall Branch,0.999597,Inefficient
Northbrook Branch,0.999597,Inefficient
Tuxedo Branch,0.999597,Inefficient
Westgate Rochester Branch,0.999597,Inefficient
Los Gatos - Los Gatos Blvd Branch,0.999596,Inefficient
Southland Mall Branch,0.999596,Inefficient
Crosstown Branch,0.999595,Inefficient
East Windsor Banking Center Branch,0.999595,Inefficient
Evans & Stone Oak Banking Ctr Branch,0.999595,Inefficient
Highland Deerwood Branch,0.999595,Inefficient
Corvallis Branch,0.999594,Inefficient
Pontchartrain Branch,0.999594,Inefficient
Port Arthur Branch,0.999594,Inefficient
Telfair Branch,0.999594,Inefficient
Turfway Branch,0.999594,Inefficient
Walker Road Branch,0.999594,Inefficient
West Bend Main Office Branch,0.999594,Inefficient
Yakima Branch,0.999594,Inefficient
Castleton Banking Center Branch,0.999593,Inefficient
Chenoweth Lane Banking Center Branch,0.999593,Inefficient
King City Branch,0.999593,Inefficient
Riverview Branch,0.999593,Inefficient
Thornwood Branch,0.999593,Inefficient
Wynnewood Branch,0.999593,Inefficient
Chicago - North & Larrabee Branch,0.999592,Inefficient
Fm 29 & Barker Cypress Branch,0.999592,Inefficient
South Mountain Branch,0.999592,Inefficient
South Post Oak Branch,0.999592,Inefficient
Spring Valley Branch,0.999592,Inefficient
West Palm Beach - Ibis Branch,0.999592,Inefficient
Congers Branch,0.999591,Inefficient
Kingsgate Branch,0.999591,Inefficient
North Center Road Branch,0.999591,Inefficient
Stow Branch,0.999591,Inefficient
Town Square Branch,0.99959,Inefficient
Keizer Branch,0.999589,Inefficient
Marathon Pkwy Branch,0.999589,Inefficient
San Luis Obispo - Madonna Branch,0.999589,Inefficient
Chicago - Clybourn Square Branch,0.999588,Inefficient
North May and 122nd Branch,0.999588,Inefficient
Picadome Branch,0.999588,Inefficient
Plainview Branch,0.999588,Inefficient
Pompano Citi Centre Branch,0.999588,Inefficient
Preston and Beltline Branch,0.999588,Inefficient
West Melbourne - Palm Branch,0.999588,Inefficient
Alamo Heights Branch,0.999587,Inefficient
Clayton Road Branch,0.999587,Inefficient
Mulberry Milford Branch,0.999587,Inefficient
Vacaville Branch,0.999587,Inefficient
Bridgeport Johnson Avenue Branch,0.999586,Inefficient
Buenaventura Lakes Branch,0.999586,Inefficient
Canfield Branch,0.999586,Inefficient
Fisher's Landing Branch,0.999586,Inefficient
Goshen Main Branch,0.999586,Inefficient
Greenfield Banking Center Branch,0.999586,Inefficient
Holland 8th St Branch,0.999586,Inefficient
North Garland Drive-Up Branch,0.999586,Inefficient
Ortonville Branch,0.999586,Inefficient
Bethany Home and 19th Avenue Branch,0.999585,Inefficient
Cedar Hill Banking Center Branch,0.999585,Inefficient
Lockport Farrell Rd Branch,0.999585,Inefficient
New Rochelle Branch,0.999585,Inefficient
Provo University Ave Branch,0.999585,Inefficient
Suffern Branch,0.999585,Inefficient
Hollywood West Branch,0.999584,Inefficient
Rockwall Banking Center Branch,0.999584,Inefficient
Bay Shore Branch,0.999583,Inefficient
Delaware Branch,0.999583,Inefficient
Elm Road Branch,0.999583,Inefficient
Harper 13 Mile Road Banking Center Branch,0.999583,Inefficient
Hempstead Tpke and Randal Branch,0.999583,Inefficient
Higley and Guadalupe Banking Center Branch,0.999583,Inefficient
Old Town Banking Center Branch,0.999583,Inefficient
Ridge Munster Branch,0.999583,Inefficient
Roanoke Banking Center Branch,0.999583,Inefficient
Bellerose Branch,0.999582,Inefficient
Coshocton Main Branch,0.999582,Inefficient
Hewlett and Peninsula Branch,0.999582,Inefficient
Naperville Rt 59 and 95th Branch,0.999582,Inefficient
Nesconset Branch,0.999582,Inefficient
North Josey and Rosemeade Branch,0.999582,Inefficient
South Loop Banking Center Branch,0.999582,Inefficient
Albany Branch,0.999581,Inefficient
Dickson Hill Branch,0.999581,Inefficient
Emeryville Branch,0.999581,Inefficient
Lake Worth Lake Ave Branch,0.999581,Inefficient
NW Federal Highway Branch,0.999581,Inefficient
St. Marys Avenue Branch,0.999581,Inefficient
Woodlands Parkway Banking Center Branch,0.999581,Inefficient
Beaumont Highland Springs Branch,0.99958,Inefficient
Chino Valley Branch,0.99958,Inefficient
South Western and 119th Branch,0.99958,Inefficient
Bell Road-Cave Creek Branch,0.999579,Inefficient
Chesterland Branch,0.999579,Inefficient
Ravenna Branch,0.999579,Inefficient
South Lake Union Branch,0.999579,Inefficient
Vista Lakes Branch,0.999579,Inefficient
Arcata Branch,0.999578,Inefficient
Benson Center Branch,0.999578,Inefficient
Cornwall Branch,0.999578,Inefficient
Eastern By Pass Branch,0.999578,Inefficient
Hardin and El Dorado Branch,0.999578,Inefficient
Speedway & Lynnhurst Branch,0.999578,Inefficient
Wanamaker Branch,0.999578,Inefficient
Westchester Banking Center Branch,0.999578,Inefficient
Anaheim Plaza Branch,0.999577,Inefficient
Glendale Main Branch,0.999577,Inefficient
Mount Pleasant Branch,0.999577,Inefficient
Northpoint & Route 120 Bkg Ctr Branc,0.999577,Inefficient
Crestwood Banking Center Branch,0.999576,Inefficient
Louisville Colorado Branch,0.999576,Inefficient
Nelbar Branch,0.999576,Inefficient
North Brunswick Banking Center Branch,0.999576,Inefficient
South San Francisco Branch,0.999576,Inefficient
Huron River Drive Branch,0.999575,Inefficient
Maspeth and 48th St Branch,0.999575,Inefficient
Montauk Branch,0.999575,Inefficient
Piney Creek Branch,0.999575,Inefficient
Rosemont Branch,0.999575,Inefficient
Sharyland Branch,0.999575,Inefficient
White Plains/Gateway Plaza Branch,0.999575,Inefficient
82-462 Highway 111 Branch,0.999574,Inefficient
Dania Branch,0.999574,Inefficient
East 39th South Branch,0.999574,Inefficient
Highland Drive-Up Branch,0.999574,Inefficient
Mohave Valley Branch,0.999574,Inefficient
Shrub Oak Branch,0.999574,Inefficient
West Hempstead Branch,0.999574,Inefficient
Marysville Branch,0.999573,Inefficient
Sparkill Branch,0.999573,Inefficient
Van Born Road Branch,0.999573,Inefficient
Madrona Branch,0.999572,Inefficient
Manito Branch,0.999572,Inefficient
Memorial and 91st Branch,0.999572,Inefficient
Oak Forest Team Branch,0.999572,Inefficient
Riverstone Branch,0.999572,Inefficient
Route 4 Elmwood Park Branch,0.999572,Inefficient
Chester and East Main Street Branch,0.999571,Inefficient
Dyker Heights Branch,0.999571,Inefficient
Highland Park Branch,0.999571,Inefficient
League City Branch,0.999571,Inefficient
Spring Lake Branch,0.999571,Inefficient
Fishkill Branch,0.99957,Inefficient
Hilltop Branch,0.99957,Inefficient
Lakeport Branch,0.99957,Inefficient
Okeechobee Branch,0.99957,Inefficient
Springboro Branch,0.99957,Inefficient
135th Street & Fifth Avenue Branch,0.999569,Inefficient
Katy Fort Bend Banking Center Branch,0.999569,Inefficient
Orange Plaza Branch,0.999569,Inefficient
Stacy and US 75 Branch,0.999569,Inefficient
Westbury Post and Maple Branch,0.999569,Inefficient
Wheeling Main Branch,0.999569,Inefficient
Willow Bend Banking Center Branch,0.999569,Inefficient
California Avenue Branch,0.999568,Inefficient
Cranford Banking Center Branch,0.999568,Inefficient
Lacey Branch,0.999568,Inefficient
Triangle Center Branch,0.999568,Inefficient
West Van Buren Branch,0.999568,Inefficient
Yuba City Branch,0.999568,Inefficient
Bangerter Crossing Branch,0.999567,Inefficient
Beaver Branch,0.999567,Inefficient
Copperfield Branch,0.999567,Inefficient
Gilbert and Riggs Banking Center Branch,0.999567,Inefficient
Gratiot Branch,0.999567,Inefficient
Washingtonville Branch,0.999567,Inefficient
Happy Valley & I 17 Bnkg Ctr Branch,0.999566,Inefficient
Nostrand Ave and Ave Y Branch,0.999566,Inefficient
Pinhook Road Branch,0.999566,Inefficient
Richfield-Bath Branch,0.999566,Inefficient
Sepulveda and Sherman Way Branch,0.999566,Inefficient
Warwick Branch,0.999566,Inefficient
Dover Branch,0.999565,Inefficient
Grapevine Branch,0.999565,Inefficient
Kennedy and Westshore Banking Center Branch,0.999565,Inefficient
Sunset and Green Valley Branch,0.999565,Inefficient
Cottonwood Branch,0.999564,Inefficient
Fresh Pond Rd Branch,0.999564,Inefficient
Grand Prairie Branch,0.999564,Inefficient
High Desert Gateway Branch,0.999564,Inefficient
Kings Hwy & Convey Island Avenue Banking Center,0.999564,Inefficient
Sequim Branch,0.999564,Inefficient
Washington Square Fort Wayne Branch,0.999564,Inefficient
Northeast 112th and Halsey Branch,0.999563,Inefficient
Barker Cypress and 290 Branch,0.999562,Inefficient
Lantana Downtown Branch,0.999562,Inefficient
Market Center Branch,0.999562,Inefficient
Marrero Banking Center Branch,0.999562,Inefficient
Pearland Parkway Branch,0.999562,Inefficient
Pleasant Prairie Branch,0.999562,Inefficient
Richland Hills Branch,0.999562,Inefficient
Second Ave and 28th St,0.999562,Inefficient
Stirling Branch,0.999562,Inefficient
Sullivan Road Branch,0.999562,Inefficient
Union Stuyvesant Branch,0.999562,Inefficient
Bedford I Street Branch,0.999561,Inefficient
Essex Street Branch,0.999561,Inefficient
Sherwood Branch,0.999561,Inefficient
East Towne Branch,0.99956,Inefficient
Franklin Morton Branch,0.99956,Inefficient
Highlands Ranch Pkwy and Lucent Branch,0.99956,Inefficient
Lake Havasu North Branch,0.99956,Inefficient
Northchester Branch,0.99956,Inefficient
San Pedro Branch,0.99956,Inefficient
Trumbull Quality Street Branch,0.99956,Inefficient
Wintersville Branch,0.99956,Inefficient
Cedar Hills and Lone Peak Branch,0.999559,Inefficient
Centennial Banking Center Branch,0.999559,Inefficient
Coleman Ave Branch,0.999559,Inefficient
Kraemer Branch,0.999559,Inefficient
Tigard Branch,0.999559,Inefficient
Weatherford Branch,0.999559,Inefficient
Bailey Road Branch,0.999558,Inefficient
Breton-Burton Branch,0.999558,Inefficient
Cerritos Lincoln Station Branch,0.999558,Inefficient
San Diego Little Italy Branch,0.999558,Inefficient
Sunrise Marketplace Branch,0.999558,Inefficient
West Manchester Avenue Branch,0.999558,Inefficient
Windmill Branch,0.999558,Inefficient
Barstow Branch,0.999557,Inefficient
Columbus Square Branch,0.999557,Inefficient
Cypress Hills Branch,0.999557,Inefficient
East Garden City Branch,0.999557,Inefficient
Kaliste Saloom Road Branch,0.999557,Inefficient
Medical Center Fredericksburg Branch,0.999557,Inefficient
Ogden Avenue and Home Banking Center Branch,0.999557,Inefficient
Roosevelt and 82nd St Branch,0.999557,Inefficient
Simonton Lake Branch,0.999557,Inefficient
California Club Branch,0.999556,Inefficient
Heritage Valley Branch,0.999556,Inefficient
Lincoln and Summerdale Branch,0.999556,Inefficient
Amboy Montreal Branch,0.999555,Inefficient
Bay Colony Banking Center Branch,0.999555,Inefficient
Forest Hill Branch,0.999555,Inefficient
Trails Center Branch,0.999555,Inefficient
Century Square Branch,0.999554,Inefficient
Flagstaff Downtown Branch,0.999554,Inefficient
Stonegate Banking Center Branch,0.999554,Inefficient
Vernon Hills Banking Center Branch,0.999554,Inefficient
Wappinger Branch,0.999554,Inefficient
West Babylon Branch,0.999554,Inefficient
Airline Bossier Branch,0.999553,Inefficient
Battle Ground Branch,0.999553,Inefficient
New Caney Branch,0.999553,Inefficient
Old Country Road Branch,0.999553,Inefficient
Tulare Branch,0.999553,Inefficient
Main and Douglas Banking Ctr. Branch,0.999552,Inefficient
Milwaukee Ashland Banking Center Branch,0.999552,Inefficient
Pleasant Grove Branch,0.999552,Inefficient
South Blvd and Crooks Branch,0.999552,Inefficient
South Commercial Branch,0.999552,Inefficient
31st and Park Avenue Branch,0.999551,Inefficient
Ada Branch,0.99955,Inefficient
Camelback & Dysart Banking Center Branch,0.99955,Inefficient
Claremont Branch,0.99955,Inefficient
Ft. Worth East Branch,0.99955,Inefficient
Homewood Banking Center Branch,0.99955,Inefficient
Indian School and 33rd Avenue Branch,0.99955,Inefficient
Lincoln Branch,0.99955,Inefficient
Placerville Branch,0.99955,Inefficient
Ruston Main Branch,0.99955,Inefficient
Fond Du Lac Main Office Branch,0.999549,Inefficient
Lake City Branch,0.999549,Inefficient
Poland Branch,0.999549,Inefficient
South Kempwood Dr Branch,0.999549,Inefficient
Antioch Branch,0.999548,Inefficient
Bothell Branch,0.999548,Inefficient
Cherry Grove Branch,0.999547,Inefficient
Hackettstown Branch,0.999547,Inefficient
Hubbard Woods Banking Center Branch,0.999547,Inefficient
I 25 and 136th Branch,0.999547,Inefficient
Ogden Branch,0.999547,Inefficient
Rancho Santa Fe Branch,0.999547,Inefficient
The Colony Branch,0.999547,Inefficient
East Boston Post Road Branch,0.999546,Inefficient
Elmwood Park Branch,0.999546,Inefficient
Fm 2222 & Jester Banking Ctr Branch,0.999546,Inefficient
Levittown Banking Center Branch,0.999546,Inefficient
Beltway and Wallisville Branch,0.999545,Inefficient
Cook St Branch,0.999545,Inefficient
Downers Grove Branch,0.999545,Inefficient
Los Osos Branch,0.999545,Inefficient
Lowell Branch,0.999545,Inefficient
New Bedford Branch,0.999545,Inefficient
South Plainfield Banking Ctr Branch,0.999545,Inefficient
Chamizal Branch,0.999544,Inefficient
Lone Tree Branch,0.999544,Inefficient
Marsh and Spring Valley Branch,0.999544,Inefficient
Post & Paddock Branch,0.999544,Inefficient
Shorewood Route 59 Banking Center Branch,0.999544,Inefficient
Cortaro-Arizona Pavilions Banking Center Branch,0.999543,Inefficient
Garnerville Branch,0.999543,Inefficient
Gilbert - Dana Park Village Branch,0.999543,Inefficient
Logan Main Branch,0.999543,Inefficient
Center St and Pasadena Branch,0.999542,Inefficient
Uptown Detroit Branch,0.999542,Inefficient
College Pkwy and Summerlin Branch,0.999541,Inefficient
Hastings Ranch Branch,0.999541,Inefficient
Spring Lake Branch,0.999541,Inefficient
Elmsford Main St Branch,0.99954,Inefficient
Lodi Branch,0.99954,Inefficient
Milford Road & I-96 Banking Center Branch,0.99954,Inefficient
Andersonville Banking Center Branch,0.999539,Inefficient
Canandaigua Branch,0.999539,Inefficient
Charlotte Branch,0.999539,Inefficient
Green Valley Branch,0.999539,Inefficient
Route 59 Branch,0.999539,Inefficient
Spotswood Englishtown Rd Branch,0.999539,Inefficient
Mount Pleasant Branch,0.999538,Inefficient
Vermont Ave Branch,0.999538,Inefficient
West Washington Street Branch,0.999538,Inefficient
27th and Loomis Branch,0.999537,Inefficient
First State Branch,0.999537,Inefficient
Fountain View Branch,0.999537,Inefficient
Olio & 116th Banking Center Branch,0.999537,Inefficient
Plainfield Illinois Branch,0.999537,Inefficient
West Palm Beach Downtown Branch,0.999537,Inefficient
Woodbridge Shopping Center Branch,0.999537,Inefficient
Brightwaters Branch,0.999536,Inefficient
Deerfield Square Branch,0.999536,Inefficient
Fondren Banking Branch,0.999536,Inefficient
Riggs & Dobson Banking Center Branch,0.999536,Inefficient
Saugus Branch,0.999536,Inefficient
Selden Branch,0.999536,Inefficient
Wynkoop and 16th Branch,0.999536,Inefficient
Cooper City Commons Branch,0.999535,Inefficient
Elizabethtown Main Branch,0.999535,Inefficient
Scott Branch,0.999535,Inefficient
Simi Valley East Branch,0.999535,Inefficient
Hamilton Crossing Banking Ctr. Branch,0.999534,Inefficient
Jeffersonville Main Branch,0.999534,Inefficient
New Albany Banking Center Branch,0.999534,Inefficient
Renton Highlands Finan Ctr Branc,0.999534,Inefficient
Van Dyke and 26 Mile Branch,0.999534,Inefficient
Bluebonnet Branch,0.999533,Inefficient
Cicero Banking Center Branch,0.999533,Inefficient
East Stewart Ave Branch,0.999533,Inefficient
Esplanade Branch,0.999533,Inefficient
Jenison Branch,0.999533,Inefficient
Mt. Lookout Branch,0.999533,Inefficient
West Aurora Banking Center Branch,0.999533,Inefficient
Boonton Branch,0.999532,Inefficient
Circleville Branch,0.999532,Inefficient
Hamilton Square Banking Ctr Branch,0.999532,Inefficient
Marshall Branch,0.999532,Inefficient
South Flushing Branch,0.999532,Inefficient
Vernor-Springwells Branch,0.999532,Inefficient
Dyer Branch,0.999531,Inefficient
Hillside Branch,0.999531,Inefficient
Mandeville Branch,0.999531,Inefficient
Paramus Branch,0.999531,Inefficient
Tamiami Branch,0.999531,Inefficient
Grove City Branch,0.99953,Inefficient
Barbur Blvd Branch,0.999529,Inefficient
Beavercreek Branch,0.999529,Inefficient
Broadway and 15th Branch,0.999529,Inefficient
Centennial Crossroads Branch,0.999529,Inefficient
Pebble Marketplace Branch,0.999529,Inefficient
Plymouth-Deering Branch,0.999529,Inefficient
Tigard Town Square Branch,0.999529,Inefficient
Valley View Branch,0.999529,Inefficient
College Heights Branch,0.999528,Inefficient
Maspeth Branch,0.999528,Inefficient
Memorial City Branch,0.999528,Inefficient
Willowcreek Branch,0.999528,Inefficient
Cheshire Bridge Branch,0.999527,Inefficient
Craig Marketplace Branch,0.999527,Inefficient
Fashion Fair Branch,0.999527,Inefficient
North Court Branch,0.999527,Inefficient
Riverside - Orangecrest Branch,0.999527,Inefficient
Shenandoah Branch,0.999527,Inefficient
Vineland Branch,0.999527,Inefficient
Cherryland Branch,0.999526,Inefficient
Willowbrook Branch,0.999526,Inefficient
Blanco and 1604 Banking Center Branch,0.999525,Inefficient
Country Club Gate Center Branch,0.999525,Inefficient
Cy - Fair Town Center Branch,0.999525,Inefficient
East Murray Branch,0.999525,Inefficient
Flower Estates Banking Center Branch,0.999525,Inefficient
Hikes Point Banking Center Branch,0.999525,Inefficient
Lancaster-Downtown Branch,0.999525,Inefficient
Mill and Garden Branch,0.999525,Inefficient
Northland Mopac Branch,0.999525,Inefficient
Wilshire Hauser Branch,0.999525,Inefficient
Ashland Branch,0.999524,Inefficient
Indian Harbour Beach Branch,0.999524,Inefficient
Kenosha North Branch,0.999524,Inefficient
Kettering Branch,0.999524,Inefficient
Carpenter Ellsworth Banking Ctr. Branch,0.999523,Inefficient
Clintonville Banking Center Branch,0.999523,Inefficient
Eastgate Wyler Park Branch,0.999523,Inefficient
Fair Oaks Branch,0.999523,Inefficient
University Austin Branch,0.999523,Inefficient
Allen East Banking Center Branch,0.999522,Inefficient
Altamonte Springs Branch,0.999522,Inefficient
Puyallup Branch,0.999522,Inefficient
Inglewood Branch,0.999521,Inefficient
Presidential Circle Branch,0.999521,Inefficient
Sylmar Branch,0.999521,Inefficient
Brunswick Branch,0.99952,Inefficient
Clermont Branch,0.99952,Inefficient
East Grand Rapids Banking Ctr. Branch,0.99952,Inefficient
Hunter Station Branch,0.99952,Inefficient
Shadow Creek Ranch Branch,0.99952,Inefficient
Thornapple Branch,0.99952,Inefficient
1400 NW 17th Avenue Branch,0.999519,Inefficient
Florida Mall Branch,0.999519,Inefficient
Locust Valley Banking Center Branch,0.999519,Inefficient
Longmont Branch,0.999519,Inefficient
Okemos Branch,0.999519,Inefficient
Yale and 41st Branch,0.999519,Inefficient
Chicago - State & Division Branch,0.999518,Inefficient
Chicago Avenue Banking Center Branch,0.999518,Inefficient
Greece Long Pond Branch,0.999518,Inefficient
Oakhurst Branch,0.999518,Inefficient
Southern Branch,0.999518,Inefficient
Grayslake Banking Center Branch,0.999517,Inefficient
Greeley Downtown Branch,0.999517,Inefficient
Monterrey Branch,0.999517,Inefficient
Coffee Road Branch,0.999516,Inefficient
Fontana Branch,0.999516,Inefficient
Mentor Shore Branch,0.999516,Inefficient
Miami-Tamiami Marketplace Branch,0.999516,Inefficient
Sr 37 and 141st Branch,0.999516,Inefficient
A Street and Main Branch,0.999515,Inefficient
N University Drive Branch,0.999515,Inefficient
Preston and Warren Branch,0.999515,Inefficient
Los Banos Branch,0.999514,Inefficient
Mendocino Avenue Branch,0.999514,Inefficient
Sixth Street Branch,0.999514,Inefficient
Kamms Plaza Branch,0.999513,Inefficient
North Main Street Branch,0.999513,Inefficient
Fontana - Sierra Lakes,0.999512,Inefficient
Gratiot and 23 Mile Branch,0.999512,Inefficient
Oakdale Banking Center Branch,0.999512,Inefficient
Randall and Binnie Branch,0.999512,Inefficient
College Bridge Branch,0.999511,Inefficient
Crossroads Branch,0.999511,Inefficient
Dover Main Branch,0.999511,Inefficient
Farmingdale Banking Center Branch,0.999511,Inefficient
Harper-Metropolitan Parkway Branch,0.999511,Inefficient
Lincoln Square Banking Center Branch,0.999511,Inefficient
Second Ave E and 53rd St Branch,0.999511,Inefficient
Fairfield Commons Branch,0.99951,Inefficient
Lynnwood Financial Center Branch,0.99951,Inefficient
Poughkeepsie Plaza Mall Branch,0.99951,Inefficient
Saddle Rock Branch,0.99951,Inefficient
Dimond Branch,0.999509,Inefficient
Hurstbourne Branch,0.999509,Inefficient
Flushing Avenue Branch,0.999508,Inefficient
Hillsdale Branch,0.999508,Inefficient
Janesville Main Office Branch,0.999508,Inefficient
Medina Branch,0.999508,Inefficient
Utica Avenue Branch,0.999508,Inefficient
Belmont and Central Banking Center Branch,0.999507,Inefficient
Bristol Branch,0.999507,Inefficient
Southbay Pavilion Branch,0.999507,Inefficient
Brookhaven Branch,0.999506,Inefficient
East Chapman Branch,0.999506,Inefficient
Irving and Kedzie Branch,0.999506,Inefficient
Lake Worth Road Branch,0.999506,Inefficient
Tanglewood Branch,0.999506,Inefficient
Rosencrans Branch,0.999505,Inefficient
Tropicana Marketplace Branch,0.999505,Inefficient
Utica Square Branch,0.999505,Inefficient
Visalia Branch,0.999505,Inefficient
Concord Downtown Branch,0.999504,Inefficient
Great Lakes Mall Branch,0.999504,Inefficient
I 35 and Sam Bass Branch,0.999504,Inefficient
Camelback and 59th Avenue Branch,0.999503,Inefficient
Sandy South Towne Branch,0.999503,Inefficient
Austin Bluffs Branch,0.999502,Inefficient
East Flagstaff Branch,0.999502,Inefficient
Noroton Heights Banking Ctr Branch,0.999502,Inefficient
Walnut Street Branch,0.999502,Inefficient
Abilene Branch,0.999501,Inefficient
Briarcliff Manor Branch,0.999501,Inefficient
Foothill Branch,0.999501,Inefficient
International District Uwajimaya Brh,0.999501,Inefficient
Moses Lake Branch,0.999501,Inefficient
North Broadway Branch,0.999501,Inefficient
North Miami 125 St Branch,0.999501,Inefficient
Ridgeland & 12th Banking Ctr Branch,0.999501,Inefficient
Thomas and 59th Avenue Branch,0.999501,Inefficient
Ventura Blvd and Calvin Branch,0.999501,Inefficient
Yuma West Branch,0.999501,Inefficient
Deal Branch,0.9995,Inefficient
Grand Meekman Banking Center Branch,0.9995,Inefficient
Gulf Freeway Branch,0.9995,Inefficient
Keystone and 96th Branch,0.9995,Inefficient
Main & Raymond Banking Center Branch,0.9995,Inefficient
Merrillville Branch,0.9995,Inefficient
Bell Road & Cotton Lane Banking Center Branch,0.999499,Inefficient
Biddle Eureka Branch,0.999499,Inefficient
Flamingo and I 215 Branch,0.999499,Inefficient
Hialeah Branch,0.999499,Inefficient
Los Angeles - Gage Center Branch,0.999499,Inefficient
Rockwell and 122nd Branch,0.999499,Inefficient
Schererville Branch,0.999499,Inefficient
Youree South Banking Center Branch,0.999499,Inefficient
Colts Neck Banking Center Branch,0.999498,Inefficient
Cumberland and 116th Branch,0.999498,Inefficient
Lansdowne Branch,0.999498,Inefficient
Park Slope West Bnkg Center Branch,0.999498,Inefficient
Plaza D Street Branch,0.999498,Inefficient
Rockaway Branch,0.999498,Inefficient
Westlake Loveland Branch,0.999498,Inefficient
Avon Branch,0.999497,Inefficient
Forest Hills Branch,0.999497,Inefficient
Oxford High Street Branch,0.999497,Inefficient
So Brooklyn - Smith Street Branch,0.999497,Inefficient
Carroll Gardens Branch,0.999496,Inefficient
Frandor Branch,0.999496,Inefficient
Renner and North Star Branch,0.999496,Inefficient
Rocky River Banking Center Branch,0.999496,Inefficient
Warner & Lindsay Banking Center Branch,0.999496,Inefficient
Franklin Square Banking Center Branch,0.999495,Inefficient
Magnolia Ave and Tyler Branch,0.999495,Inefficient
West Linn Branch,0.999495,Inefficient
Midtown Banking Center Branch,0.999494,Inefficient
Rayford Road & Imperial Oaks Banking Center Branch,0.999494,Inefficient
East Alisal Branch,0.999493,Inefficient
Ft Greene Branch,0.999493,Inefficient
Hercules Branch,0.999493,Inefficient
Seventh North Branch,0.999493,Inefficient
Woodlands North Banking Center Branch,0.999493,Inefficient
Chestnut Ridge Branch,0.999492,Inefficient
Folsom Branch,0.999492,Inefficient
Northwood Branch,0.999492,Inefficient
Sheridan and 80th Branch,0.999492,Inefficient
South Jordan Branch,0.999492,Inefficient
Coddingtown Branch,0.999491,Inefficient
E 14th Oakland Branch,0.999491,Inefficient
Gresham Branch,0.999491,Inefficient
Harrison-Golf Links Branch,0.999491,Inefficient
Kent Main Branch,0.999491,Inefficient
North Gables Banking Center Branch,0.99949,Inefficient
Boca Park Branch,0.999489,Inefficient
Broadway and 144th St Branch,0.999489,Inefficient
Brownsburg Branch,0.999489,Inefficient
Richmond Hill North Bkg. Ctr. Branch,0.999489,Inefficient
San Lorenzo Branch,0.999489,Inefficient
South Soto Street Branch,0.999489,Inefficient
Tanasbourne Branch,0.999489,Inefficient
Westwood Branch,0.999489,Inefficient
Zandale Branch,0.999489,Inefficient
Rockville Road Banking Center Branch,0.999488,Inefficient
Carmichael Branch,0.999487,Inefficient
Dequindre 18 Mile Rd Branch,0.999487,Inefficient
Eastway Branch,0.999487,Inefficient
Lincoln Byron Banking Center Branch,0.999487,Inefficient
Norwood Broadway Branch,0.999487,Inefficient
Pilot Butte Branch,0.999487,Inefficient
Romeoville/Phelps Branch,0.999487,Inefficient
Delafield Branch,0.999486,Inefficient
Fort Lauderdale Harbor Shops Branch,0.999486,Inefficient
Elk Grove Town Center Branch,0.999485,Inefficient
Klein Branch,0.999485,Inefficient
Lakewood Plaza Branch,0.999485,Inefficient
Manteca Branch,0.999485,Inefficient
Woodland Park Branch,0.999485,Inefficient
Bayonne 30th St Branch,0.999484,Inefficient
Bishop Branch,0.999484,Inefficient
Fishers Banking Center Branch,0.999484,Inefficient
Findlay Main Branch,0.999483,Inefficient
Kedzie Branch,0.999483,Inefficient
Miami - Flagler Branch,0.999483,Inefficient
Sun City-Peoria Branch,0.999483,Inefficient
Barboursville Branch,0.999482,Inefficient
Chandler and Desert Foothills Banking Center Branch,0.999482,Inefficient
Forest Hills Cascade Branch,0.999482,Inefficient
Harahan Branch,0.999482,Inefficient
Macarthur and Sandy Lake Branch,0.999482,Inefficient
Monticello Branch,0.999482,Inefficient
Pullman Branch,0.999482,Inefficient
Waukesha Branch,0.999482,Inefficient
Arapahoe and Yosemite Branch,0.999481,Inefficient
Armitage and Cicero Banking Center Branch,0.999481,Inefficient
Cross Timbers and Morriss Branch,0.999481,Inefficient
Edgebrook Branch,0.999481,Inefficient
Grass Valley Church Branch,0.999481,Inefficient
Martin Luther King Branch,0.999481,Inefficient
Vancouver Branch,0.999481,Inefficient
West Highland Ave Branch,0.999481,Inefficient
Willow Station Branch,0.999481,Inefficient
Firehouse Square Branch,0.99948,Inefficient
Melbourne Square Branch,0.99948,Inefficient
St. Charles & West Ave Bnkg Ctr Brh,0.99948,Inefficient
Boston Post Road & Racebrook Banking Center,0.999479,Inefficient
Colonial Plaza Branch,0.999479,Inefficient
Providence Branch,0.999479,Inefficient
Riverpark Branch,0.999479,Inefficient
Bruce B Downs and 56,0.999478,Inefficient
Bryn Mawr Banking Center Branch,0.999478,Inefficient
Highland Drive Branch,0.999478,Inefficient
Weber & Airport Banking Ctr Branch,0.999478,Inefficient
Allerton Avenue Branch,0.999477,Inefficient
Allisonville Road and 62nd Branch,0.999477,Inefficient
Big Beaver and John R Bkg. Ctr. Branch,0.999477,Inefficient
Dougherty and Bollinger Branch,0.999477,Inefficient
Loyola Branch,0.999477,Inefficient
Miami Shores Branch,0.999477,Inefficient
Ojai Branch,0.999477,Inefficient
Pearland Branch,0.999477,Inefficient
Queens Village Banking Center Branch,0.999477,Inefficient
Rockford Branch,0.999477,Inefficient
Temple Banking Center Branch,0.999477,Inefficient
Ventura Road and Doris Branch,0.999477,Inefficient
Campbell - Pruneyard Branch,0.999476,Inefficient
Howland Branch,0.999476,Inefficient
Rocky Point Branch,0.999476,Inefficient
San Diego - Sorrento Valley Branch,0.999476,Inefficient
West Flushing Branch,0.999476,Inefficient
Yucca Valley Branch,0.999476,Inefficient
Main and Teel Branch,0.999475,Inefficient
Mission Paseo Branch,0.999475,Inefficient
Sarasota Downtown Branch,0.999475,Inefficient
Bethel Sawmill Banking Ctr. Branch,0.999474,Inefficient
Cedar Lane Branch,0.999474,Inefficient
Franklin Township Branch,0.999474,Inefficient
Swartz Creek Branch,0.999474,Inefficient
Weston Commons Branch,0.999474,Inefficient
Fairfield Branch,0.999473,Inefficient
M-59 Branch,0.999473,Inefficient
South Shores Center Branch,0.999473,Inefficient
Trinity Branch,0.999473,Inefficient
Carmel Valley Branch,0.999472,Inefficient
Mcclean Branch,0.999472,Inefficient
Shadeland and 75th Branch,0.999472,Inefficient
Ardsley Ashford Branch,0.999471,Inefficient
Deerbrook Branch,0.999471,Inefficient
South Canal Banking Center Branch,0.999471,Inefficient
Barberton Branch,0.99947,Inefficient
Dearborn and Ohio Branch,0.99947,Inefficient
Kingston Plaza Branch,0.99947,Inefficient
North Richland Hills Brnch Branch,0.99947,Inefficient
Rancho Vistoso Branch,0.99947,Inefficient
Chicago Board Of Trade Banking Center Branch,0.999469,Inefficient
Clovis Branch,0.999469,Inefficient
Grand Prairie Banking Branch,0.999469,Inefficient
Westhampton Beach Branch,0.999469,Inefficient
Beaverton Branch,0.999468,Inefficient
Chatham Banking Center Branch,0.999468,Inefficient
Bolingbrook/Weber Banking Center Branch,0.999467,Inefficient
Litchfield and Waddell Banking Center Branch,0.999467,Inefficient
New Vernon Branch,0.999467,Inefficient
South Gessner and 59s Branch,0.999467,Inefficient
Walnut Station Branch,0.999467,Inefficient
Taylor and May Banking Center Branch,0.999466,Inefficient
Bellingham Branch,0.999465,Inefficient
Miami - Kendall Square Branch,0.999465,Inefficient
Slaughter and Mopac Bkg. Ctr. Branch,0.999465,Inefficient
Central Park Avenue Branch,0.999464,Inefficient
Groesbeck-13 Mile Branch,0.999464,Inefficient
Oakland 20th St Branch,0.999464,Inefficient
Walnut Hill and Monroe Branch,0.999464,Inefficient
Pluckemin Banking Center Branch,0.999463,Inefficient
Westheimer and Eldridge Branch,0.999463,Inefficient
Ajo Way and 16th Ave Branch,0.999462,Inefficient
Holbrook Branch,0.999462,Inefficient
Hollywood - Young Circle Branch,0.999462,Inefficient
LA Verne Branch,0.999462,Inefficient
Ladera Ranch Branch,0.999462,Inefficient
Monroe Ct Branch,0.999462,Inefficient
Montgomery Branch,0.999462,Inefficient
Stewart Manor Branch,0.999462,Inefficient
Oak Lawn 95th Street Banking Center Branch,0.999461,Inefficient
Sagamore Branch,0.999461,Inefficient
Marietta Branch,0.99946,Inefficient
Almaden Valley Banking Center Branch,0.999459,Inefficient
Morse Road Branch,0.999459,Inefficient
Northside Branch,0.999459,Inefficient
Southport Emerson Branch,0.999459,Inefficient
Gonzales Banking Center Branch,0.999458,Inefficient
Market Place At Brick Branch,0.999458,Inefficient
New City Branch,0.999458,Inefficient
Beglis Parkway Branch,0.999457,Inefficient
First St Branch,0.999456,Inefficient
Hilliard Branch,0.999456,Inefficient
South Broadway Yonkers Branch,0.999456,Inefficient
Forest Hills Branch,0.999455,Inefficient
Lake Forest Park Branch,0.999455,Inefficient
Market and 15th Banking Center Branch,0.999455,Inefficient
Pasadena East Branch,0.999455,Inefficient
Pewaukee Branch,0.999455,Inefficient
76th & Morgan Branch,0.999454,Inefficient
Eagle Financial Center Branch,0.999454,Inefficient
Eola & Indian Trail Bnkg Ctr Branch,0.999454,Inefficient
Fairfield Passaic Branch,0.999454,Inefficient
Morro Bay Branch,0.999454,Inefficient
University and Evans Branch,0.999454,Inefficient
East Highland Branch,0.999453,Inefficient
Guadalupe and Mcclintock Branch,0.999453,Inefficient
Ormond Branch,0.999453,Inefficient
Queens Blvd and 63rd Ave Branch,0.999453,Inefficient
Sammamish Highlands Branch,0.999453,Inefficient
San Francisco - Embarcadero Branch,0.999453,Inefficient
Short North Branch,0.999453,Inefficient
Tampa Palms Branch,0.999453,Inefficient
Vista Ridge Branch,0.999453,Inefficient
New Rochelle Main St Branch,0.999452,Inefficient
Nichols Hills Branch,0.999452,Inefficient
Vrain and 120th Branch,0.999452,Inefficient
Aurora Branch,0.999451,Inefficient
Grand Blanc South Bkg. Ctr. Branch,0.999451,Inefficient
Keystone At The Crossing Branch,0.999451,Inefficient
Portage Branch,0.999451,Inefficient
South Sherwood Forest Branch,0.999451,Inefficient
Bird Road Branch,0.99945,Inefficient
Carpinteria Branch,0.99945,Inefficient
Edgewater Branch,0.99945,Inefficient
Garland Branch,0.99945,Inefficient
San Luis Branch,0.99945,Inefficient
Wadsworth Branch,0.99945,Inefficient
Crown Point Branch,0.999449,Inefficient
Madison Ave Branch,0.999449,Inefficient
Post Commons Branch,0.999449,Inefficient
Second Avenue & 93rd St Bnkg Branch,0.999449,Inefficient
Stony Point Branch,0.999449,Inefficient
Union City Branch,0.999449,Inefficient
Van Dyke 23 Mile Road Branch,0.999449,Inefficient
Hebron Parkway and Josey Branch,0.999448,Inefficient
Kenwood Branch,0.999448,Inefficient
Matlock & Arbrook Banking Branch,0.999448,Inefficient
Milestone Center Branch,0.999448,Inefficient
Piscataway Branch,0.999448,Inefficient
Wayne Branch,0.999448,Inefficient
Georgetown Banking Center Branch,0.999447,Inefficient
Granbury Branch,0.999447,Inefficient
Mission Bend Branch,0.999447,Inefficient
Moorpark Town Center Branch,0.999447,Inefficient
Admiral Junction Branch,0.999446,Inefficient
Central Arlington Branch,0.999446,Inefficient
Huntington Branch,0.999446,Inefficient
City Island Branch,0.999445,Inefficient
Groesbeck-Metropolitan Branch,0.999445,Inefficient
Riverdale Branch,0.999445,Inefficient
Rocklin Branch,0.999445,Inefficient
West Freehold Branch,0.999445,Inefficient
Buckeye Branch,0.999444,Inefficient
Crater Branch,0.999444,Inefficient
Nepperhan Avenue Branch,0.999444,Inefficient
Perkins Road Branch,0.999444,Inefficient
Queens Plaza Banking Center Branch,0.999444,Inefficient
Shoregate Branch,0.999444,Inefficient
Roscoe Branch,0.999443,Inefficient
South Centerville Branch,0.999443,Inefficient
Highway 6 and Longenbaugh Branch,0.999442,Inefficient
Stevenson Ranch Branch,0.999442,Inefficient
Godwin Avenue Branch,0.999441,Inefficient
Brentwood Branch,0.99944,Inefficient
Bellport Branch,0.999439,Inefficient
Fort Bragg Branch,0.999439,Inefficient
Fremont - Pacific Commons Branch,0.999439,Inefficient
Tatum & Dynamite Banking Center Branch,0.999439,Inefficient
Denison Branch,0.999438,Inefficient
Everman Branch,0.999438,Inefficient
Kingsbridge Road Branch,0.999438,Inefficient
Lakewood Slidell Branch,0.999438,Inefficient
South Arlington Branch,0.999438,Inefficient
Strongsville Branch,0.999438,Inefficient
University Village Branch,0.999438,Inefficient
Cherry Lane Northbrook Branch,0.999437,Inefficient
Fifth Avenue Branch,0.999437,Inefficient
Lake Worth Main Branch,0.999437,Inefficient
Gun Hill Branch,0.999436,Inefficient
National City Branch,0.999436,Inefficient
Union Hills and 59th Avenue Branch,0.999436,Inefficient
El Sereno Branch,0.999435,Inefficient
Haledon Branch,0.999435,Inefficient
Penfield Branch,0.999435,Inefficient
Shrewsbury Branch,0.999435,Inefficient
Solana Beach Branch,0.999435,Inefficient
Spring Hill - Mariner Branch,0.999434,Inefficient
State and Archer Banking Center Branch,0.999433,Inefficient
Streamwood Route 59 Banking Center Branch,0.999433,Inefficient
Bee Cave & Highway 71 Bkg. Ctr. Branch,0.999432,Inefficient
Chico East Branch,0.999432,Inefficient
Chino - Towne Center Branch,0.999432,Inefficient
Greenfield Hill Branch,0.999431,Inefficient
Middle Belt-Eleven Mile Road Branch,0.999431,Inefficient
Prestonwood Branch,0.999431,Inefficient
Capitol Branch,0.99943,Inefficient
Horizon Marketplace Branch,0.99943,Inefficient
Miller Barnes Branch,0.99943,Inefficient
Slauson Branch,0.99943,Inefficient
Second Ave and 106th St Branch,0.999429,Inefficient
Village At Coventry Branch,0.999429,Inefficient
Farmingville Branch,0.999428,Inefficient
Oakland Ramapo Valley Rd Branch,0.999427,Inefficient
Peoria and 67th Avenue Branch,0.999427,Inefficient
West Alameda Ave Branch,0.999427,Inefficient
Bethpage Branch,0.999426,Inefficient
Casa View Branch,0.999426,Inefficient
Elkhorn Main Office Branch,0.999426,Inefficient
Seattle-Belltown Financial Center Branch,0.999426,Inefficient
West Monroe and Franklin Branch,0.999426,Inefficient
Army Trail and Bloomingdale Branch,0.999425,Inefficient
Grand and Harlem Branch,0.999424,Inefficient
Highway 6 and West Airport Banking Center Branch,0.999424,Inefficient
Richmond Road Branch,0.999424,Inefficient
Sagemont Branch,0.999424,Inefficient
Bergen Park Banking Center Branch,0.999423,Inefficient
Congress Branch,0.999423,Inefficient
East Broad Branch,0.999423,Inefficient
Lancaster Blvd Branch,0.999423,Inefficient
Orenco Station Financial Ctr Branch,0.999423,Inefficient
Renton Branch,0.999423,Inefficient
West Oaks Branch,0.999423,Inefficient
Ashland Road Branch,0.999422,Inefficient
Harvey Branch,0.999422,Inefficient
Lake Worth - US Hwy 441 Branch,0.999422,Inefficient
State Avenue Branch,0.999422,Inefficient
Boca Chica Branch,0.999421,Inefficient
Naperville Downtown Branch,0.999421,Inefficient
Pompano Beach Branch,0.999421,Inefficient
Salmon Creek Branch,0.999421,Inefficient
Spokane Valley Branch,0.99942,Inefficient
The Summit Branch,0.99942,Inefficient
Jurupa Valley Branch,0.999419,Inefficient
Little Village Branch,0.999419,Inefficient
South Riverside Banking Center Branch,0.999419,Inefficient
Canyon Park Branch,0.999418,Inefficient
Hammocks Branch,0.999418,Inefficient
2209 Via Anacapa Branch,0.999417,Inefficient
Orland Park Harlem Bkg. Ctr. Branch,0.999417,Inefficient
Santa Monica Saltair Branch,0.999417,Inefficient
Vero Beach 12 Street Branch,0.999417,Inefficient
Greenwood Branch,0.999416,Inefficient
Red Road Branch,0.999416,Inefficient
Tomball Banking Center Branch,0.999416,Inefficient
Beckley Main Branch,0.999415,Inefficient
Brewster Branch,0.999415,Inefficient
East 18th Branch,0.999415,Inefficient
Hamburg Place Branch,0.999415,Inefficient
Camp Wisdom and 360 Branch,0.999414,Inefficient
Wekiva Springs Branch,0.999414,Inefficient
Las Americas Branch,0.999413,Inefficient
Third Ave Adn 69th St Branch,0.999413,Inefficient
290 and Spring Cypress Banking Center Branch,0.999412,Inefficient
Brewster Clocktower Commons Branch,0.999412,Inefficient
East Gause Branch,0.999412,Inefficient
Silver Lake Branch,0.999412,Inefficient
U Of R River Campus Branch,0.999412,Inefficient
Kenmore Branch,0.999411,Inefficient
Telegraph Canyon Branch,0.999411,Inefficient
Via Princessa Branch,0.999411,Inefficient
West Valley City Branch,0.999411,Inefficient
Memorial Branch,0.99941,Inefficient
Brown Trail Branch,0.999409,Inefficient
Cedar Park Banking Center Branch,0.999409,Inefficient
Shelton Branch,0.999409,Inefficient
West Windsor Branch,0.999409,Inefficient
Wickenburg-West Branch,0.999409,Inefficient
Zeeb Road Banking Branch,0.999408,Inefficient
Calimesa Branch,0.999407,Inefficient
Custer and Virginia Branch,0.999407,Inefficient
Illinois & Westfield Branch,0.999407,Inefficient
Huber Heights Branch,0.999406,Inefficient
Lower University On 25th Branch,0.999406,Inefficient
Ming Ave Branch,0.999406,Inefficient
Northern And19th Avenue Branch,0.999406,Inefficient
Times Corners Branch,0.999406,Inefficient
Bridgeport North End Branch,0.999405,Inefficient
College Grove Branch,0.999405,Inefficient
Lamar & 46th Banking Center Branch,0.999405,Inefficient
Lindenhurst Branch,0.999405,Inefficient
Prescott Valley Branch,0.999405,Inefficient
Alliance Center Branch,0.999404,Inefficient
Pickerington Branch,0.999404,Inefficient
S Archer Avenue Branch,0.999404,Inefficient
Spicewood Branch,0.999404,Inefficient
Three Village Branch,0.999403,Inefficient
Van Dyke-Plum Brook Branch,0.999403,Inefficient
Alexandria Main Branch,0.999402,Inefficient
Crossings Branch,0.999402,Inefficient
Fremont Irvington Branch,0.999402,Inefficient
Peekskill Branch,0.999402,Inefficient
Red Bank Branch,0.999402,Inefficient
Irvington Branch,0.999401,Inefficient
Fenton Silver Lake Banking Center Branch,0.9994,Inefficient
Ironwood and 23 Branch,0.9994,Inefficient
Lbj and Abrams Branch,0.9994,Inefficient
Niles Dempster Banking Center Branch,0.9994,Inefficient
Royal Palm Beach Branch,0.9994,Inefficient
Southport Branch,0.9994,Inefficient
Yuba City Branch,0.9994,Inefficient
Flagstaff Milton Road Branch,0.999399,Inefficient
Liverpool Branch,0.999399,Inefficient
North Pulaski Banking Center Branch,0.999399,Inefficient
York Avenue Hospital Bkg Cntr Branch,0.999399,Inefficient
Manlius Branch,0.999398,Inefficient
Shea and Tatum Banking Ctr. Branch,0.999398,Inefficient
Normandy Isle Branch,0.999397,Inefficient
Route 59 & Brookdale Banking Center Branch,0.999397,Inefficient
Seven Hills Branch,0.999397,Inefficient
Des Plaines and Kinzie Branch,0.999396,Inefficient
Drusilla Branch,0.999396,Inefficient
Gleannloch Farms Banking Center Branch,0.999396,Inefficient
Greenway and 65th Street Branch,0.999396,Inefficient
Greenacres City Branch,0.999395,Inefficient
Oakland Gardens Branch,0.999395,Inefficient
Poway Branch,0.999394,Inefficient
Rainbow Arroyo Branch,0.999394,Inefficient
Boynton Beach Mall Branch,0.999393,Inefficient
Betteravia Branch,0.999392,Inefficient
Kearny Mesa Branch,0.999392,Inefficient
Mayfield-Lyndhurst Branch,0.999392,Inefficient
Raritan Center Edison Branch,0.999392,Inefficient
San Diego 4s Ranch Branch,0.999392,Inefficient
Broadmoor Shreveport Branch,0.999391,Inefficient
Ford-Steadman Branch,0.999391,Inefficient
West Kendall Branch,0.99939,Inefficient
Campbell-Grant Branch,0.999389,Inefficient
Old Country Rd and Cherry Ln Branch,0.999389,Inefficient
Hasting Branch,0.999388,Inefficient
Hillcrest North Main Branch,0.999388,Inefficient
Carson Branch,0.999387,Inefficient
Chesterton Branch,0.999387,Inefficient
Lakeside Branch,0.999387,Inefficient
Twin Lakes Branch,0.999387,Inefficient
El Dorado Blvd Branch,0.999385,Inefficient
Grandville Branch,0.999385,Inefficient
Lakeshore East Banking Center Branch,0.999385,Inefficient
New Lenox Branch,0.999385,Inefficient
Franklin Park Banking Center Branch,0.999384,Inefficient
University - Lockwood Ridge Branch,0.999384,Inefficient
Wauconda Branch,0.999384,Inefficient
West Putnam and Valley Branch,0.999384,Inefficient
Wilshire Blvd and Granville Branch,0.999384,Inefficient
Fort Lauderdale Downtown Branch,0.999383,Inefficient
Hudson Branch,0.999383,Inefficient
Towne & 131st Banking Center Branch,0.999383,Inefficient
Vallejo Branch,0.999383,Inefficient
Courtyard Branch,0.999382,Inefficient
El Cajon East Branch,0.999382,Inefficient
Howell Grand River Branch,0.999382,Inefficient
Laurelhurst Branch,0.999382,Inefficient
Warren-Silvery Lane Branch,0.999382,Inefficient
Burien Branch,0.999381,Inefficient
Edgewater Broadway Branch,0.999381,Inefficient
Eugene Branch,0.999381,Inefficient
Flushing Point Branch,0.999381,Inefficient
Grant-Silverbell Branch,0.999381,Inefficient
Logan Square Banking Center Branch,0.999381,Inefficient
Midway Drive Branch,0.999381,Inefficient
Stuart Monterrey Branch,0.999381,Inefficient
Twinsburg Branch,0.999381,Inefficient
Chardon Square Branch,0.99938,Inefficient
West Chester Banking Center Branch,0.99938,Inefficient
Edmond Rd and Santa Fe Branch,0.999379,Inefficient
Graham Ave and Broadway Branch,0.999379,Inefficient
57th & First Avenue Branch,0.999378,Inefficient
Oroville Branch,0.999378,Inefficient
Southpark Branch,0.999378,Inefficient
Lake Elsinore Branch,0.999377,Inefficient
Massapequa Branch,0.999377,Inefficient
Montvale Banking Center Branch,0.999377,Inefficient
Webster Branch,0.999377,Inefficient
Kuykendahl Branch,0.999376,Inefficient
New City South Main Branch,0.999376,Inefficient
North Arlington Branch,0.999376,Inefficient
Brockway-Center Branch,0.999375,Inefficient
Fairwood Branch,0.999374,Inefficient
Harmon Tower Branch,0.999374,Inefficient
Northgate Branch,0.999373,Inefficient
Milford (Ford Street) Branch,0.999371,Inefficient
Noblesville Banking Center Branch,0.999371,Inefficient
Paradise Clark Rd Branch,0.999371,Inefficient
Sunnyvale Branch,0.999371,Inefficient
Corporate Park Branch,0.99937,Inefficient
Eldridge Town Center Branch,0.99937,Inefficient
Hempstead Fulton Branch,0.99937,Inefficient
Highlands Ranch Banking Center Branch,0.99937,Inefficient
Brentwood - Balfour Branch,0.999369,Inefficient
Lakewood Branch,0.999369,Inefficient
Miami Springs Branch,0.999369,Inefficient
Nelson Road Branch,0.999369,Inefficient
Uptown Whittier Branch,0.999369,Inefficient
Leimert Park Branch,0.999368,Inefficient
North Village Ave and Randall Branch,0.999368,Inefficient
Hidden Springs Rd Branch,0.999366,Inefficient
North Wells Branch,0.999366,Inefficient
Oil Center Branch,0.999366,Inefficient
Shawnee Branch,0.999366,Inefficient
Union & Utopia Branch,0.999365,Inefficient
Verona Branch,0.999365,Inefficient
Larkin Branch,0.999364,Inefficient
Grandview-Wapakoneta Branch,0.999363,Inefficient
Grogans Mill Branch,0.999363,Inefficient
Hylan Plaza Branch,0.999363,Inefficient
Bedford and Dekalb Branch,0.999362,Inefficient
Canoga Park Branch,0.999362,Inefficient
Greenlawn Branch,0.999362,Inefficient
Kensington Branch,0.999362,Inefficient
Newtown Branch,0.999362,Inefficient
Southeast Woodstock and 47th Branch,0.999362,Inefficient
Terra Nova Branch,0.999362,Inefficient
East F Street Branch,0.999361,Inefficient
Oxford Lapeer Branch,0.999361,Inefficient
Bonnabel Branch,0.99936,Inefficient
Sepulveda and Mariposa Branch,0.99936,Inefficient
Bell-Maywood Branch,0.999358,Inefficient
Boardman Branch,0.999358,Inefficient
Lake Forest and Eldorado Branch,0.999358,Inefficient
San Jose - Lawrence Branch,0.999358,Inefficient
Sepulveda and LA Tijera Branch,0.999358,Inefficient
Streamwood Facility Branch,0.999358,Inefficient
Knoxville Branch,0.999357,Inefficient
Mcallen North Branch,0.999357,Inefficient
Skokie and Glenview Bkg. Ctr. Branch,0.999357,Inefficient
Tamarac Branch,0.999356,Inefficient
Wedgwood Branch,0.999356,Inefficient
College Center Branch,0.999355,Inefficient
Altadena Branch,0.999354,Inefficient
Bayonne 20th St Branch,0.999354,Inefficient
Cobble Hill Banking Center Branch,0.999354,Inefficient
Denton Tap Banking Center Branch,0.999354,Inefficient
Fourth Ave and 51st Street Branch,0.999354,Inefficient
Tracy Branch,0.999354,Inefficient
Florin West Branch,0.999353,Inefficient
Palm Aire Branch,0.999353,Inefficient
Lighthouse Branch,0.999352,Inefficient
Port Washington Branch,0.999352,Inefficient
Laguna Branch,0.999351,Inefficient
Tower Banking Center Branch,0.999351,Inefficient
Youngstown Main Branch,0.999351,Inefficient
45th & Lexington Branch,0.99935,Inefficient
Upland - Colonies Crossroads Branch,0.99935,Inefficient
Batavia Avenue Branch,0.999349,Inefficient
Braeswood Branch,0.999349,Inefficient
Clark and West Chicago Banking Center Branch,0.999349,Inefficient
Oviedo Branch,0.999349,Inefficient
4470 Northlake Boulevard Branch,0.999348,Inefficient
Brighton Beach Walk Bnkg Ctr Branch,0.999348,Inefficient
Buena Park - Valley View Branch,0.999348,Inefficient
Mira Loma - Eastvale Branch,0.999348,Inefficient
North Merced Branch,0.999348,Inefficient
Cudahy Branch,0.999347,Inefficient
Escondido South Branch,0.999347,Inefficient
Painesville Square Branch,0.999347,Inefficient
Petaluma Branch,0.999346,Inefficient
Scotts Valley Branch,0.999346,Inefficient
Baldwin Maybee Banking Center Branch,0.999345,Inefficient
East Elmhurst and 31st Ave Branch,0.999345,Inefficient
Fifth and Union Branch,0.999345,Inefficient
Linton and Federal Hwy Branch,0.999345,Inefficient
Alhambra - Main Street Branch,0.999344,Inefficient
Bayport Branch,0.999344,Inefficient
Canarsie Branch,0.999344,Inefficient
Francis Lewis Blvd Branch,0.999344,Inefficient
Hobart Branch,0.999344,Inefficient
Spring Creek and Hwy 75 Branch,0.999344,Inefficient
West Jordan Branch,0.999344,Inefficient
Brenham Branch,0.999343,Inefficient
Clackamas Branch,0.999343,Inefficient
Parkchester Branch,0.999343,Inefficient
Preston and Spring Creek Branch,0.999343,Inefficient
Custer and Mcdermott Bkg. Ctr. Branch,0.999342,Inefficient
Fort Hamilton Pkwy and 65th St Branch,0.999342,Inefficient
Hesperia Branch,0.999342,Inefficient
Merritt Island Branch,0.999342,Inefficient
Preston Forest Branch,0.999342,Inefficient
St. John Branch,0.999342,Inefficient
Pepper Pike Branch,0.999341,Inefficient
Willo Plaza Branch,0.999341,Inefficient
Garden City Ford Road Branch,0.99934,Inefficient
Harbor and Lincoln Branch,0.99934,Inefficient
Longview Banking Center Branch,0.99934,Inefficient
Utica Branch,0.99934,Inefficient
Crown Hill Branch,0.999339,Inefficient
Mission Street Branch,0.999339,Inefficient
Lincoln Wellington Branch,0.999338,Inefficient
Pearl River Branch,0.999338,Inefficient
Division 44th Branch,0.999336,Inefficient
Dublin Corners Branch,0.999336,Inefficient
Folsom - Broadstone Branch,0.999336,Inefficient
Fountain Valley At Costco Branch,0.999336,Inefficient
Gilbert and Germann Bkg. Ctr. Branch,0.999336,Inefficient
Sonoma Branch,0.999336,Inefficient
St Lucie West Branch,0.999336,Inefficient
Kenosha South Branch,0.999335,Inefficient
Moger Ave Branch,0.999335,Inefficient
23402 W Lyons Ave Branch,0.999334,Inefficient
Hampton Bays Branch,0.999334,Inefficient
North Halsted Banking Center Branch,0.999334,Inefficient
Corsicana Main Branch,0.999333,Inefficient
Jackson and Wells Branch,0.999333,Inefficient
Michigan Road and 106th Branch,0.999333,Inefficient
Santee Branch,0.999333,Inefficient
Cutler Ridge Branch,0.999332,Inefficient
Fort-Northline Branch,0.999332,Inefficient
Garfield Branch,0.999332,Inefficient
Lake Conroe Banking Center Branch,0.999332,Inefficient
Ventura Marina Branch,0.999332,Inefficient
Nanuet Middletown Branch,0.999331,Inefficient
Ridge Branch,0.999331,Inefficient
West Parker and Independance Branch,0.999331,Inefficient
Deerfield Military Branch,0.99933,Inefficient
East Palmdale Blvd Branch,0.99933,Inefficient
North Patchogue Branch,0.99933,Inefficient
Continental Plaza Branch,0.999329,Inefficient
Richmond Highlands Branch,0.999329,Inefficient
Somerset Easton Ave Branch,0.999329,Inefficient
West Islip Branch,0.999329,Inefficient
Bethany Village Branch,0.999328,Inefficient
Coconut Creek Branch,0.999327,Inefficient
Marysville East St Branch,0.999327,Inefficient
Town East Branch,0.999327,Inefficient
Winwood Branch,0.999327,Inefficient
Chico Broadway Branch,0.999326,Inefficient
Covington Branch,0.999326,Inefficient
Germantown Branch,0.999326,Inefficient
Jackson Street Branch,0.999326,Inefficient
Northern and 35th Avenue Branch,0.999326,Inefficient
Opdyke Walton Branch,0.999326,Inefficient
Rancho Mirage Branch,0.999326,Inefficient
Fairmont Banking Center Branch,0.999325,Inefficient
Fourth Street Santa Rosa Branch,0.999325,Inefficient
Mequon Branch,0.999325,Inefficient
Newcastle Branch,0.999325,Inefficient
Sacramento Southgate Branch,0.999325,Inefficient
Washington-Mitthoefer Rd. Branch,0.999325,Inefficient
Hazel Dell Branch,0.999324,Inefficient
Sacramento Broadway Branch,0.999324,Inefficient
Somers Branch,0.999324,Inefficient
Shaw Branch,0.999323,Inefficient
German Village Branch,0.999322,Inefficient
Hazlet Branch,0.999322,Inefficient
Pine Knob Banking Center Branch,0.999322,Inefficient
Reseda Branch,0.999322,Inefficient
Victorville Branch,0.999322,Inefficient
Worth Branch,0.999322,Inefficient
Alameda Branch,0.999321,Inefficient
Hopewell Junction Branch,0.999321,Inefficient
Arizona Avenue and Pecos Branch,0.99932,Inefficient
Merrick Rd and Millang Branch,0.99932,Inefficient
South Meridian Branch,0.99932,Inefficient
Tates Creek Centre Branch,0.99932,Inefficient
Torrey Chase Branch,0.99932,Inefficient
San Pablo Ave Branch,0.999319,Inefficient
Southwest Teal Blvd Branch,0.999319,Inefficient
Water Street & Maiden Lane Banking Center,0.999319,Inefficient
Hamilton 8th St Branch,0.999318,Inefficient
Hill - U.S. 23 Branch,0.999318,Inefficient
Tiburon Branch,0.999318,Inefficient
Hollister Branch,0.999317,Inefficient
Hickory Palos Square Branch,0.999316,Inefficient
Hollywood Branch,0.999316,Inefficient
Murphy & 544 Banking Center Branch,0.999316,Inefficient
Preston and Lebanon Branch,0.999316,Inefficient
Tempe-Broadway Branch,0.999316,Inefficient
Anthem Nevada Branch,0.999315,Inefficient
West Huron Branch,0.999315,Inefficient
Oakland Park Branch,0.999314,Inefficient
Mission Ave Branch,0.999313,Inefficient
Nostrand Branch,0.999313,Inefficient
Woodhaven Branch,0.999313,Inefficient
Lafayette Main Branch,0.999312,Inefficient
Montclair Plaza Branch,0.999311,Inefficient
Northwest Plaza Branch,0.999311,Inefficient
Olive and 43rd Avenue Branch,0.999311,Inefficient
Riverhead Branch,0.999311,Inefficient
South Wilton Branch,0.999311,Inefficient
Marina Branch,0.99931,Inefficient
Roosevelt Branch,0.99931,Inefficient
Harlem Branch,0.999309,Inefficient
Sunrise Mall Branch,0.999309,Inefficient
Avenue U At Bedford Bkg. Ctr. Branch,0.999308,Inefficient
Hackensack Branch,0.999308,Inefficient
Valley Ranch Branch,0.999308,Inefficient
Evanston-Grove Branch,0.999307,Inefficient
Fort Apache Branch,0.999307,Inefficient
Madison Park Branch,0.999307,Inefficient
Paramount Branch,0.999307,Inefficient
Lewis Center Branch,0.999306,Inefficient
Country Club Hialeah Branch,0.999305,Inefficient
Pine St and Front Branch,0.999304,Inefficient
Coppell Branch,0.999303,Inefficient
Del Norte Branch,0.999303,Inefficient
Kings Park Branch,0.999303,Inefficient
Bell and 19th Avenue Branch,0.999302,Inefficient
Midtown Piedmont Ave Branch,0.999302,Inefficient
Research Branch,0.999302,Inefficient
Lakeside Circle Branch,0.999301,Inefficient
Mchenry Avenue Branch,0.999301,Inefficient
Mission Viejo/Crown Valley Branch,0.999301,Inefficient
Raleigh Hills Branch,0.999301,Inefficient
Route 34 & 5th St Bnkg Center Branch,0.999301,Inefficient
Church Avenue Branch,0.9993,Inefficient
Southeast Hawthorne and 39th Branch,0.9993,Inefficient
Aptos Branch,0.999299,Inefficient
Cottonwood Arizona Branch,0.999299,Inefficient
I-40 Bell Branch,0.999299,Inefficient
Montgomery Village Branch,0.999299,Inefficient
Silverado Ranch Branch,0.999299,Inefficient
Winnetka Woodland Hills Branch,0.999299,Inefficient
Broad Ripple Branch,0.999298,Inefficient
Carmel Rancho Branch,0.999298,Inefficient
Castle Hill Branch,0.999298,Inefficient
Horizon and Ralph Hall Branch,0.999298,Inefficient
Newbury Park Branch,0.999298,Inefficient
West Timiami Branch,0.999298,Inefficient
Lakeway Blvd and Fm 620 Branch,0.999297,Inefficient
Shady Oaks Branch,0.999297,Inefficient
Golden Triangle Mall Branch,0.999296,Inefficient
Greenwich Avenue Branch,0.999296,Inefficient
Corona 103rd St Branch,0.999295,Inefficient
Huntley Banking Center Branch,0.999295,Inefficient
LA Mesa Branch,0.999295,Inefficient
Piazza Carmel Branch,0.999295,Inefficient
Ridgmar Branch,0.999295,Inefficient
Rochdale Village Mall Branch,0.999295,Inefficient
Deer Park Ave Branch,0.999294,Inefficient
Hoboken 14th St and Garden Branch,0.999294,Inefficient
Pine Lake Branch,0.999294,Inefficient
Skokie Touhy Branch,0.999294,Inefficient
Hawthorne Branch,0.999293,Inefficient
San Marcos Branch,0.999293,Inefficient
Martinez Branch,0.999292,Inefficient
Southlake Blvd and Randol Mill Branch,0.999292,Inefficient
Tierrasanta Branch,0.999292,Inefficient
University Tuscon Branch,0.999292,Inefficient
Clifton Van Houten Branch,0.999291,Inefficient
Mt Diablo Blvd Branch,0.999291,Inefficient
Royal Oaks Banking Center Branch,0.999291,Inefficient
Center Point Energy Branch,0.99929,Inefficient
Oak Forest and W43rd St Branch,0.99929,Inefficient
Olympus Branch,0.99929,Inefficient
New Road Branch,0.999289,Inefficient
Riverside Branch,0.999289,Inefficient
Blossom Hill Rd Branch,0.999288,Inefficient
Carnegie Hill Branch,0.999288,Inefficient
Culver & Walnut Banking Ctr Branch,0.999288,Inefficient
Dempster and Gross Pointe Branch,0.999288,Inefficient
Bucktown Banking Center Branch,0.999287,Inefficient
County Line South Branch,0.999287,Inefficient
Ft. Collins South Banking Center Branch,0.999286,Inefficient
Westheimer & Dunvale Bkg. Ctr. Branch,0.999286,Inefficient
Avenel Branch,0.999285,Inefficient
Broadway & 10th Street Bkg. Ctr. Branch,0.999285,Inefficient
Lincoln Center Branch,0.999285,Inefficient
Pasadena South Branch,0.999285,Inefficient
Freeport Blvd Branch,0.999284,Inefficient
Highland & Roosevelt Bnkg Ctr Branch,0.999283,Inefficient
Huebner Branch,0.999283,Inefficient
Park West Branch,0.999283,Inefficient
Perinton Plaza Branch,0.999283,Inefficient
Springbrook Prairie Branch,0.999283,Inefficient
West Judge Perez Branch,0.999283,Inefficient
Dobson Ranch Branch,0.999282,Inefficient
Independence & Hedgcoxe Bnkg Ctr Brh,0.999282,Inefficient
Las Colinas Branch,0.999281,Inefficient
Miller Valley Road Branch,0.999281,Inefficient
Montrose Boulevard Branch,0.999281,Inefficient
Tarrytown Branch,0.999281,Inefficient
Cottonwood Highland Branch,0.99928,Inefficient
Keller Branch,0.99928,Inefficient
Royal Oaks Miami Lakes Branch,0.99928,Inefficient
Voss Woodway Branch,0.999279,Inefficient
Industriplex Banking Center Branch,0.999278,Inefficient
West El Camino Real & Showers Branch,0.999278,Inefficient
985 E Vista Way Branch,0.999277,Inefficient
Bainbridge Branch,0.999277,Inefficient
Independence Branch,0.999277,Inefficient
The Geist Banking Center Branch,0.999277,Inefficient
Wauwatosa Branch,0.999277,Inefficient
Miami Lakes Branch,0.999276,Inefficient
Parmer and Metric Branch,0.999276,Inefficient
Setauket Branch,0.999276,Inefficient
Davison South Branch,0.999275,Inefficient
Kirby and Sunset Branch,0.999275,Inefficient
Arapaho and Hillcrest Branch,0.999274,Inefficient
Magee-Oracle Branch,0.999274,Inefficient
Manetto Hill Branch,0.999274,Inefficient
Cary Branch,0.999273,Inefficient
Kings Hwy and E 2nd St Branch,0.999273,Inefficient
Aurora Village Branch,0.999272,Inefficient
Drayton Plains Branch,0.999272,Inefficient
Exchange Park Branch,0.999272,Inefficient
Floral Park Verbena Branch,0.999272,Inefficient
El Cajon Branch,0.999271,Inefficient
East Meadow Plaza Branch,0.99927,Inefficient
Holiday Manor Branch,0.99927,Inefficient
Mcdermott and Alma Branch,0.99927,Inefficient
Skylake Branch,0.99927,Inefficient
Kings Highway Branch,0.999269,Inefficient
Main St and Ellis Ave Branch,0.999269,Inefficient
Preston Royal Branch,0.999269,Inefficient
Broadway & Chambrs Branch,0.999268,Inefficient
Ocean Beach Branch,0.999267,Inefficient
Walled Lake Branch,0.999267,Inefficient
Irvine - Quail Hill Branch,0.999266,Inefficient
LA Costa Branch,0.999266,Inefficient
Arthur Avenue Branch,0.999265,Inefficient
Elmsford Branch,0.999265,Inefficient
Pacific Ave and Benjamin Holt Ave Branch,0.999265,Inefficient
Rutherford Branch,0.999264,Inefficient
Stevens Point Main Office Branch,0.999264,Inefficient
Tweedy Blvd Branch,0.999264,Inefficient
Palmetto Bay Branch,0.999263,Inefficient
Somerstown Center Branch,0.999263,Inefficient
402 South Brand Blvd Branch,0.999262,Inefficient
Barton Creek Branch,0.999262,Inefficient
Friendswood Banking Center Branch,0.999262,Inefficient
Gahanna Branch,0.999262,Inefficient
Laguna Hills/Leisure World Branch,0.999262,Inefficient
Lake Worth Branch Jacksboro Highway,0.999262,Inefficient
Gun Hill Road Branch,0.999261,Inefficient
Highland Village Branch Center,0.999261,Inefficient
Rohnert Park Branch,0.999261,Inefficient
Apache Junction Branch,0.99926,Inefficient
40th and Lexington Branch,0.999259,Inefficient
Bakersfield Main Branch,0.999259,Inefficient
East Brunswick Banking Center Branch,0.999259,Inefficient
Fort Collins Branch,0.999259,Inefficient
Westheimer and Beltway 8 Branch,0.999259,Inefficient
Bensenville-Main Branch,0.999258,Inefficient
Miller Place Branch,0.999258,Inefficient
Pacific Place Branch,0.999258,Inefficient
Warrenville Facility Branch,0.999258,Inefficient
E. Hillsboro Boulevard Branch,0.999257,Inefficient
Federal Way Branch,0.999257,Inefficient
Franklin 76th Street Branch,0.999257,Inefficient
Ronkonkoma Branch,0.999257,Inefficient
Sunrise Branch,0.999257,Inefficient
Vintage Way Branch,0.999257,Inefficient
Old Minden Rd Branch,0.999256,Inefficient
Parkdale Branch,0.999256,Inefficient
Southeast Branch,0.999256,Inefficient
Kimball Junction Branch,0.999255,Inefficient
Fox Hills Branch,0.999254,Inefficient
Boca Raton - Yamato Branch,0.999253,Inefficient
Manasquan Branch,0.999253,Inefficient
Mclean Avenue Branch,0.999253,Inefficient
North Canton Branch,0.999252,Inefficient
Palomar Airport Branch,0.999252,Inefficient
Mission Viejo/Gateway Center Branch,0.999251,Inefficient
7106 Fairway Drive Office Branch,0.99925,Inefficient
El Camino Real Branch,0.99925,Inefficient
Elk Grove Branch,0.99925,Inefficient
Fry Road Branch,0.999248,Inefficient
Oak Park Branch,0.999248,Inefficient
Harbour Pointe Branch,0.999247,Inefficient
Ralph Avenue and Ave K Branch,0.999247,Inefficient
Mission Hills Branch,0.999246,Inefficient
Alpine Branch,0.999245,Inefficient
Jefferson Branch,0.999245,Inefficient
West Seattle Branch,0.999245,Inefficient
Coolidge-Vernon Brach,0.999244,Inefficient
I35 and Hwy 79 Branch,0.999244,Inefficient
Kendall Palms Branch,0.999244,Inefficient
5601 Red Bug Lake Rd Branch,0.999243,Inefficient
Bend Branch,0.999243,Inefficient
Miami - Brickell Bay Branch,0.999243,Inefficient
Crawfordsville Main Branch,0.999242,Inefficient
Dowlen and Phelan Branch,0.999242,Inefficient
Wheat Ridge Marketplace Branch,0.999242,Inefficient
Broadway & Wilmont Branch,0.999241,Inefficient
Bountiful Branch,0.99924,Inefficient
Bay Parkway & 67th Street Banking Center Branch,0.999239,Inefficient
Broadway and 13th Branch,0.999239,Inefficient
Mill Creek Branch,0.999239,Inefficient
Winfield Road Branch,0.999239,Inefficient
Grand Blanc Point Branch,0.999238,Inefficient
Pinewood Branch,0.999238,Inefficient
Rancho Santa Margarita Branch,0.999238,Inefficient
South Naperville Branch,0.999238,Inefficient
Fourth and 4th Branch,0.999237,Inefficient
Westlake Detroit Branch,0.999236,Inefficient
East Vancouver Branch,0.999235,Inefficient
El Toro Branch,0.999235,Inefficient
Pembroke Pines Branch,0.999235,Inefficient
Sheffield & Armitage Banking Center Branch,0.999235,Inefficient
Show Low Branch,0.999235,Inefficient
West Miramar Branch,0.999235,Inefficient
Bridgeport Halsted Branch,0.999234,Inefficient
Cityview Branch,0.999234,Inefficient
Belleville Branch,0.999233,Inefficient
Broadmoorlafayette Branch,0.999233,Inefficient
Century Center Branch,0.999233,Inefficient
Dobbs Ferry Branch,0.999233,Inefficient
Grand St and Graham Branch,0.999233,Inefficient
Lapeer Branch,0.999233,Inefficient
Crest Hill Branch,0.999232,Inefficient
West Maple-Inkster Road Branch,0.999232,Inefficient
Freeport and Main St Branch,0.999231,Inefficient
Hartsdale Branch,0.999231,Inefficient
Stony Island Branch,0.999231,Inefficient
Baldwin Park Branch,0.99923,Inefficient
Niblick Road Branch,0.99923,Inefficient
Pomona Branch,0.99923,Inefficient
Westlake Village Branch,0.99923,Inefficient
Colony Lakes Branch,0.999228,Inefficient
East Hanover Branch,0.999228,Inefficient
North Park Branch,0.999228,Inefficient
Woodinville Branch,0.999228,Inefficient
Fourth and Hope Branch,0.999227,Inefficient
Plymouth-Cranston Branch,0.999227,Inefficient
Graham and 71st Branch,0.999226,Inefficient
Lancaster Office Branch,0.999226,Inefficient
Slidell Branch,0.999226,Inefficient
70th & Broadway Banking Cntr Branch,0.999225,Inefficient
Campbell Centre Branch,0.999225,Inefficient
Knolls Crescent Branch,0.999225,Inefficient
Lakeshore Branch,0.999225,Inefficient
Grand and Madison Branch,0.999224,Inefficient
North Shore Towers Branch,0.999223,Inefficient
Bolingbrook Branch,0.999222,Inefficient
Camelback And16th Street Branch,0.999222,Inefficient
Lake In The Hills Banking Center Branch,0.999222,Inefficient
Pico Whittier Branch,0.999222,Inefficient
Sunnyvale - Hacienda Center Branch,0.999222,Inefficient
Mcclintock and Ray Banking Center Branch,0.999221,Inefficient
Mission Bay Drive Branch,0.999221,Inefficient
Nederland Branch,0.999221,Inefficient
Bullhead City Branch,0.99922,Inefficient
Radburn Branch,0.99922,Inefficient
Buckhannon Main Branch,0.999218,Inefficient
Frederica Street Branch,0.999218,Inefficient
Peoria and 30th Avenue Branch,0.999218,Inefficient
Standiford Ave Branch,0.999217,Inefficient
Northvale Banking Center Branch,0.999216,Inefficient
Waterford Lakes Branch,0.999216,Inefficient
Chandler-West Branch,0.999215,Inefficient
West Side Fort Worth Branch,0.999215,Inefficient
Goshen Banking Center Branch,0.999214,Inefficient
Sun City Branch,0.999214,Inefficient
Hemet Plaza Branch,0.999213,Inefficient
Hilltop Mall Road Branch,0.999213,Inefficient
Auburn Branch,0.999212,Inefficient
Coit & Campbell Banking Center Branch,0.999212,Inefficient
Fort Gratiot Branch,0.999212,Inefficient
The Plaza Branch,0.999212,Inefficient
Payson Branch,0.999211,Inefficient
Safford Branch,0.999211,Inefficient
Allen-King Branch,0.99921,Inefficient
Market and 8th Branch,0.99921,Inefficient
Atascocita Banking Center Branch,0.999207,Inefficient
New Hyde Park Branch,0.999207,Inefficient
Village Of Oak Creek Branch,0.999206,Inefficient
Hyde Park Banking Center Branch,0.999205,Inefficient
Little Road Branch,0.999205,Inefficient
Mcdowelland 74th Street Branch,0.999205,Inefficient
Meyerland Branch,0.999205,Inefficient
College Park Branch,0.999204,Inefficient
Columbus & 76th St. Bkg. Ctr. Branch,0.999204,Inefficient
Greens Farms Branch,0.999203,Inefficient
Dyckman Street Branch,0.999202,Inefficient
Amityville Driveup Branch,0.999201,Inefficient
Center Moriches Main St Branch,0.999201,Inefficient
Foothill Ranch Branch,0.999201,Inefficient
Milliken Ave and Foothill Branch,0.999201,Inefficient
East Rutherford Branch,0.9992,Inefficient
Westchester Playa Branch,0.9992,Inefficient
East Waukesha Branch,0.999199,Inefficient
Grand Grove Harbor Branch,0.999199,Inefficient
Katonah Branch,0.999199,Inefficient
Totem Lake Branch,0.999199,Inefficient
Ninth and Hill Branch,0.999197,Inefficient
Ridglea Branch,0.999197,Inefficient
Dye Corunna Branch,0.999195,Inefficient
Yorktown Commerce St Branch,0.999195,Inefficient
East Foothills Branch,0.999193,Inefficient
Rosedale Branch,0.999193,Inefficient
Warren Mt Bethel Rd Branch,0.999193,Inefficient
Broadway & Elmhurst Bnkg Ctr Branch,0.999192,Inefficient
Hemet Branch,0.999192,Inefficient
El Paso - East Branch,0.999191,Inefficient
Laurel Canyon Branch,0.999191,Inefficient
Ocean Boulevard Branch,0.999191,Inefficient
Shoenherr 23 Mile Branch,0.999191,Inefficient
Sidney Main Branch,0.999191,Inefficient
Sugar Creek Banking Center Branch,0.999191,Inefficient
Third Ave & 19th St Bnkg Ctr Branch,0.999191,Inefficient
Urbana Downtown Branch,0.999191,Inefficient
Cultural Center Branch,0.99919,Inefficient
Downey Paramount Branch,0.99919,Inefficient
San Jose Downtown Branch,0.999189,Inefficient
Siegen Lane Branch,0.999189,Inefficient
Camino Seco-Broadway Branch,0.999188,Inefficient
Bainbridge Island Branch,0.999187,Inefficient
Glade and Heritage Banking Center Branch,0.999187,Inefficient
Silver Creek Branch,0.999187,Inefficient
Watsonville Branch,0.999187,Inefficient
Cactus and 32nd Street Branch,0.999186,Inefficient
Jay Street & Front St Bnkg Ctr Branc,0.999186,Inefficient
Yucaipa Branch,0.999186,Inefficient
Beck & Grand River Bnkg Ctr Branch,0.999185,Inefficient
Glen Head Banking Center Branch,0.999185,Inefficient
Devonshire Street Branch,0.999184,Inefficient
University Branch,0.999184,Inefficient
White River Branch,0.999184,Inefficient
Mansfield Branch,0.999183,Inefficient
Marlboro Plaza Branch,0.999183,Inefficient
North Loop Branch,0.999183,Inefficient
Brookhurst and Ball Rd Branch,0.999182,Inefficient
Magnolia Branch,0.999182,Inefficient
Concourse Branch,0.999181,Inefficient
Janss and Moorpark Branch,0.999181,Inefficient
Bellmore Ave and Peach Branch,0.99918,Inefficient
East Norwich Banking Ctr. Branch,0.99918,Inefficient
Alma School-Warner Branch,0.999179,Inefficient
Mission Gorge Branch,0.999179,Inefficient
San Pedro - Park Plaza Branch,0.999179,Inefficient
Crystal Lake Main Branch,0.999178,Inefficient
Eagle Highlands Banking Ctr. Branch,0.999178,Inefficient
Wallingford Branch,0.999178,Inefficient
Grossmont Branch,0.999177,Inefficient
First St Beach Branch,0.999176,Inefficient
Long Beach Circle Center Branch,0.999176,Inefficient
Mission Viejo Branch,0.999176,Inefficient
Thunderbird and 43rd Avenue Branch,0.999176,Inefficient
5291 Mission Oaks Branch,0.999175,Inefficient
Fashion Place Branch,0.999175,Inefficient
Lake Balboa Branch,0.999175,Inefficient
Kruse Way Branch,0.999174,Inefficient
Parkland Branch,0.999174,Inefficient
Thomas and 7th Avenue Branch,0.999173,Inefficient
Capitola Branch,0.999172,Inefficient
Huntington Park Branch,0.999172,Inefficient
Sedona-Southwest Drive Branch,0.999172,Inefficient
Gold River Branch,0.999171,Inefficient
Jericho Turnpike Branch,0.999171,Inefficient
St. Matthews Branch,0.999171,Inefficient
East Flushing Branch,0.99917,Inefficient
Court Street 1st Place Branch,0.999169,Inefficient
Park Avenue Branch,0.999169,Inefficient
Croton Branch,0.999168,Inefficient
LA Quinta Branch,0.999168,Inefficient
Clinton Banking Center Branch,0.999167,Inefficient
Meridian and 146th Branch,0.999167,Inefficient
Chappaqua Branch,0.999166,Inefficient
Broadway Branch,0.999165,Inefficient
Century City Branch,0.999165,Inefficient
Clinton and Adams Banking Center Branch,0.999165,Inefficient
Coronado Branch,0.999165,Inefficient
Mosholu Branch,0.999165,Inefficient
Nyack North Broadway Branch,0.999165,Inefficient
Spanish River Branch,0.999165,Inefficient
Wellington Branch,0.999165,Inefficient
El Camino and Butano Branch,0.999164,Inefficient
Lincoln Centre Branch,0.999164,Inefficient
Riverwoods Banking Center Branch,0.999164,Inefficient
Beachwood Branch,0.999162,Inefficient
Kingman-Stockton Hill Road Branch,0.999162,Inefficient
Mcdaniel Banking Center Branch,0.999162,Inefficient
Denver Tech Center Branch,0.999161,Inefficient
Main and Greenfield Branch,0.999161,Inefficient
Mcdermott and Watters Branch,0.999161,Inefficient
Croton-On-Hudson Branch,0.99916,Inefficient
East Grand Avenue Branch,0.99916,Inefficient
Fort Salonga Branch,0.99916,Inefficient
Fort Washington Avenue Branch,0.99916,Inefficient
Pacific View Mall Branch,0.99916,Inefficient
Washington @ Studemont Bkg. Ctr. Branch,0.99916,Inefficient
24 Mile-Shelby Road Branch,0.999159,Inefficient
Arden Way Branch,0.999159,Inefficient
Damen & Division Branch,0.999159,Inefficient
Power and Main Branch,0.999159,Inefficient
Silver Lakes Branch,0.999159,Inefficient
Springfield West Branch,0.999159,Inefficient
Vista/Melrose Branch,0.999159,Inefficient
Bowery & First Banking Center Branch,0.999158,Inefficient
Southfield-Eleven Mile Branch,0.999158,Inefficient
Baker Street Branch,0.999157,Inefficient
Sun City-Lakeview Branch,0.999157,Inefficient
Towngate Blvd Branch,0.999156,Inefficient
First Street Burbank Branch,0.999155,Inefficient
South Brunswick Banking Cntr Branch,0.999155,Inefficient
Temecula - Redhawk Branch,0.999151,Inefficient
Gig Harbor Branch,0.99915,Inefficient
Sweetwater Branch,0.99915,Inefficient
Manhattan Boulevard Branch,0.999149,Inefficient
Penn and I 240 Branch,0.999149,Inefficient
LA Crescenta Branch,0.999148,Inefficient
Lewisville Branch,0.999148,Inefficient
Mckinney Redbud Banking Ctr Branch,0.999146,Inefficient
New Berlin Branch,0.999146,Inefficient
North Coral Springs Branch,0.999146,Inefficient
Packard Branch,0.999146,Inefficient
Garden Grove Valley View St Branch,0.999145,Inefficient
Manhattan Beach Village Branch,0.999145,Inefficient
Townline and Lake Branch,0.999145,Inefficient
NW Expressway and Portland Branch,0.999144,Inefficient
Greenbriar Banking Center Branch,0.999143,Inefficient
Lexington and 69th St. Bkg. Ctr. Branch,0.999142,Inefficient
Stoneridge Mall Rd Branch,0.999142,Inefficient
University Northridge Branch,0.999142,Inefficient
Carmel Mountain Ranch Branch,0.999141,Inefficient
Fort Street Branch,0.999141,Inefficient
John R-14 Mile Road Branch,0.999141,Inefficient
River Oaks Branch,0.999141,Inefficient
Almeda Genoa Branch,0.99914,Inefficient
Hwy 6 and Williams Trace Branch,0.99914,Inefficient
Jamaica Branch,0.99914,Inefficient
Petoskey Downtown Branch,0.99914,Inefficient
Queen Anne Branch,0.99914,Inefficient
Tice Valley Boulevard Branch,0.99914,Inefficient
Casa Blanca Branch,0.999139,Inefficient
Old Bridge Branch,0.999139,Inefficient
East Northportlarkfield Rd Branch,0.999138,Inefficient
Sherman Oaks Riverside Drive Branch,0.999138,Inefficient
Norwalk Branch,0.999137,Inefficient
Rosedale Branch,0.999137,Inefficient
First and Broadway Branch,0.999135,Inefficient
Orland Park Southmoor Branch,0.999135,Inefficient
Washington Park Branch,0.999135,Inefficient
Empire Boulevard Branch,0.999134,Inefficient
San Dimas Branch,0.999134,Inefficient
Watchung Plaza Branch,0.999134,Inefficient
Richmond Avenue Branch,0.999133,Inefficient
Grosse Pointe Branch,0.999131,Inefficient
Humble Branch,0.999131,Inefficient
San Francisco - Potrero Branch,0.999131,Inefficient
Coral Square Branch,0.99913,Inefficient
Cornerstone Branch,0.99913,Inefficient
Hartsdale Branch,0.99913,Inefficient
Peyton Drive Branch,0.99913,Inefficient
Howard Beach Banking Center Branch,0.999129,Inefficient
Elmhurst Queens Blvd Branch,0.999128,Inefficient
Oak Park/Madison Branch,0.999128,Inefficient
Oak Creek Branch,0.999127,Inefficient
Sparta Branch,0.999127,Inefficient
Foster Avenue Branch,0.999126,Inefficient
Santa Ana Branch,0.999126,Inefficient
Dallas Uptown Branch,0.999124,Inefficient
East Los Angeles Branch,0.999124,Inefficient
Second Avenue and 43rd Street Branch,0.999124,Inefficient
Henrietta Branch,0.999123,Inefficient
Cedar-Fairmount Branch,0.999122,Inefficient
North Cooper Branch,0.999122,Inefficient
St. Charles Avenue Branch,0.999122,Inefficient
Englewood Branch,0.999121,Inefficient
River Road-Campbell Avenue Branch,0.999121,Inefficient
Stafford Pointe Branch,0.999121,Inefficient
Broadway and 32nd Branch,0.99912,Inefficient
Jupiter Branch,0.99912,Inefficient
Dewitt Branch,0.999119,Inefficient
Wayne Road-Cowan Branch,0.999119,Inefficient
Franklin Gate Branch,0.999118,Inefficient
Broadway Seattle Branch,0.999117,Inefficient
Copiague Branch,0.999117,Inefficient
Judson Road Branch,0.999117,Inefficient
Lantern Road and 96th Branch,0.999117,Inefficient
Riverdale North Branch,0.999117,Inefficient
Bedford Harwood Branch,0.999116,Inefficient
Bell & Thompson Peak Bkg Cntr Branch,0.999116,Inefficient
County Line Branch,0.999116,Inefficient
Hurst Branch,0.999116,Inefficient
Roselle & Wise Banking Center Branch,0.999116,Inefficient
112th & Broadway Branch,0.999115,Inefficient
Memorial Dairy Branch,0.999115,Inefficient
Lefferts Boulevard Branch,0.999114,Inefficient
Mahwah Banking Center Branch,0.999114,Inefficient
Port Hueneme Office Branch,0.999114,Inefficient
Van Nuys Branch,0.999114,Inefficient
Audubon Branch,0.999113,Inefficient
Bushwick Branch,0.999113,Inefficient
Edmonds Branch,0.999113,Inefficient
Farmers Branch,0.999113,Inefficient
Schoenherr-14 Mile Branch,0.999113,Inefficient
College Point Branch,0.999112,Inefficient
Florham Park Branch,0.999112,Inefficient
Prescott Branch,0.999111,Inefficient
North Hartsdale Branch,0.99911,Inefficient
San Francisco - Mission Bay Branch,0.99911,Inefficient
Lafayette Branch,0.999109,Inefficient
Seventh Street - Bell Road Branch,0.999109,Inefficient
South Victoria Ave Branch,0.999108,Inefficient
Ygnacio Valley Branch,0.999108,Inefficient
Mack-Moross Road Branch,0.999107,Inefficient
Rowlett Branch,0.999107,Inefficient
Sierra Madre Branch,0.999107,Inefficient
White Oak Branch,0.999107,Inefficient
Zionsville Branch,0.999107,Inefficient
Boca Raton Del Mar Branch,0.999106,Inefficient
Capital Plaza Branch,0.999106,Inefficient
Highlands Ranch Branch,0.999106,Inefficient
Westwood Branch,0.999106,Inefficient
Frankfort Preston Branch,0.999103,Inefficient
Metropolitan Avenue Branch,0.999103,Inefficient
Athens Main Branch,0.999102,Inefficient
Lagacy and Lebanon Banking Center Branch,0.999102,Inefficient
Berwyn Branch,0.999101,Inefficient
Gilbert Branch,0.999101,Inefficient
Journal Square Branch,0.999101,Inefficient
Old Metairie Branch,0.9991,Inefficient
Fairfield Woods Branch,0.999098,Inefficient
Flatlands Branch,0.999098,Inefficient
Monroe Beech Branch,0.999098,Inefficient
Terrytown Branch,0.999098,Inefficient
Gold Dome Branch,0.999097,Inefficient
Green Bay Main Office Branch,0.999096,Inefficient
Pelham Bay Branch,0.999096,Inefficient
W. Seven Mile-Northville Road Branch,0.999096,Inefficient
LA Brea Branch,0.999095,Inefficient
Scripps Ranch Branch,0.999095,Inefficient
Lyons Branch,0.999094,Inefficient
Mulpitas Branch,0.999093,Inefficient
Rochester Medical Center Branch,0.999093,Inefficient
Pasadena Allen Branch,0.99909,Inefficient
River Edge Branch,0.99909,Inefficient
Albee Square Branch,0.999089,Inefficient
Eighth Ave and 15th Branch,0.999089,Inefficient
Glendale Woodhaven Branch,0.999089,Inefficient
Lombard Branch,0.999089,Inefficient
Six Mile-Inkster Branch,0.999087,Inefficient
Bohemia Branch,0.999086,Inefficient
Hualapai Commons Branch,0.999086,Inefficient
Sawgrass Branch,0.999086,Inefficient
Wabash Village Branch,0.999086,Inefficient
El Monte Branch,0.999084,Inefficient
Calumet Branch,0.999083,Inefficient
Long Point Branch,0.999083,Inefficient
Edison Banking Center Branch,0.999082,Inefficient
LA Puente Branch,0.999081,Inefficient
Rialto Branch,0.999081,Inefficient
Stony Hill Branch,0.999081,Inefficient
Staten Island Mall Branch,0.99908,Inefficient
Brookfield Branch,0.999079,Inefficient
North Hollywood Branch,0.999079,Inefficient
241 W Main Branch,0.999078,Inefficient
Pleasant Hill Branch,0.999076,Inefficient
Westgate Ann Arbor Branch,0.999076,Inefficient
Gellert Blvd Branch,0.999075,Inefficient
Newark - Jarvis Branch,0.999075,Inefficient
San Jose - Evergreen Branch,0.999075,Inefficient
Union City - Alvarado Niles Branch,0.999075,Inefficient
Pomona Branch,0.999073,Inefficient
Greenwich Village Branch,0.999072,Inefficient
South Cooper Branch,0.999072,Inefficient
Greenville Banking Center Branch,0.999071,Inefficient
Powell Road Branch,0.99907,Inefficient
Metropolitan and 74th St Branch,0.999068,Inefficient
Streeterville Banking Center Branch,0.999068,Inefficient
Sun City Grand Branch,0.999067,Inefficient
Pine Valley Branch,0.999066,Inefficient
Pga Blvd Branch,0.999065,Inefficient
Winchester Branch,0.999065,Inefficient
Ninth Avenue & 55th Street Branch,0.999064,Inefficient
Thunderbird and 7th Branch,0.999064,Inefficient
Alief Branch,0.999063,Inefficient
South Valley Stream Branch,0.999063,Inefficient
Bay Ridge @ 86th Bkg. Ctr. Branch,0.999061,Inefficient
Denville Branch,0.999061,Inefficient
Long Lake - Rochester Branch,0.999061,Inefficient
Temecula Office Branch,0.99906,Inefficient
Duncanville Branch,0.999059,Inefficient
Imperial Valley Branch,0.999059,Inefficient
Merrick Branch,0.999059,Inefficient
Monrovia Branch,0.999059,Inefficient
Archer Branch,0.999058,Inefficient
El Paso - West Branch,0.999058,Inefficient
H Street Branch,0.999058,Inefficient
Christopher Columbus Branch,0.999057,Inefficient
Scripps Poway Branch,0.999057,Inefficient
The Park Branch,0.999055,Inefficient
Boulevard Branch,0.999054,Inefficient
Liberty Ave and Drew St Branch,0.999054,Inefficient
Union Commerce Branch,0.999054,Inefficient
Westbury Branch,0.999054,Inefficient
Sawmill Branch,0.999053,Inefficient
Hancock Park Branch,0.999052,Inefficient
Redding Main Branch,0.999052,Inefficient
Thomas and 44th Street Branch,0.999051,Inefficient
High Ridge Road Branch,0.99905,Inefficient
Rochester Branch,0.99905,Inefficient
South Mason Road Branch,0.99905,Inefficient
Foothill Blvd Branch,0.999048,Inefficient
Parc Fontaine Branch,0.999048,Inefficient
Monsey Branch,0.999047,Inefficient
Nutley Center St Branch,0.999047,Inefficient
Richardson Square Branch,0.999047,Inefficient
Euless Boulevard Branch,0.999046,Inefficient
Western and 22nd Branch,0.999046,Inefficient
Naper & Ogden Banking Center Branch,0.999045,Inefficient
Citrus & Workman Bking Ctr Branch,0.999044,Inefficient
El Camino Real and Marron Branch,0.999044,Inefficient
Fullerton Downtown Branch,0.999044,Inefficient
Los Alamitos Branch,0.999042,Inefficient
Smith Haven Branch,0.999042,Inefficient
Hicksville North Broadway Branch,0.99904,Inefficient
Pittsford Village Branch,0.99904,Inefficient
Dublin Blvd Branch,0.999039,Inefficient
Fifth Ave and 54th Branch,0.999039,Inefficient
Crenshaw Branch,0.999038,Inefficient
Custer and 15th Branch,0.999038,Inefficient
Alma School and Queen Creek Branch,0.999037,Inefficient
Escondido Branch,0.999037,Inefficient
Mount Vernon Branch,0.999036,Inefficient
Tujunga Branch,0.999036,Inefficient
Clarksburg Main Branch,0.999034,Inefficient
West Garland Branch,0.999034,Inefficient
Camden Branch,0.999032,Inefficient
Cook Branch,0.999032,Inefficient
Shorewood Branch,0.999032,Inefficient
Holleman and Texas Banking Center Branch,0.999031,Inefficient
Park City Branch,0.99903,Inefficient
Plano and Preston Branch,0.99903,Inefficient
Norridge Banking Center Branch,0.999029,Inefficient
Yorktown Heights Branch,0.999029,Inefficient
North Port Branch,0.999028,Inefficient
Southland Branch,0.999028,Inefficient
Taraval Street and 19th Branch,0.999028,Inefficient
Josey and Jackson Branch,0.999027,Inefficient
Valley Cottage Branch,0.999027,Inefficient
Melrose Branch,0.999026,Inefficient
Rancho Vista Branch,0.999026,Inefficient
Chatsworth Branch,0.999023,Inefficient
Corona Ontario Ave & Main St Branch,0.999023,Inefficient
Roseville Branch,0.999023,Inefficient
Carrollton Branch,0.999022,Inefficient
Corona Hills Branch,0.999022,Inefficient
Sherman Branch,0.999022,Inefficient
Sw 6th and Yamhill Branch,0.999022,Inefficient
Portola Valley Branch,0.999021,Inefficient
San Clemento Branch,0.99902,Inefficient
Sixth Ave & West 28th St Bnkg Branch,0.99902,Inefficient
Ardsley Branch,0.999019,Inefficient
River Rd and Tower Dr Branch,0.999019,Inefficient
Gilroy Branch,0.999018,Inefficient
Mcclintock Dr-Southern Avenue Branch,0.999018,Inefficient
Palcentia Branch,0.999018,Inefficient
Central and Columbus Branch,0.999017,Inefficient
Noe Valley Branch,0.999017,Inefficient
Sayville Branch,0.999016,Inefficient
Syosset Branch,0.999016,Inefficient
University and Mill Branch,0.999016,Inefficient
William Cannon and Mopac Branch,0.999015,Inefficient
Doral Plaza Branch,0.999013,Inefficient
Boca Raton Town Branch,0.999012,Inefficient
Cherry Creek Banking Center Branch,0.999012,Inefficient
South Torrance Financial Ctr Branch,0.999012,Inefficient
West Loop Banking Center Branch,0.999011,Inefficient
Bryant and 2nd Branch,0.99901,Inefficient
County Fair Branch,0.99901,Inefficient
Santa Margarita Pkwy Branch,0.99901,Inefficient
Canyon Country Branch,0.999008,Inefficient
Englewood Hampden Branch,0.999008,Inefficient
Elston Plaza Branch,0.999005,Inefficient
Grass Valley Branch,0.999005,Inefficient
Highland Road Branch,0.999005,Inefficient
Irving Boulevard Branch,0.999005,Inefficient
Lake Highlands Branch,0.999005,Inefficient
Scottsdale Road-Shea Blvd. Branch,0.999003,Inefficient
Metro Parkways + Mound Road Branch,0.999002,Inefficient
Monroe Rt 17m Branch,0.999002,Inefficient
Capitol Branch,0.999001,Inefficient
Mccaslin Branch,0.999001,Inefficient
Mission Bay Boca Raton Branch,0.999001,Inefficient
River Oaks Branch,0.999001,Inefficient
Bayfair Branch,0.998999,Inefficient
Frankfort Banking Center Branch,0.998998,Inefficient
Foster City Branch,0.998997,Inefficient
Halstead and Osborn Branch,0.998997,Inefficient
Scottsdale Grayhawk Branch,0.998997,Inefficient
Middletown Branch,0.998996,Inefficient
Venice Ave E and Pinebrook Branch,0.998996,Inefficient
Gunbarrel Branch,0.998994,Inefficient
Mccormick Ranch Branch,0.998994,Inefficient
Palm Beach Gardens Branch,0.998994,Inefficient
Broadway and Country Club Branch,0.998993,Inefficient
Pima & Frank Lloyd Bkng. Ctr. Branch,0.998993,Inefficient
San Diego Hillcrest Branch,0.998993,Inefficient
Arroyo Grande Branch,0.998992,Inefficient
Bell Road and 35th Avenue Branch,0.998991,Inefficient
Main Street Branch,0.99899,Inefficient
Ventura Woodland Hills Branch,0.99899,Inefficient
Irvine - Irvine Boulevard Branch,0.998989,Inefficient
Balboa Branch,0.998988,Inefficient
Silverlake Branch,0.998988,Inefficient
Barrington Branch,0.998986,Inefficient
North Chelsea Branch,0.998986,Inefficient
Castell Motor Bank Branch,0.998985,Inefficient
Chestnut Street Branch,0.998984,Inefficient
Bell Road and 77th Avenue Branch,0.998983,Inefficient
North Bellmore Branch,0.998981,Inefficient
Harden Plaza Branch,0.99898,Inefficient
Lansing Ridge Branch,0.99898,Inefficient
Seal Beach Pch Branch,0.99898,Inefficient
Clocktower Branch,0.998978,Inefficient
Northgate Branch,0.998977,Inefficient
Bellaire Blvd and Rice Branch,0.998976,Inefficient
Buffalo Grove - The Grove Branch,0.998976,Inefficient
Mockingbird Banking Center Branch,0.998976,Inefficient
Sun City-Bell Road Branch,0.998976,Inefficient
Town & Country Branch,0.998975,Inefficient
Tustin and Chapman Branch,0.998975,Inefficient
Hialeah Branch,0.998973,Inefficient
Northport Main St Branch,0.998973,Inefficient
Ridgefield Branch,0.998973,Inefficient
South Park Victoria Dr Branch,0.998971,Inefficient
Kendale Lakes Branch,0.99897,Inefficient
Alden Bridge Branch,0.998969,Inefficient
Palomar Branch,0.998968,Inefficient
Thruway Branch,0.998967,Inefficient
Ozone Park Branch,0.998966,Inefficient
Pioneer Parkway Branch,0.998965,Inefficient
Tenafly Banking Center Branch,0.998965,Inefficient
Westchester Miami Branch,0.998965,Inefficient
Elmbrook Branch,0.998964,Inefficient
Tottenville Branch,0.998964,Inefficient
Trancas St Branch,0.998964,Inefficient
Woodlands West Banking Center Branch,0.998964,Inefficient
Broadway and Hamilton Branch,0.998963,Inefficient
Speedway-Swan Branch,0.998963,Inefficient
Jackson Street - Monroe Branch,0.998962,Inefficient
Livingston Banking Center Branch,0.998962,Inefficient
Greenspoint Branch,0.998961,Inefficient
San Juan Capistrano Branch,0.998958,Inefficient
Cooper City Branch,0.998957,Inefficient
Lakewood Banking Center Branch,0.998957,Inefficient
Tribeca Banking Center Branch,0.998957,Inefficient
Prytania Branch,0.998956,Inefficient
Addison Branch,0.998952,Inefficient
Bellflower Branch,0.998952,Inefficient
Main Street and Division Branch,0.998952,Inefficient
Jamaica Estates Branch,0.998951,Inefficient
Copperfield Branch,0.99895,Inefficient
Ina-Thornydale Branch,0.998949,Inefficient
Valencia Main Branch,0.998948,Inefficient
Melrose Park Branch,0.998945,Inefficient
Stratford Barnum Avenue Branch,0.998945,Inefficient
Ynez Road Branch,0.998945,Inefficient
South Belt Branch,0.998942,Inefficient
Lemmon Avenue Branch,0.998941,Inefficient
West Torrance Branch,0.998941,Inefficient
West Los Angeles Branch,0.99894,Inefficient
Macarthur Airport Vets Hwy Branch,0.998938,Inefficient
Porter Ranch Branch,0.998938,Inefficient
187-15 Union Turnpike Branch,0.998937,Inefficient
Monterey Branch,0.998937,Inefficient
Great Neck Branch,0.998936,Inefficient
Issaquah Branch,0.998936,Inefficient
Newkirk Plaza Branch,0.998935,Inefficient
Restoration Plaza Branch,0.998933,Inefficient
12 Mile-Country Club Drive Branch,0.998932,Inefficient
Hwy 183 and Lake Creek Branch,0.998932,Inefficient
New Rochelle Branch,0.998932,Inefficient
Sunset Drive Miami Branch,0.998932,Inefficient
Surfside Branch,0.998931,Inefficient
Palm Springs Branch,0.998929,Inefficient
Junipero Serra Branch,0.998925,Inefficient
Brighton Monroe Branch,0.998922,Inefficient
Dixie-Maybee Branch,0.998922,Inefficient
Vernier-Harper Branch,0.998922,Inefficient
Grasmere Branch,0.998921,Inefficient
Harmon Meadow Branch,0.99892,Inefficient
Huntington Square Mall Branch,0.99892,Inefficient
Kew Gardens Branch,0.99892,Inefficient
Mercer Island Branch,0.998919,Inefficient
University Branch,0.998919,Inefficient
Malibu Branch,0.998917,Inefficient
Rancho Cucamonga Branch,0.998916,Inefficient
Chino Hills Branch,0.998912,Inefficient
North Wrigleyville Banking Center Branch,0.998912,Inefficient
Murrieta Branch,0.998911,Inefficient
Macarthur Park Branch,0.99891,Inefficient
Southgate Branch,0.998906,Inefficient
West Bay Shore Branch,0.998906,Inefficient
Lake Ronkonkoma Branch,0.998905,Inefficient
Riverside Ave Branch,0.998905,Inefficient
Grand Ave and 66th St Branch,0.998904,Inefficient
Lincoln Park Central Banking Center Branch,0.998904,Inefficient
Manhattan Beach Blvd Branch,0.998904,Inefficient
Gahanna North Branch,0.998903,Inefficient
Golden Springs Branch,0.998903,Inefficient
Via Linda/Frank Lloyd Wright Branch,0.998903,Inefficient
South Pataline Branch,0.998902,Inefficient
Tallman Branch,0.998902,Inefficient
Ballard Branch,0.998898,Inefficient
Cinco Ranch Branch,0.998898,Inefficient
Clement Street Branch,0.998898,Inefficient
Litchfield/Mcdowell Banking Branch,0.998897,Inefficient
American Fork Banking Center Branch,0.998895,Inefficient
Claremont Branch,0.998895,Inefficient
Fallbrook Branch,0.998895,Inefficient
Far Hills Avenue Branch,0.998895,Inefficient
El Cerrito Branch,0.998894,Inefficient
East Glendora Branch,0.998893,Inefficient
Avenue H Branch,0.998891,Inefficient
Pleasantville Branch,0.998889,Inefficient
Kingwood Towne Center Branch,0.998885,Inefficient
Schiller Park Branch,0.998885,Inefficient
12335 Venice Blvd Branch,0.998884,Inefficient
Larchmont Village Branch,0.998883,Inefficient
Wakefield Branch,0.998882,Inefficient
Mineola Branch,0.998881,Inefficient
Oradell Branch,0.998881,Inefficient
Stadium Branch,0.998881,Inefficient
Coit and Park Branch,0.998879,Inefficient
Garfield-19 Mile Branch,0.998879,Inefficient
Rancho Penasquitos Branch,0.998876,Inefficient
Mountain Blvd Branch,0.998875,Inefficient
Glen Oaks Branch,0.998874,Inefficient
Monroe Branch,0.998874,Inefficient
Ramona Branch,0.998872,Inefficient
Kings Crossing Branch,0.998871,Inefficient
Woodlands Branch,0.998871,Inefficient
Mcbean Parkway Branch,0.99887,Inefficient
Westerville South Branch,0.998869,Inefficient
Cross River Branch,0.998867,Inefficient
Pacific Beach Branch,0.998866,Inefficient
Hulen Mall Branch,0.998865,Inefficient
Orchard Lake-Pontiac Trail Branch,0.998864,Inefficient
Cumberland and Lawrence Banking Center Branch,0.998862,Inefficient
Carefree Branch,0.998861,Inefficient
Washington Heights Branch,0.99886,Inefficient
Loveland Branch,0.998859,Inefficient
Darien Branch,0.998858,Inefficient
Oak Grove Branch,0.998858,Inefficient
Osage Branch,0.998858,Inefficient
Rural and Baseline Branch,0.998855,Inefficient
Auburn Hills Branch,0.998853,Inefficient
San Clemente North Branch,0.998851,Inefficient
Kenner Branch,0.99885,Inefficient
Grant Avenue Branch,0.998848,Inefficient
Redmond Branch,0.998848,Inefficient
Belden Dressler Branch,0.998847,Inefficient
Cypress Station Branch,0.998847,Inefficient
Holliswood Branch,0.998847,Inefficient
Polk Branch,0.998847,Inefficient
Bixby Knolls Branch,0.998846,Inefficient
Westchase Branch,0.998845,Inefficient
Imperial Beach Branch,0.998844,Inefficient
Orangeburg Branch,0.998844,Inefficient
Dublin Branch,0.998843,Inefficient
Wyckoff Branch,0.998843,Inefficient
Williston Park Banking Center Branch,0.998841,Inefficient
Brighton East Branch,0.99884,Inefficient
Laguna Niguel Office Branch,0.998839,Inefficient
Peekskill Branch,0.998838,Inefficient
Highland Village Branch,0.998837,Inefficient
Grand and Franklin Bkg. Ctr. Branch,0.998836,Inefficient
Bensonhurst Branch,0.998834,Inefficient
Broadway Morris Exchange Branch,0.998834,Inefficient
Worthington Square Branch,0.998834,Inefficient
Washington Centerville Branch,0.998833,Inefficient
Henderson Road Branch,0.998832,Inefficient
Thornwood Branch,0.99883,Inefficient
New York North Branch,0.998829,Inefficient
Woodside Rd Branch,0.998829,Inefficient
Casa Grande Branch,0.998828,Inefficient
Hawthorne Main Branch,0.998827,Inefficient
West Anderson Branch,0.998824,Inefficient
Greenbrae Branch,0.998823,Inefficient
Lake Havasu Branch,0.998822,Inefficient
College Road West Monsey Banking Center Branch,0.998821,Inefficient
Westminster/Beach Branch,0.998821,Inefficient
West Eight Mile-Haggerty Branch,0.99882,Inefficient
Emerald Hills Branch,0.998818,Inefficient
Lake Zurich-Rand Branch,0.998817,Inefficient
Barclay Circle Branch,0.998816,Inefficient
East Farmingdale Branch,0.998816,Inefficient
Bellevue Way Branch,0.998814,Inefficient
Mount Freedom Sussex Branch,0.998813,Inefficient
Factoria Branch,0.998812,Inefficient
Towne Center Branch,0.998811,Inefficient
Twelve Mile-Farmington Road Branch,0.998811,Inefficient
Rockaway Park Branch,0.998806,Inefficient
Sepulveda Manhattan Beach Branch,0.998806,Inefficient
Carle Place Branch,0.998804,Inefficient
Morgan Hill Branch,0.998804,Inefficient
Panorama City Branch,0.998804,Inefficient
Nora Branch,0.998803,Inefficient
Coit/Beltline Branch,0.998801,Inefficient
Ford Road-Outer Drive Branch,0.998801,Inefficient
Elgin Randall Rd Branch,0.9988,Inefficient
North Evanston Facility Branch,0.9988,Inefficient
Grand Parkway Branch,0.998799,Inefficient
Great Neck Branch,0.998799,Inefficient
Irving Branch,0.998799,Inefficient
Atlanta - Buckhead Branch,0.998798,Inefficient
Azusa Branch,0.998798,Inefficient
Kings Plaza Branch,0.998798,Inefficient
West Caldwell Branch,0.998798,Inefficient
Beltline and Montfort Branch,0.998796,Inefficient
Lake Hiawatha Branch,0.998796,Inefficient
New Haven Church Street Branch,0.998796,Inefficient
Cross County Branch,0.998793,Inefficient
Palm Desert Branch,0.998792,Inefficient
Tatum and Bell Branch,0.998791,Inefficient
Sierra Vista-Buena Branch,0.998789,Inefficient
Mission Valley Branch,0.998785,Inefficient
Westwood Branch,0.998784,Inefficient
Camarillo Branch,0.998782,Inefficient
Kingsdale Branch,0.998782,Inefficient
Marlboro Branch,0.998782,Inefficient
Mesa Main Branch,0.998782,Inefficient
South Salt Lake Branch,0.998781,Inefficient
Severn Branch,0.99878,Inefficient
Yellowstone Branch,0.998779,Inefficient
Fountain Hills Branch,0.998778,Inefficient
Lakewood Branch,0.998778,Inefficient
Allen Center Branch,0.998777,Inefficient
Carnegie Hall Banking Center Branch,0.998776,Inefficient
Elmwood Branch,0.998776,Inefficient
Walnut Hill and Macarthur Branch,0.998774,Inefficient
Weston Road Branch,0.998774,Inefficient
Lake Forest Branch,0.998773,Inefficient
Burlingame Chapin Branch,0.998772,Inefficient
North Torrance Branch,0.998771,Inefficient
Spring Branch Banking Branch,0.998771,Inefficient
Del Mar Branch,0.998769,Inefficient
Oak Lawn Branch,0.998769,Inefficient
Flatbush Branch,0.998767,Inefficient
Legacy and Coit Branch,0.998766,Inefficient
Westminster Branch,0.998766,Inefficient
Fairfax Branch,0.998765,Inefficient
Tanque Verde & Sabino Canyon Branch,0.998765,Inefficient
West Magnolia Blvd Branch,0.998765,Inefficient
Westchester Square Branch,0.998765,Inefficient
Junction Boulevard Branch,0.998763,Inefficient
Sunnyside Branch,0.998763,Inefficient
Brea Branch,0.99876,Inefficient
Port Authority Banking Center Branch,0.99876,Inefficient
Sauk Creek Branch,0.99876,Inefficient
Mamaroneck Branch,0.998759,Inefficient
Montrose Branch,0.998756,Inefficient
Metrotech Branch,0.998755,Inefficient
North Freeway Branch,0.998755,Inefficient
Washington Square Lansing Branch,0.998755,Inefficient
Ditmars Branch,0.998754,Inefficient
Seaford Branch,0.998752,Inefficient
Birmingham Branch,0.998751,Inefficient
Clear Lake City Boulevard Branch,0.998751,Inefficient
Third Avenue and 65th Street Branch,0.998751,Inefficient
Pico-Doheny Branch,0.99875,Inefficient
Sacramento 21st Street Branch,0.99875,Inefficient
Chorro Branch,0.998749,Inefficient
Bayside South Branch,0.998748,Inefficient
Hillcrest Branch,0.998748,Inefficient
North White Plains Branch,0.998748,Inefficient
Upper Montclair Branch,0.998748,Inefficient
Metuchen Branch,0.998747,Inefficient
Michigan & Randolph Baning Center Branch,0.998747,Inefficient
Fleetwood Branch,0.998746,Inefficient
Clairemont Branch,0.99874,Inefficient
San Rafael Branch,0.99874,Inefficient
Del Amo Branch,0.998739,Inefficient
Gilbert-Mckellips Branch,0.998739,Inefficient
Houma Main Branch,0.998738,Inefficient
Northwestern - Twelve Mile Branch,0.998738,Inefficient
Alicia Parkway Branch,0.998737,Inefficient
Brighton Grand River Branch,0.998737,Inefficient
Park Labrea Branch,0.998737,Inefficient
LA Jolla Village Center Branch,0.998734,Inefficient
South Pacific Ave and 10th Branch,0.998734,Inefficient
Dempster Branch,0.998733,Inefficient
Valley Stream Branch,0.998732,Inefficient
Ahwatukee Branch,0.998731,Inefficient
Southwest Tower Branch,0.998731,Inefficient
Dunham Branch,0.99873,Inefficient
Lindenhurst Branch,0.998726,Inefficient
Doral Isles Branch,0.998725,Inefficient
West Hillcrest Drive Branch,0.998722,Inefficient
State St and Hope Ave Branch,0.99872,Inefficient
Centerville Garland Branch,0.998719,Inefficient
Swan-Sunrise Drive Branch,0.998717,Inefficient
W University and Hinkle Branch,0.998714,Inefficient
Airline Branch,0.998708,Inefficient
Bear Creek Branch,0.998707,Inefficient
Scarsdale Central Park Branch,0.998707,Inefficient
Maxtown Branch,0.998705,Inefficient
Princeton Branch,0.998705,Inefficient
Mira Mesa Branch,0.998701,Inefficient
Briarwood Branch,0.9987,Inefficient
Bloomington Il Main Branch,0.998698,Inefficient
Walton-Livernois Branch,0.998698,Inefficient
Montebello Branch,0.998695,Inefficient
Del Oro Branch,0.998693,Inefficient
Santa Cruz Branch,0.998692,Inefficient
Bonita Branch,0.998689,Inefficient
Gulfgate Branch,0.998688,Inefficient
International Mall Branch,0.998687,Inefficient
Second Ave and 10th St Branch,0.998686,Inefficient
Kings Highway Branch,0.998684,Inefficient
Grandview Branch,0.998683,Inefficient
Littleton Branch,0.998683,Inefficient
Ridgewood Branch,0.998683,Inefficient
Lincoln Blvd Branch,0.998681,Inefficient
Elk Grove Village-Higgins Rd Branch,0.998677,Inefficient
Walsh Tarlton Branch,0.998677,Inefficient
Gurnee Branch,0.998672,Inefficient
LA Jolla Downtown Branch,0.998671,Inefficient
Lemont Branch,0.998671,Inefficient
Pasadena East Southmore Branch,0.99867,Inefficient
Fulton and Bond St Branch,0.998669,Inefficient
Millwood Branch,0.998669,Inefficient
Rancho San Diego East Branch,0.998669,Inefficient
Seal Beach Branch,0.998669,Inefficient
Cyfair Branch,0.998668,Inefficient
Park Avenue and 32nd Street Branch,0.998667,Inefficient
Bronxville Branch,0.998666,Inefficient
Traverse City Main Branch,0.998666,Inefficient
Pico and Roxbury Branch,0.998664,Inefficient
Upland Branch,0.998664,Inefficient
Eastchester Branch,0.998663,Inefficient
Redlands Branch,0.998663,Inefficient
Lake Success Branch,0.998662,Inefficient
Lakewood Branch,0.998662,Inefficient
West New Brighton Branch,0.99866,Inefficient
Delray Square Branch,0.998657,Inefficient
Aliso Branch,0.998655,Inefficient
Bay Area Boulevard Branch,0.998654,Inefficient
West Galleria Branch,0.998653,Inefficient
California Street Branch,0.998651,Inefficient
Morris Plains Branch,0.998651,Inefficient
Downtown Fredericksburg Branch,0.998649,Inefficient
Fifth Avenue and 21st Street Branch,0.998647,Inefficient
Parsippany Road Branch,0.998647,Inefficient
University City Branch,0.998642,Inefficient
Flower Mound Branch,0.998641,Inefficient
Pelham Parkway Branch,0.998637,Inefficient
Harrison Avenue Branch,0.998631,Inefficient
Walnut Ave Branch,0.998631,Inefficient
Boynton Military Branch,0.998626,Inefficient
Fifth Avenue and 27th Street Branch,0.998626,Inefficient
Mount Kisco Satellite Express Branch,0.998626,Inefficient
Scottsdale Branch,0.998626,Inefficient
Woodward-Salem Branch,0.998626,Inefficient
Carmel Branch,0.998625,Inefficient
Roosevelt and 75th St Branch,0.998625,Inefficient
Flushing Main St Branch,0.998624,Inefficient
Walt Whitman Branch,0.998622,Inefficient
Coral Gables Branch,0.998621,Inefficient
Table Mesa Branch,0.998621,Inefficient
Solano Branch,0.99862,Inefficient
Forest Avenue Livermore Branch,0.998616,Inefficient
Ralph Ave and Ave N Branch,0.998616,Inefficient
Yuma Branch,0.998616,Inefficient
Elmhurst York Branch,0.998613,Inefficient
West Babylon Branch,0.998613,Inefficient
Bellmore Branch,0.998612,Inefficient
New Dorp Branch,0.998612,Inefficient
Palisades Park Branch,0.998612,Inefficient
Sunnyside North Branch,0.998612,Inefficient
New Territory Banking Center Branch,0.99861,Inefficient
West Park and Preston Branch,0.99861,Inefficient
Pacific Palasades Branch,0.998608,Inefficient
Heathcote Branch,0.998607,Inefficient
Marina Del Rey Branch,0.998606,Inefficient
North Santa Cruz Branch,0.998606,Inefficient
Superstition Spring Branch,0.998606,Inefficient
Friendswood Branch,0.998605,Inefficient
Uptown Park Branch,0.998605,Inefficient
Selden Branch,0.998603,Inefficient
Mckellips and 56th Street Branch,0.9986,Inefficient
Eastland Third Street Branch,0.998599,Inefficient
Orem Banking Branch,0.998596,Inefficient
Lincolnwood Banking Center Branch,0.998595,Inefficient
Tysens Lane Branch,0.998594,Inefficient
South Huntington Branch,0.998593,Inefficient
Chatsworth Street Branch,0.998591,Inefficient
Kew Gardens Branch,0.998591,Inefficient
Avery Road Branch,0.99859,Inefficient
Upper Broadway Branch,0.99859,Inefficient
Panther Creek Branch,0.998588,Inefficient
Coral Way and 27th Branch,0.998585,Inefficient
Edinger Branch,0.998583,Inefficient
Houston Tower Branch,0.998583,Inefficient
Morris Park Branch,0.998583,Inefficient
North Richardson Branch,0.998582,Inefficient
Northfield Branch,0.998582,Inefficient
Coney Island Avenue Branch,0.99858,Inefficient
6 Mile/Newburgh Branch,0.998579,Inefficient
Huntington Main Branch,0.998578,Inefficient
Torrance Branch,0.998578,Inefficient
Queens Blvd and 64th Ave Branch,0.998577,Inefficient
San Ramon Branch,0.998576,Inefficient
Pinecrest Branch,0.998574,Inefficient
North Figueroa St Branch,0.998572,Inefficient
Bar Harbour Branch,0.998571,Inefficient
Astoria Broadway and 21st St Branch,0.998568,Inefficient
Universal Branch,0.998567,Inefficient
Summit Square Branch,0.998566,Inefficient
Sycamore Branch,0.998565,Inefficient
Randall Branch,0.998564,Inefficient
Santa Cruz Ave Branch,0.998562,Inefficient
Springbrook Branch,0.998562,Inefficient
Arapahoe Branch,0.99856,Inefficient
Hollywood Branch,0.99856,Inefficient
Temple City Camellia Branch,0.998559,Inefficient
Midland Avenue Branch,0.998552,Inefficient
Westminster Mall Branch,0.99855,Inefficient
First Colony Branch,0.998548,Inefficient
Northbrook Dundee Branch,0.998545,Inefficient
Stony Brook Branch,0.998544,Inefficient
Agoura Hills Office Branch,0.998542,Inefficient
East Hampton Branch,0.998542,Inefficient
Davis Branch,0.998541,Inefficient
LA Habra Branch,0.998537,Inefficient
Mount Sinai Branch,0.998536,Inefficient
Cactus-Tatum Branch,0.998532,Inefficient
Dana Point Branch,0.99853,Inefficient
Plantation Branch,0.99853,Inefficient
Hoffman Estates Branch,0.998528,Inefficient
Carnegie Hill Branch,0.998526,Inefficient
Garland Broadway Branch,0.998526,Inefficient
Gedney Branch,0.998524,Inefficient
37th & Seventh Branch,0.998519,Inefficient
Bellaire Banking Center Branch,0.998516,Inefficient
Seacliff Branch,0.998516,Inefficient
Jackson Heights Branch,0.998514,Inefficient
Conroe Branch,0.998508,Inefficient
Millburn Banking Center Branch,0.998508,Inefficient
Lawrence Rockaway Branch,0.998504,Inefficient
Boston Post Rd and Weaver Branch,0.998499,Inefficient
Glenview/River Drive Branch,0.998498,Inefficient
Westwood Branch,0.998498,Inefficient
Coronado Branch,0.998496,Inefficient
Eighty Sixth St and 19th Branch,0.998495,Inefficient
Nanuet Driveup Branch,0.998495,Inefficient
Tyler Branch,0.998495,Inefficient
Riviera Branch,0.998494,Inefficient
Topanga Canyon Branch,0.99849,Inefficient
Palatine Branch,0.998488,Inefficient
Main Washington Branch,0.998486,Inefficient
Commack Vanderbilt Pkwy Branch,0.998484,Inefficient
San Carlos Branch,0.998483,Inefficient
Wayne Valley Road Branch,0.998483,Inefficient
Northcross Branch,0.998482,Inefficient
Ridgewood Branch,0.99848,Inefficient
Veterans Branch,0.99848,Inefficient
San Marcelo Branch,0.998479,Inefficient
LA Canada/Funtridge Branch,0.998477,Inefficient
Long Beach Plaza Branch,0.998477,Inefficient
San Carlos Branch,0.998477,Inefficient
Bloomington In Main Branch,0.998476,Inefficient
Farmington Branch,0.998476,Inefficient
Laguna Hills Branch,0.998474,Inefficient
Mt. Prospect Countryside Branch,0.998473,Inefficient
Walton-Adams Branch,0.998473,Inefficient
Arden Heights Branch,0.998472,Inefficient
Bedford Village Branch,0.99847,Inefficient
Delancey Street Branch,0.998469,Inefficient
Ny Presbyterian Branch,0.998466,Inefficient
Mapleton Branch,0.998465,Inefficient
Westwood Village Branch,0.998465,Inefficient
Van Dyke-Twelve Mile Branch,0.998464,Inefficient
Main Street Salinas Branch,0.998463,Inefficient
Arboretum Branch,0.998462,Inefficient
Lake Zurich Plaza Branch,0.998461,Inefficient
Danville Branch,0.998453,Inefficient
Overlake Park Branch,0.998452,Inefficient
Wilton Center Branch,0.99845,Inefficient
79th/Cicero Branch,0.998448,Inefficient
State Street Branch,0.998447,Inefficient
Deer Park Grand Blvd Branch,0.998439,Inefficient
Hollywood West Branch,0.998439,Inefficient
Lincoln Branch,0.998439,Inefficient
Broadway-Flushing Branch,0.998438,Inefficient
Katella Branch,0.998437,Inefficient
Wilshire Center Branch,0.998433,Inefficient
Havenhurst Branch,0.998432,Inefficient
Pelham Branch,0.998432,Inefficient
Rye Ridge Branch,0.998432,Inefficient
Kenosha Main Branch,0.998431,Inefficient
Lewisville Civic Branch,0.998427,Inefficient
Hunters Point Branch,0.998423,Inefficient
Charleston Main Branch,0.99842,Inefficient
Anaheim Hills Branch,0.998419,Inefficient
Greenway Branch,0.998419,Inefficient
Parker and Tollway Branch,0.998419,Inefficient
South Coast Branch,0.998418,Inefficient
Hoboken Branch,0.998416,Inefficient
London Terrace Branch,0.998416,Inefficient
Corte Madera Branch,0.99841,Inefficient
West Little York Branch,0.99841,Inefficient
West Hills Branch,0.998404,Inefficient
Downey Firestone Branch,0.998403,Inefficient
Casa Linda Branch,0.998398,Inefficient
Livermore Branch,0.998398,Inefficient
Jefferson Street Branch,0.998397,Inefficient
Lima Main Branch,0.998392,Inefficient
San Felipe Branch,0.99839,Inefficient
Park Forest Branch,0.998389,Inefficient
Montclair Branch,0.998387,Inefficient
Belmont Shore Branch,0.998385,Inefficient
Grand Army Plaza Branch,0.99838,Inefficient
Sun City West Branch,0.998377,Inefficient
Brookhurst and Chapman Branch,0.998375,Inefficient
Westport Main Street Branch,0.998372,Inefficient
Melville Branch,0.998368,Inefficient
Polaris Branch,0.998366,Inefficient
Huntington Harbour Branch,0.998364,Inefficient
Pinnacle Peak Branch,0.998364,Inefficient
Halston and Harrison Branch,0.998363,Inefficient
Downtown Arlington Branch,0.998362,Inefficient
Commackvets Hwy Branch,0.998361,Inefficient
University High Street Branch,0.998361,Inefficient
Novi Branch,0.998352,Inefficient
Willow Glen Branch,0.99835,Inefficient
East Hills Branch,0.998349,Inefficient
Highway 22 Branch,0.998349,Inefficient
Chelsea Branch,0.998346,Inefficient
Geary and 21st Ave Branch,0.998343,Inefficient
Hillside Branch,0.998341,Inefficient
Chandler and 40th Street Branch,0.99834,Inefficient
Vanderbilt Beach and US 41n Branch,0.998339,Inefficient
Glendale and 7th Street Branch,0.998338,Inefficient
Islip Branch,0.998333,Inefficient
Manhasset Branch,0.99833,Inefficient
Richmond Hill South Branch,0.998328,Inefficient
Chauncey Village Branch,0.998325,Inefficient
Larchmont Branch,0.998325,Inefficient
Beverly Hills - LA Cienega Branch,0.998322,Inefficient
Riverside Branch,0.99832,Inefficient
Summit Branch,0.998318,Inefficient
Woodbury Rd and W Gate Branch,0.998306,Inefficient
Cerritos Branch,0.998303,Inefficient
Sauganash Branch,0.998303,Inefficient
Shea Boulevard and 90th St Branch,0.998299,Inefficient
Throggs Neck Branch,0.998297,Inefficient
Summit Mall Branch,0.998295,Inefficient
Biscayne Boulevard Branch,0.998293,Inefficient
Temple City Branch,0.998293,Inefficient
Rogers Park Branch,0.998292,Inefficient
Champions Branch,0.998287,Inefficient
Rockridge Branch,0.998287,Inefficient
Camelback and 44th Street Branch,0.998284,Inefficient
Colleyville Branch,0.998277,Inefficient
Fairfield Center Branch,0.998274,Inefficient
Millbrae Branch,0.998272,Inefficient
Astoria 30th Avenue Branch,0.99827,Inefficient
Rancho Park Branch,0.998269,Inefficient
St. Charles/Randall Facility Branch,0.998265,Inefficient
Diamond Bar Branch,0.998252,Inefficient
Canal St and Baxter Branch,0.998251,Inefficient
Woodloch Forest Branch,0.998251,Inefficient
East Thousand Oaks Blvd Branch,0.99825,Inefficient
LA Grange Branch,0.998243,Inefficient
Hudson Street Branch,0.998241,Inefficient
Little Neck Branch,0.99824,Inefficient
Santa Clara Valley Fair Branch,0.998239,Inefficient
Castro Valley Branch,0.998236,Inefficient
Encinitas Branch,0.998235,Inefficient
Odessa Branch,0.998233,Inefficient
Bay Ridge Third Avenue Branch,0.998229,Inefficient
Great Neck Northern Boulevard Branch,0.998229,Inefficient
Niles Branch,0.998229,Inefficient
Bay Terrace Branch,0.998224,Inefficient
Smithtown Branch,0.998224,Inefficient
Uptown Branch,0.998222,Inefficient
Hauppauge Branch,0.998217,Inefficient
Ninth Street Branch,0.998215,Inefficient
Short Hills Branch,0.998215,Inefficient
Grand Street Branch,0.998214,Inefficient
Glen Ellyn Banking Center Branch,0.998213,Inefficient
Flatbush Branch,0.998209,Inefficient
Glendale Ave Branch,0.998209,Inefficient
Cedarhurst Banking Center Branch,0.998208,Inefficient
Kingwood Branch,0.998207,Inefficient
Jefferson Valley Mall Branch,0.998206,Inefficient
Memorial Villages Branch,0.998204,Inefficient
West University Branch,0.998194,Inefficient
Chinatown Grant Branch,0.998192,Inefficient
North San Fernando Blvd Branch,0.998191,Inefficient
Rolling Hills Estates Branch,0.99819,Inefficient
Hamilton Avenue Branch,0.998187,Inefficient
Quaker Ridge Branch,0.998185,Inefficient
Ford Road-Canton Center Branch,0.998184,Inefficient
San Bruno Branch,0.998172,Inefficient
Champaign Main Branch,0.998168,Inefficient
Newport Center Branch,0.998167,Inefficient
LA Mirada Branch,0.998165,Inefficient
Third and University Center,0.998164,Inefficient
Wantagh Branch,0.998154,Inefficient
Gracie Square Branch,0.998151,Inefficient
Shattuck Branch,0.998151,Inefficient
Plymouth Green Branch,0.998144,Inefficient
Syosset Branch,0.998144,Inefficient
Oceanside Branch,0.998141,Inefficient
Plainview Branch,0.99814,Inefficient
Stuyvesant Town Branch,0.998132,Inefficient
Brentwood 26th St Branch,0.998131,Inefficient
Southlake Branch,0.998128,Inefficient
Fountain Valley Branch,0.998125,Inefficient
N. Territorial Sheldon Branch,0.998125,Inefficient
Sugar Land Branch,0.998125,Inefficient
Yorba Linda Branch,0.998124,Inefficient
North Massapequa Branch,0.998121,Inefficient
Westfield Branch,0.998119,Inefficient
Market and Kearny Branch,0.998117,Inefficient
Orchard Lake-Maple Road Branch,0.998117,Inefficient
Alameda South Shore Branch,0.998115,Inefficient
Green Acres West Branch,0.998114,Inefficient
E 14th Street San Leandro Branch,0.998113,Inefficient
Bay Parkway and 85th St Branch,0.998109,Inefficient
El Camino Real and Los Padres Branch,0.998107,Inefficient
Woodside Branch,0.998104,Inefficient
Bayside Bell Branch,0.998102,Inefficient
Mcdonald Avenue Branch,0.998098,Inefficient
Fremont Branch,0.998078,Inefficient
Downers Grove Ogden Branch,0.998076,Inefficient
Golf Road Branch,0.998075,Inefficient
Lexington Avenue & 72nd Street Branch,0.998067,Inefficient
Culver City Branch,0.998065,Inefficient
San Gabriel Branch,0.998062,Inefficient
San Marino Branch,0.998052,Inefficient
Mineola Court House Branch,0.998049,Inefficient
Second Avenue & 86th Street Branch,0.998044,Inefficient
West Maple & Cranbrook Branch,0.998044,Inefficient
Hicksville Branch,0.998037,Inefficient
Chatham Square Branch,0.998035,Inefficient
LA Salle St North Branch,0.998031,Inefficient
Biscayne Branch,0.998029,Inefficient
South Pasadena Branch,0.998025,Inefficient
Seventh Ave. and 53rd Street Bkg. Ctr. Branch,0.998012,Inefficient
Parkway Branch,0.998011,Inefficient
West Portal Branch,0.998007,Inefficient
West Covina Branch,0.998004,Inefficient
Babylon Branch,0.998002,Inefficient
Sunset Park Banking Center Branch,0.997999,Inefficient
Los Feliz Branch,0.997994,Inefficient
Los Altos Branch,0.997993,Inefficient
Fresh Meadows Branch,0.997991,Inefficient
Downtown Dallas Branch,0.997986,Inefficient
South Preston Royal Branch,0.997975,Inefficient
Wall Street and Williams Branch,0.997974,Inefficient
Appleton Main Branch,0.997973,Inefficient
Cme Branch,0.997973,Inefficient
Sheepshead Bay Branch,0.997973,Inefficient
Richardson Branch,0.997968,Inefficient
University Hills Branch,0.997967,Inefficient
South Street Branch,0.997965,Inefficient
Brighton Beach Branch,0.997964,Inefficient
Stamford Prospect Street Branch,0.997963,Inefficient
Steinway and Broadway Branch,0.99796,Inefficient
Hinsdale/Ogden Branch,0.99795,Inefficient
Berryessa Branch,0.997948,Inefficient
Mulford Branch,0.997944,Inefficient
Main and Newell Branch,0.997936,Inefficient
Irving and 24th Branch,0.99793,Inefficient
Lexington Main Branch,0.997929,Inefficient
Arcadia Branch,0.997928,Inefficient
Arlington Rand Branch,0.997921,Inefficient
Dayton Main Branch,0.997915,Inefficient
Broadway Hewlett Branch,0.997914,Inefficient
Hilton Village Branch,0.997907,Inefficient
Fort Lee Branch,0.997897,Inefficient
Encino Main Branch,0.997893,Inefficient
Wacker Drive Branch,0.997893,Inefficient
San Mateo Branch,0.997883,Inefficient
Barclay St Branch,0.99788,Inefficient
Madison Ave and 38th St Branch,0.99788,Inefficient
Park Avenue & 57th Street Bkg. Ctr. Branch,0.99788,Inefficient
Broadway Lispenard Branch,0.997879,Inefficient
Greenwich Deerfield Branch,0.997879,Inefficient
Grand Branch,0.997878,Inefficient
Somerset Branch,0.997878,Inefficient
Sixth Avenue and 43rd Street Branch,0.997859,Inefficient
Greenwich Financial Center Branch,0.997858,Inefficient
Buena Park Branch,0.997847,Inefficient
Dr Phillips Blvd Branch,0.997847,Inefficient
Campus Branch,0.997846,Inefficient
Bernardo Center Branch,0.997842,Inefficient
Mill Basin Branch,0.997837,Inefficient
Thirteenth Ave and 48th St Branch,0.997837,Inefficient
Brand Blvd Branch,0.997835,Inefficient
Saratoga Ave Branch,0.997832,Inefficient
Whittier Branch,0.99783,Inefficient
Tanglewood Branch,0.997825,Inefficient
Abingdon Square Branch,0.99782,Inefficient
Chrysler Building Branch,0.997819,Inefficient
Carol Stream Branch,0.997813,Inefficient
Murray Hill Branch,0.997812,Inefficient
Tarzana Branch,0.997805,Inefficient
West Long Lake + Telegraph Branch,0.997805,Inefficient
Grand Rapids Plaza Branch,0.99779,Inefficient
Stafford Branch,0.99779,Inefficient
San Antonio Downtown Branch,0.997789,Inefficient
Northridge Plaza Branch,0.997758,Inefficient
Bloomingdales Branch,0.997752,Inefficient
Lakeside Plaza Branch,0.997749,Inefficient
Katy Freeway Branch,0.997744,Inefficient
Uptown Colorado Springs Branch,0.997744,Inefficient
Almaden Branch,0.997732,Inefficient
Seventh Street Branch,0.99773,Inefficient
East Meadow Branch,0.997728,Inefficient
Eldridge Parkway Branch,0.997725,Inefficient
Broadway Center Branch,0.99772,Inefficient
Lincoln Park Branch,0.997719,Inefficient
Middlefield Road Branch,0.997703,Inefficient
Richmond/Sage Branch,0.997697,Inefficient
Northeast 8th and 106th Branch,0.997693,Inefficient
Gateway Plaza Branch,0.997687,Inefficient
Torrance Del Amo Branch,0.997681,Inefficient
Greenpoint Branch,0.997679,Inefficient
Monterey Park Branch,0.997676,Inefficient
Near North Branch,0.997676,Inefficient
New City New Hempstead Branch,0.997671,Inefficient
Ventura Blvd and Colbath Branch,0.997663,Inefficient
Barranca Parkway Branch,0.997651,Inefficient
Boca Raton Downtown Branch,0.99765,Inefficient
Whitestone Branch,0.997641,Inefficient
Oak Brook Branch,0.997638,Inefficient
Kew Gardens Hills Branch,0.997629,Inefficient
Tustin Branch,0.997628,Inefficient
West 86th Street Branch,0.997619,Inefficient
Stratford Branch,0.997615,Inefficient
Boston and 4th Branch,0.997613,Inefficient
Southampton Driveup Branch,0.997604,Inefficient
Vernon Hills Scarsdale Branch,0.997577,Inefficient
New Canaan Branch,0.997573,Inefficient
Kirby Motor Bank Branch,0.997572,Inefficient
Alton Road Branch,0.997569,Inefficient
Nogales-Mariposa Branch,0.997561,Inefficient
Fox Valley Branch,0.997559,Inefficient
Stevens Creek Branch,0.997554,Inefficient
Riverdale Branch,0.99754,Inefficient
Noho Branch,0.997536,Inefficient
Arizona Ave and 4th Street Branch,0.997526,Inefficient
Greenvale Branch,0.997522,Inefficient
Springfield Main Branch,0.997498,Inefficient
Sunny Isles Beach Branch,0.997492,Inefficient
Arlington Main Branch,0.99749,Inefficient
Wheaton Main Branch,0.997484,Inefficient
Havemeyer and Broadway Branch,0.997483,Inefficient
Madison & 79th Street Branch,0.99748,Inefficient
West 14th Street Branch,0.997462,Inefficient
Tuscon Downtown Branch,0.997459,Inefficient
Sixth Avenue and 23rd St Branch,0.997455,Inefficient
Libertyville-Milwaukee Branch,0.997421,Inefficient
Second Avenue and 62nd St Branch,0.997408,Inefficient
Scarsdale Branch,0.997403,Inefficient
Madison Waverly Branch,0.997402,Inefficient
Memorial Drive Houston Branch,0.997387,Inefficient
Arlington Heights Dunton Branch,0.997385,Inefficient
De Anza Blvd Branch,0.997382,Inefficient
Pasadena Main Branch,0.997366,Inefficient
Biltmore Branch,0.997354,Inefficient
Park Avenue and 52nd St Branch,0.99732,Inefficient
Munsey Park Branch,0.997311,Inefficient
Park Slope Branch,0.99729,Inefficient
Columbus Avenue & 72nd Street Branch,0.997273,Inefficient
Reagan Motor Bank Branch,0.997256,Inefficient
Milwaukee Street Branch,0.997222,Inefficient
West Lakeview Branch,0.997205,Inefficient
Orland Park Lagrange Branch,0.9972,Inefficient
Hancock Center Branch,0.997182,Inefficient
Fashion Park Branch,0.997167,Inefficient
East End Branch,0.997157,Inefficient
Wilshire Branch,0.997155,Inefficient
Medical Branch,0.997148,Inefficient
Mcallen Neuhaus Tower Branch,0.99714,Inefficient
Willowbrook Facility Branch,0.997131,Inefficient
White Plains Branch,0.997126,Inefficient
Third Avenue and 79th Street Branch,0.997117,Inefficient
Woodridge Branch,0.997113,Inefficient
Sheridan Square Branch,0.997112,Inefficient
Beverly Hills Branch,0.997093,Inefficient
Bay Ridge Branch,0.997072,Inefficient
Park Avenue and 48th St Branch,0.99704,Inefficient
El Paso - Downtown Branch,0.997025,Inefficient
Studio City Branch,0.997013,Inefficient
Broadway and 96th Street Branch,0.996988,Inefficient
Pfingsten Branch,0.996987,Inefficient
Oaklawn & Wycliff Banking Center Branch,0.996968,Inefficient
551 Newport Center Drive Branch,0.996965,Inefficient
Avenue U and East 17th St Branch,0.99695,Inefficient
Madison Avenue & 86th Street Branch,0.996933,Inefficient
Fit Seventh Avenue Branch,0.996879,Inefficient
749 El Camino Real Branch,0.996878,Inefficient
Oak Park Branch,0.996837,Inefficient
Deerfield Branch,0.996812,Inefficient
Elkhart Main Branch,0.996801,Inefficient
University Place Branch,0.99679,Inefficient
Highland Park Branch,0.99678,Inefficient
Schaumburg-Meacham Branch,0.996775,Inefficient
Woodbury Branch,0.996762,Inefficient
Paseo Padre Branch,0.996756,Inefficient
Rockville Centre Branch,0.996737,Inefficient
Sutton Place Branch,0.996735,Inefficient
Akron Square Branch,0.996734,Inefficient
Midwood Branch,0.996725,Inefficient
Reynoldsburg Branch,0.996707,Inefficient
Forest Hills 71st Ave Branch,0.996696,Inefficient
Naperville Branch,0.996688,Inefficient
Ravenswood Branch,0.996665,Inefficient
Third Avenue and 56th Street Branch,0.996643,Inefficient
Times Square Branch,0.996617,Inefficient
Astor Place Banking Center Branch,0.996613,Inefficient
Yorkville Branch,0.9966,Inefficient
First Avenue & 72nd Street Branch,0.996594,Inefficient
Orrington Branch,0.996589,Inefficient
Bellaire At Beltway Branch,0.996557,Inefficient
Wilmette Main Branch,0.99655,Inefficient
Shreveport Main Branch,0.996504,Inefficient
Preston Branch,0.996464,Inefficient
Hacienda Heights Branch,0.996413,Inefficient
Rye Branch,0.996407,Inefficient
Mathilda Branch,0.996362,Inefficient
First Ave and 44th St Branch,0.996358,Inefficient
City Hall Banking Center Branch,0.996307,Inefficient
Broadway and 79th Street Branch,0.99629,Inefficient
Wheaton South Facility Branch,0.996244,Inefficient
Boulder Downtown Banking Branch,0.996234,Inefficient
Tower Branch,0.996232,Inefficient
Port Washington Branch,0.99623,Inefficient
East Lakeview Branch,0.996212,Inefficient
Soho Branch,0.996093,Inefficient
73rd Street & Broadway Branch,0.996034,Inefficient
Mt. Prospect - Busse Branch,0.995988,Inefficient
Lakeside Branch,0.995969,Inefficient
Alhambra Valley Blvd Branch,0.995932,Inefficient
Third Avenue & 51st Street Branch,0.995914,Inefficient
Columbia University Branch,0.995903,Inefficient
Broadway and 61st Branch,0.995895,Inefficient
Madison Square Garden Branch,0.995873,Inefficient
Brooklyn Trust Branch,0.995831,Inefficient
Great Neck Plaza Branch,0.995631,Inefficient
Kercheval-St. Clair Branch,0.9956,Inefficient
Avenue Of The Americas Branch,0.995563,Inefficient
Huntington Branch,0.995458,Inefficient
Michigan Avenue Branch,0.995376,Inefficient
Third Avenue & 41st Street Branch,0.995291,Inefficient
Cincinnati Downtown Branch,0.995137,Inefficient
Madison Avenue & 72nd Street Branch,0.994821,Inefficient
Columbus Circle Banking Center Branch,0.994752,Inefficient
Chase Center Branch,0.994751,Inefficient
Milwaukee Avenue Branch,0.99468,Inefficient
Boro Park Branch,0.994594,Inefficient
Randhurst Branch,0.994542,Inefficient
Union Square Branch,0.994488,Inefficient
Chinatown Branch,0.994332,Inefficient
Gm Building Banking Center Branch,0.994293,Inefficient
Se 2nd Street Branch,0.993838,Inefficient
New York Life Branch,0.99355,Inefficient
Park Ridge Facility Branch,0.993467,Inefficient
Water Street Branch,0.993209,Inefficient
Garment Center Branch,0.992962,Inefficient
Park Avenue and 55th St Branch,0.992962,Inefficient
Winnetka Branch,0.992683,Inefficient
Radio City Branch,0.992642,Inefficient
Downtown Flushing Branch,0.992079,Inefficient
Place St. Charles Branch,0.991783,Inefficient
Grand Central Place,0.99079,Inefficient
Broadway and Fulton Branch,0.99048,Inefficient
Chase Center Seattle Branch,0.989955,Inefficient
Downtown Forth Worth Branch,0.989119,Inefficient
Louisville Main Branch,0.988101,Inefficient
Chase Plaza Branch,0.987768,Inefficient
Austin Downtown Sixth St Branch,0.987652,Inefficient
Exxon Building Branch,0.986836,Inefficient
Denver Bank One Branch,0.979561,Inefficient
Noriega and 19th Branch,0.978345,Inefficient
Downtown Main Milwaukee Branch,0.97696,Inefficient
Firewheel Banking Center Branch,0.976076,Inefficient
888 West 7th Street Branch,0.972495,Inefficient
Baton Rouge Main Branch,0.968292,Inefficient
Circle Branch,0.96719,Inefficient
Fifth Avenue & 44th Street Banking Center Branch,0.956288,Inefficient
Chase Tower Branch,0.950299,Inefficient
Broad St Downtown Branch,0.948266,Inefficient
One Utah Branch,0.941927,Inefficient
Empire State Branch,0.900981,Inefficient
Detroit Main Branch,0.876101,Inefficient
Dallas Main Banking Center Branch,0.838524,Inefficient
Chicago's Main Office Branch,0.768038,Inefficient
Houston Main Office,0.63263,Inefficient
Madison Ave Abd 48th St Branch,0.562486,Inefficient
JPMorgan Chase Bank Main Office,0.0,Inefficient
Madison and 48th St Branch,0.0,Inefficient
